,jed,sun_rise_time,sun_set_time,dusk_time,dawn_time,venus_rise_time,venus_set_time,visible_at_down,visible_after_dawn,visible_at_dusk,visible_before_dusk,az_horizon,az_twilight,el_twilight
0,625333.0,625333.6970513051,625333.1414115846,625333.6410866515,625333.1974123745,625333.7843018747,625333.2435252925,True,True,False,False,251.22706182492522,243.76428785474255,13.499763026598067
1,625334.0,625334.6971251362,625334.1417991803,625334.641206569,625334.1977562298,625334.7842872296,625334.2446412963,True,True,False,False,251.68170653683794,244.08888576485825,13.772540291480865
2,625335.0,625335.6971820528,625335.14219034,625335.6413122419,625335.1981009108,625335.7842477215,625335.24574586,True,True,False,False,252.14394641910772,244.423810920999,14.04311823545092
3,625336.0,625336.6972219765,625336.1425847011,625336.6414034988,625336.1984461596,625336.7841839134,625336.2468388297,True,True,False,False,252.61348094341108,244.7687627948413,14.311442216994873
4,625337.0,625337.6972448367,625337.1429818997,625337.6414801815,625337.1987916902,625337.784096376,625337.2479200854,True,True,False,False,253.09006422293788,245.12357746184512,14.577575415362542
5,625338.0,625338.6972505711,625338.1433815693,625338.6415421283,625338.1991372408,625338.7839856851,625338.2489895362,True,True,False,False,253.57342305012133,245.48795439368698,14.841536613574148
6,625339.0,625339.6972399328,625339.1437833388,625339.6415891838,625339.199482533,625339.7838524212,625339.2500471182,True,True,False,False,254.0633661796647,245.86175698658343,15.103045773873717
7,625340.0,625340.6972104562,625340.1441868346,625340.6416211979,625340.1998272943,625340.7836971686,625340.2510927913,True,True,False,False,254.55956576248778,246.24465739145435,15.362072160409989
8,625341.0,625341.6971645278,625341.1445916805,625341.641638033,625341.200171264,625341.7835205151,625341.2521265405,True,True,False,False,255.06183055329385,246.63646436300294,15.61849965996707
9,625342.0,625342.6971013157,625342.1449975001,625342.6416395459,625342.2005141597,625342.7833230512,625342.2531483734,True,True,False,False,255.5698600237594,247.0368773729058,15.87232144235579
10,625343.0,625343.6970208043,625343.145403916,625343.6416256173,625343.2008557264,625343.7831053685,625343.254158319,True,True,False,False,256.083435607831,247.44567785510938,16.1236399604137
11,625344.0,625344.6969229861,625344.1458105515,625344.6415961217,625344.2011957,625344.7828680589,625344.2551564251,True,True,False,False,256.60228409794183,247.86259260204696,16.37238349715452
12,625345.0,625345.6968078609,625345.1462170272,625345.6415509369,625345.2015338136,625345.7826117126,625345.2561427574,True,True,False,False,257.1261869280385,248.28732108539504,16.61857595824034
13,625346.0,625346.6966754342,625346.1466229632,625346.641489954,625346.2018698025,625346.7823369158,625346.2571173946,True,True,False,False,257.65489821131087,248.71964473910018,16.86218660781989
14,625347.0,625347.6965257179,625347.1470279775,625347.641413065,625347.202203411,625347.782044251,625347.2580804273,True,True,False,False,258.1881174194354,249.15926303483886,17.103218860987763
15,625348.0,625348.6963587306,625348.1474316888,625348.6413201689,625348.2025343677,625348.7817342964,625348.2590319565,True,True,False,False,258.7256533071154,249.60590276504433,17.341647104534566
16,625349.0,625349.6961745017,625349.1478337217,625349.6412108546,625349.2028624336,625349.7814076259,625349.2599720936,True,True,False,False,259.26720534602737,250.0592634013931,17.577514027142616
17,625350.0,625350.6959730745,625350.148233711,625350.6410843302,625350.2031883931,625350.7810648116,625350.2609009643,True,True,False,False,259.81258229087456,250.51929030237181,17.810433723123808
18,625351.0,625351.6957545108,625351.1486313092,625351.640947273,625351.2035113607,625351.7807064217,625351.2618187072,True,True,False,False,260.36148361333346,250.98551901511686,18.040645249099086
19,625352.0,625352.6955188911,625352.1490261888,625352.6407880747,625352.2038250383,625352.7803330214,625352.262725476,True,True,False,False,260.9137180681073,251.4565835017943,18.270069595772522
20,625353.0,625353.6952663166,625353.1494180434,625353.640612503,625353.2041408143,625353.77994517,625353.2636214355,True,True,False,False,261.4690124476294,251.93434157385838,18.495050904390865
21,625354.0,625354.6949969088,625354.1498065856,625354.6404205128,625354.2044527603,625354.7795434215,625354.2645067596,True,True,False,False,262.0271481858461,252.41742719347502,18.717395759989582
22,625355.0,625355.6947108095,625355.1501915492,625355.6402178747,625355.2047550017,625355.7791283266,625355.2653816303,True,True,False,False,262.5878793959475,252.904501643567,18.938932945718946
23,625356.0,625356.6944081809,625356.1505726879,625356.639993162,625356.2050589912,625356.7787004348,625356.2662462383,True,True,False,False,263.15098751188003,253.39745005634515,19.15598952735278
24,625357.0,625357.6940892062,625357.1509497797,625357.6397541637,625357.2053574465,625357.7782602988,625357.2671007875,True,True,False,False,263.71619932607695,253.8946331864087,19.370848495621164
25,625358.0,625358.6937540874,625358.1513226288,625358.6394990827,625358.2056508182,625358.7778084753,625358.2679454961,True,True,False,False,264.2833235932414,254.39591442997428,19.583289576923363
26,625359.0,625359.6934030442,625359.1516910673,625359.6392280144,625359.2059397649,625359.7773455267,625359.268780601,True,True,False,False,264.85208710580673,254.9011298625018,19.793106158036984
27,625360.0,625360.6930363111,625360.1520549536,625360.6389410923,625360.2062242619,625360.7768720209,625360.2696063581,True,True,False,False,265.42232593923273,255.4100062764244,20.00031872952954
28,625361.0,625361.6926541338,625361.1524141724,625361.6386384493,625361.2065043006,625361.7763885285,625361.2704230417,True,True,False,False,265.993739565196,255.92229778493206,20.20492387630644
29,625362.0,625362.6922567659,625362.1527686296,625362.6383202333,625362.2067798917,625362.7758956216,625362.2712309407,True,True,False,False,266.5661913799131,256.43770385970123,20.40689940025289
30,625363.0,625363.6918444666,625363.1531182486,625363.6379865987,625363.2070510676,625363.775393869,625363.2720303566,True,True,False,False,267.13940817581727,256.9559786139218,20.606257254199928
31,625364.0,625364.6914174976,625364.1534629655,625364.6376377029,625364.2073178672,625364.7748838344,625364.2728215964,True,True,False,False,267.71322602836835,257.4768761607836,20.803016221167777
32,625365.0,625365.6909761217,625365.1538027255,625365.6372737181,625365.2075803358,625365.7743660754,625365.2736049693,True,True,False,False,268.2873717299997,258.0000959719633,20.997201914365828
33,625366.0,625366.6905206027,625366.1541374798,625366.636894804,625366.2078385296,625366.7738411415,625366.2743807838,True,True,False,False,268.86170867692766,258.5254194814073,21.188776767753637
34,625367.0,625367.6900512055,625367.1544671853,625367.6365011284,625367.2080924932,625367.7733095745,625367.2751493435,True,True,False,False,269.43601830309905,259.0525734815489,21.377769809635183
35,625368.0,625368.6895681957,625368.1547918038,625368.6360928725,625368.2083422856,625368.7727719094,625368.2759109477,True,True,False,False,270.01005472170357,259.5813120855779,21.56421519095631
36,625369.0,625369.6890718408,625369.1551113022,625369.635670196,625369.2085879749,625369.7722286743,625369.2766658899,True,True,False,False,270.5836540082013,260.1113894066843,21.74811291171703
37,625370.0,625370.688562409,625370.1554256522,625370.6352332929,625370.2088296162,625370.7716803909,625370.2774144565,True,True,False,False,271.15659759653863,260.64250491654445,21.929498830410473
38,625371.0,625371.6880401692,625371.1557348301,625371.6347823335,625371.2090672796,625371.7711275748,625371.2781569266,True,True,False,False,271.72869424141885,261.17446736986176,22.108347333827254
39,625372.0,625372.6875053879,625372.1560388154,625372.6343175044,625372.2093010299,625372.7705707329,625372.2788935695,True,True,False,False,272.29975269754533,261.7069762383126,22.28472672385908
40,625373.0,625373.6869583298,625373.1563375874,625373.6338389829,625373.209530933,625373.7700103635,625373.2796246419,True,True,False,False,272.86952707810775,262.23978563508695,22.458613094843848
41,625374.0,625374.6863992552,625374.1566311249,625374.6333469424,625374.209757049,625374.7694469551,625374.280350385,True,True,False,False,273.43785345856617,262.7726496733747,22.630040597727415
42,625375.0,625375.6858284199,625375.1569194035,625375.6328415737,625375.2099794371,625375.7688809843,625375.2810710212,True,True,False,False,274.0045405936238,263.30529514560897,22.79901435515165
43,625376.0,625376.6852460755,625376.157202397,625376.6323230364,625376.2101981504,625376.7683129166,625376.2817867515,True,True,False,False,274.5693425964705,263.83750348573636,22.965534367116565
44,625377.0,625377.6846524726,625377.1574800794,625377.6317915068,625377.2104132387,625377.7677432064,625377.2824977548,True,True,False,False,275.1320682218095,264.3689741654334,23.129696256270527
45,625378.0,625378.684047862,625378.1577524303,625378.6312471704,625378.2106247585,625378.767172297,625378.28320419,True,True,False,False,275.6924989035874,264.8995159394033,23.2913958622287
46,625379.0,625379.6834324987,625379.1580194393,625379.630690208,625379.210832769,625379.7666006174,625379.2839061944,True,True,False,False,276.2504433965074,265.42877363780923,23.450721977450296
47,625380.0,625380.6828066406,625380.1582811081,625380.6301208063,625380.2110373442,625380.7660285789,625380.2846038828,True,True,False,False,276.8056558137594,265.9565833361111,23.607667771746144
48,625381.0,625381.6821705473,625381.1585374491,625381.629539157,625381.2112385638,625381.7654565705,625381.2852973423,True,True,False,False,277.3579722308033,266.4826718267422,23.762151282846197
49,625382.0,625382.681524483,625382.1587884829,625382.6289454706,625382.2114365147,625382.7648849599,625382.2859866284,True,True,False,False,277.907146760829,267.0067659021356,23.91425105792592
50,625383.0,625383.6808687174,625383.1590342403,625383.6283399413,625383.211631289,625383.764314098,625383.2866717668,True,True,False,False,278.45298815853977,267.5286743169946,24.06387318188422
51,625384.0,625384.6802035302,625384.1592747655,625384.6277228027,625384.211822993,625384.7637443258,625384.2873527575,True,True,False,False,278.99527785788206,268.04815118450915,24.211022777362974
52,625385.0,625385.6795292154,625385.1595101231,625385.6270942818,625385.2120117532,625385.7631759814,625385.2880295834,True,True,False,False,279.53379729280255,268.564950617869,24.35563495756507
53,625386.0,625386.6788460794,625386.1597404005,625386.6264546373,625386.2121977081,625386.7626094024,625386.288702216,True,True,False,False,280.06832789724774,269.07882673026404,24.497711430037796
54,625387.0,625387.6781544408,625387.159965711,625387.6258041332,625387.2123810239,625387.7620449278,625387.2893706195,True,True,False,False,280.5986784259209,269.5895882763976,24.637161694774655
55,625388.0,625388.6774546271,625388.1601861899,625388.6251430422,625388.2125618946,625388.7614828956,625388.2900347519,True,True,False,False,281.12465763352526,270.0970166902162,24.773925987620405
56,625389.0,625389.676746971,625389.1604019939,625389.6244716599,625389.212740517,625389.7609236406,625389.2906945623,True,True,False,False,281.64601963325066,270.6008660849097,24.90798040291295
57,625390.0,625390.6760318065,625390.1606132931,625390.623790269,625390.2129171168,625390.7603674899,625390.2913499896,True,True,False,False,282.1625731798004,271.10091789442464,25.039239563287673
58,625391.0,625391.6753094683,625391.1608202681,625391.6230991686,625391.2130919124,625391.7598147606,625391.2920009561,True,True,False,False,282.67412702787766,271.597008194221,25.167647119683913
59,625392.0,625392.6745802877,625392.1610231057,625392.6223986418,625392.2132651329,625392.7592657551,625392.2926473641,True,True,False,False,283.1805172529424,272.08889109748867,25.29314672304102
60,625393.0,625393.6738445931,625393.1612219955,625393.6216889829,625393.2134370053,625393.7587207605,625393.2932890919,True,True,False,False,283.68147064742783,272.5763753589308,25.415644458257905
61,625394.0,625394.6731027099,625394.1614171278,625394.6209704754,625394.2136077648,625394.758180045,625394.2939259894,True,True,False,False,284.1768779283072,273.05926973325074,25.53507885363204
62,625395.0,625395.6723549606,625395.1616086932,625395.6202434115,625395.2137776313,625395.7576438598,625395.2945578771,True,True,False,False,284.6664932087704,273.53735565439496,25.651410635575697
63,625396.0,625396.6716016654,625396.1617968818,625396.61950808,625396.2139468394,625396.7571124362,625396.295184544,True,True,False,False,285.1501252435207,274.0104418770667,25.764503200305477
64,625397.0,625397.6708431435,625397.1619818844,625397.6187647564,625397.2141156072,625397.7565859875,625397.2958057474,True,True,False,False,285.6276101080179,274.47839179748263,25.874274585551337
65,625398.0,625398.6700797123,625398.1621638918,625398.6180137339,625398.2142841562,625398.7560647088,625398.2964212131,True,True,False,False,286.0987565569654,274.94095952883254,25.98063941394865
66,625399.0,625399.669311688,625399.1623430944,625399.6172553011,625399.2144527042,625399.7555487752,625399.2970306345,True,True,False,False,286.5633460243096,275.39795382581974,26.08354133643677
67,625400.0,625400.6685393834,625400.1625196799,625400.6164897392,625400.2146214786,625400.755038342,625400.2976336712,True,True,False,False,287.02124190626733,275.84923808466084,26.182816428475615
68,625401.0,625401.6677631077,625401.1626938323,625401.6157173339,625401.2147906828,625401.7545335407,625401.2982299463,True,True,False,False,287.47219831602825,276.2945664185457,26.27839468062619
69,625402.0,625402.6669831639,625402.1628657284,625402.614938365,625402.2149605226,625402.7540344775,625402.2988190425,True,True,False,False,287.9160513290523,276.73382954444753,26.370163394767186
70,625403.0,625403.6661998492,625403.1630355362,625403.614153101,625403.2151311826,625403.7535412302,625403.2994004984,True,True,False,False,288.35263702079953,277.1667815755563,26.457967184094993
71,625404.0,625404.6654134546,625404.1632034134,625404.6133618145,625404.2153028529,625404.7530538433,625404.2999738026,True,True,False,False,288.78170950445974,277.59331322884526,26.541708718413936
72,625405.0,625405.6646242659,625405.1633695089,625405.6125647698,625405.2154756918,625405.7525723279,625405.300538392,True,True,False,False,289.20313217624954,278.0131512967476,26.621275299602704
73,625406.0,625406.6638325644,625406.1635339656,625406.6117622401,625406.2156498667,625406.7520966558,625406.3010936482,True,True,False,False,289.6166864701155,278.4262138169933,26.696473974817252
74,625407.0,625407.663038628,625407.163696924,625407.6109544782,625407.2158255294,625407.751626753,625407.3016388966,True,True,False,False,290.0221538200041,278.8322822235289,26.76720399876732
75,625408.0,625408.6622427283,625408.1638585224,625408.61014174,625408.2160028397,625408.7511624901,625408.3021733998,True,True,False,False,290.41939762213207,279.2311925918143,26.83324168275759
76,625409.0,625409.6614451283,625409.1640188936,625409.6093300728,625409.2161819421,625409.7507036743,625409.302696353,True,True,False,False,290.80819931044584,279.6227809973095,26.89441627205881
77,625410.0,625410.6606460859,625410.1641781642,625410.6085081426,625410.2163571833,625410.7502500489,625410.3032068778,True,True,False,False,291.1883676396488,280.0062551380707,26.952380672450122
78,625411.0,625411.6598458581,625411.1643364567,625411.6076819906,625411.216540275,625411.7498012993,625411.3037040259,True,True,False,False,291.5597386852007,280.38281712739183,27.0032006949696
79,625412.0,625412.6590447109,625412.164493897,625412.6068518677,625412.2167255646,625412.7493570647,625412.3041867886,True,True,False,False,291.9221212018049,280.75164734257254,27.048496801997832
80,625413.0,625413.6582429244,625413.1646506237,625413.6060180493,625413.2169131913,625413.7489169475,625413.3046541091,True,True,False,False,292.2753239441646,281.11260917982935,27.088029936913866
81,625414.0,625414.6574407942,625414.1648067958,625414.6051808258,625414.217103326,625414.7484805172,625414.3051048939,True,True,False,False,292.6191829877397,281.4655933561356,27.12151835441444
82,625415.0,625415.6566386293,625415.164962593,625415.6043405022,625415.2172961466,625415.7480473104,625415.3055380185,True,True,False,False,292.9535070872335,281.8104905884646,27.148671771459824
83,625416.0,625416.655836747,625416.1651182135,625416.6034974001,625416.2174918635,625416.747616827,625416.3059523313,True,True,False,False,293.27813231810586,282.1472189145462,27.169165754064448
84,625417.0,625417.6550354715,625417.1652738694,625417.6026518424,625417.2176906851,625417.7471885278,625417.3063466521,True,True,False,False,293.5929220765734,282.4756417305971,27.18276124560736
85,625418.0,625418.6542351283,625418.1654297821,625418.6018041504,625418.2178928248,625418.7467618287,625418.3067197714,True,True,False,False,293.89771243809605,282.7957317158606,27.18911332153547
86,625419.0,625419.6534360442,625419.165586178,625419.6009546589,625419.2180985203,625419.7463360976,625419.3070704471,True,True,False,False,294.19233947813376,283.1074069080666,27.187866812011944
87,625420.0,625420.6526385436,625420.1657432842,625420.6001036917,625420.2183079821,625420.7459106494,625420.3073974014,True,True,False,False,294.4766939136597,283.4106126657018,27.178692160409323
88,625421.0,625421.6518429492,625421.1659013252,625421.5992515829,625421.2185214374,625421.7454847421,625421.3076993169,True,True,False,False,294.7506391408906,283.7053216680095,27.161270055383913
89,625422.0,625422.6510495807,625422.1660605227,625422.5983986623,625422.2187390993,625422.745057574,625422.3079748335,True,True,False,False,295.01406587679963,283.99153391498976,27.135178732754465
90,625423.0,625423.6502587562,625423.1662210925,625423.5975452489,625423.2189611688,625423.7446282816,625423.3082225479,True,True,False,False,295.2668101968468,284.2691947651291,27.1000715604206
91,625424.0,625424.6494707929,625424.166383246,625424.5966916761,625424.2191878532,625424.7441959386,625424.3084410124,True,True,False,False,295.50884478027535,284.5383315391843,27.05555580250504
92,625425.0,625425.6486860069,625425.1665471906,625425.5958382749,625425.219419344,625425.7437595567,625425.3086287361,True,True,False,False,295.7399783817886,284.7989442371553,27.00125579860344
93,625426.0,625426.6479047153,625426.1667131293,625426.5949854233,625426.2196558109,625426.7433180856,625426.3087841873,True,True,False,False,295.96018368062977,285.0510601797988,26.936679775095556
94,625427.0,625427.6471272358,625427.1668812614,625427.5941335334,625427.2198973015,625427.7428704125,625427.3089057952,True,True,False,False,296.1693513937723,285.29476132938487,26.861481099881008
95,625428.0,625428.6463538855,625428.1670517803,625428.5932828179,625428.2201441465,625428.742415363,625428.30899195,True,True,False,False,296.367399558946,285.53007500667013,26.77517312198143
96,625429.0,625429.6455849805,625429.1672248726,625429.5924336023,625429.2203965149,625429.7419516975,625429.3090398484,True,True,False,False,296.55424621388084,285.757137815438,26.677243577209083
97,625430.0,625430.6448208347,625430.1674007156,625430.5915862315,625430.2206545635,625430.7414781093,625430.3090512643,True,True,False,False,296.7298367170635,285.9760043972019,26.567236550436856
98,625431.0,625431.6440617577,625431.1675794739,625431.5907410436,625431.2209184209,625431.7409932187,625431.3090209966,True,True,False,False,296.89411642698064,286.1867567142318,26.444696126537657
99,625432.0,625432.6433080544,625432.1677612981,625432.5898983666,625432.2211882193,625432.7404955672,625432.3089484107,True,True,False,False,297.04700338136223,286.38961333258123,26.30905881490496
100,625433.0,625433.6425600238,625433.1679463228,625433.5890585398,625433.2214640526,625433.7399836106,625433.3088316582,True,True,False,False,297.18844293869483,286.5846835352768,26.159795275878086
101,625434.0,625434.6418179581,625434.1681346688,625434.5882218853,625434.2217460134,625434.7394557106,625434.3086688255,True,True,False,False,297.3184350989785,286.7721039261019,25.996412028289505
102,625435.0,625435.6410821399,625435.1683264421,625435.5873887263,625435.222034168,625435.7389101235,625435.308457928,True,True,False,False,297.4368705791866,286.9520930711101,25.818260204168062
103,625436.0,625436.6403528387,625436.1685217333,625436.5865593725,625436.2223285577,625436.7383449874,625436.3081969009,True,True,False,False,297.54377670007557,287.1248968571114,25.624786558190987
104,625437.0,625437.6396303074,625437.1687206144,625437.5857341278,625437.2226292207,625437.7377583128,625437.307883593,True,True,False,False,297.6390988201323,287.29070652940266,25.41536783559652
105,625438.0,625438.6389147846,625438.1689231363,625438.5849132695,625438.2229361573,625438.7371479818,625438.3075157609,True,True,False,False,297.7228369393566,287.44984993706396,25.18928345142722
106,625439.0,625439.6382065045,625439.1691293337,625439.5840970905,625439.2232493483,625439.736511759,625439.3070910734,True,True,False,False,297.7949364162353,287.6026002876621,24.94592893394154
107,625440.0,625440.6375057073,625440.1693392335,625440.5832858802,625440.2235687759,625440.735847309,625440.3066071239,True,True,False,False,297.8554518922816,287.749312751034,24.684482952891795
108,625441.0,625441.636812649,625441.1695528685,625441.5824799462,625441.2238944141,625441.7351522136,625441.3060614478,True,True,False,False,297.9043560467389,287.8903151762597,24.404284687475776
109,625442.0,625442.6361276023,625442.169770285,625442.5816796229,625442.224226248,625442.7344239824,625442.3054515377,True,True,False,False,297.94164887960716,288.02601737468956,24.104526467824133
110,625443.0,625443.6354508547,625443.1699915449,625443.5808852612,625443.2245642812,625443.7336600586,625443.3047748562,True,True,False,False,297.9673577116431,288.1568564784303,23.784378425952713
111,625444.0,625444.6347827022,625444.1702167233,625444.58009722,625444.2249085224,625444.732857821,625444.3040288403,True,True,False,False,297.98148254284666,288.28324229883225,23.443089241052807
112,625445.0,625445.6341234467,625445.1704459044,625445.5793158713,625445.2252589931,625445.7320145869,625445.3032109078,True,True,False,False,297.984105335488,288.4056939302722,23.079769280985026
113,625446.0,625446.6334733921,625446.1706791758,625446.5785415806,625446.2256157118,625446.7311276146,625446.302318458,True,True,False,False,297.97522608956695,288.5247304671272,22.69360746078543
114,625447.0,625447.6328328438,625447.1709166258,625447.5777747352,625447.2259786966,625447.7301941051,625447.3013488722,True,True,False,False,297.954899446597,288.6408983245308,22.283715855861917
115,625448.0,625448.6322021058,625448.1711583398,625448.5770157068,625448.2263479513,625448.7292112033,625448.3002995141,True,True,False,False,297.9232073688481,288.7547985591299,21.849227032189898
116,625449.0,625449.6315814797,625449.1714043966,625449.5762648814,625449.2267234769,625449.7281760005,625449.2991677274,True,True,False,False,297.8801771770771,288.8670049068149,21.389287216123115
117,625450.0,625450.6309712634,625450.1716548661,625450.5755226378,625450.2271052647,625450.7270855368,625450.2979508357,True,True,False,False,297.8259181543105,288.97822770725935,20.90297262457633
118,625451.0,625451.630371752,625451.1719098086,625451.574789362,625451.2274932881,625451.7259368077,625451.2966461452,True,True,False,False,297.76048494206174,289.0890680171103,20.389410700883072
119,625452.0,625452.6297832378,625452.172169274,625452.5740657417,625452.2278871842,625452.7247267722,625452.2952509485,True,True,False,False,297.6839321818442,289.2002908175548,19.84778352989023
120,625453.0,625453.6292060108,625453.1724333016,625453.5733520082,625453.2282870773,625453.7234523641,625453.2937625339,True,True,False,False,297.5963964774414,289.3126064482665,19.27714513039776
121,625454.0,625454.6286403604,625454.1727019213,625454.5726484586,625454.2286929748,625454.7221105068,625454.2921781957,True,True,False,False,297.49795979112315,289.4268072111891,18.67658196460417
122,625455.0,625455.6280865744,625455.1729751541,625455.5719554755,625455.2291047968,625455.7206981285,625455.2904952473,True,True,False,False,297.38867676440293,289.54371272902307,18.045219768295702
123,625456.0,625456.6275449404,625456.17325301,625456.5712734741,625456.2295224491,625456.7192121784,625456.2887110366,True,True,False,False,297.26865668030746,289.66411530371204,17.382199645184226
124,625457.0,625457.6270157446,625457.1735354888,625457.5705970613,625457.2299515954,625457.7176508296,625457.2868229591,True,True,False,False,297.13798150110676,289.7895995391435,16.684857821493434
125,625458.0,625458.6264992701,625458.1738225766,625458.5699382131,625458.2303805235,625458.7160088692,625458.284828472,True,True,False,False,296.99697907588103,289.9197009824539,15.956039071012638
126,625459.0,625459.6259957945,625459.1741142438,625459.569291551,625459.2308148688,625459.7142844773,625459.2827251072,True,True,False,False,296.84537619706344,290.055976916774,15.19287300674314
127,625460.0,625460.6255055878,625460.1744104426,625460.5686574746,625460.2312544555,625460.7124748356,625460.2805104833,True,True,False,False,296.6834187514641,290.1994108893443,14.394398279559262
128,625461.0,625461.625028909,625461.1747111038,625461.5680363862,625461.2316990687,625461.7105772158,625461.2781823198,True,True,False,False,296.5112433428664,290.3509044851352,13.561146790442617
129,625462.0,625462.6245660016,625462.1750161359,625462.5674286678,625462.2321484822,625462.7085889913,625462.2757384516,True,True,False,False,296.3289592542971,290.5114685721438,12.691931794024917
130,625463.0,625463.6241170901,625463.1753254225,625463.5668289011,625463.232608215,625463.7065076525,625463.2731768496,True,True,False,False,296.13667576878294,290.68285167879776,11.784537747694138
131,625464.0,625464.6236823734,625464.1756388203,625464.5662490174,625464.2330663964,625464.7043308236,625464.2704956452,True,True,False,False,295.93452949010725,290.86467131450354,10.842182524323004
132,625465.0,625465.6232620215,625465.1759561549,625465.5656831312,625465.2335289363,625465.7020562924,625465.2676931617,True,True,False,False,295.7226843428101,291.05878529071526,9.862850364332711
133,625466.0,625466.6228561786,625466.1762772216,625466.5651308863,625466.2339960876,625466.6996820495,625466.2647679565,True,True,False,False,295.501276930675,291.2663683999703,8.846422593186434
134,625467.0,625467.6224649735,625467.1766017876,625467.5645935482,625467.2344664834,625467.6972063468,625467.2617188769,True,True,False,False,295.2704711782419,291.48845883102246,7.793712857169049
135,625468.0,625468.6220885317,625468.1769296038,625468.5640714141,625468.2349397205,625468.6946277651,625468.2585451307,True,True,False,False,295.0305402930777,291.72617673489555,6.705736720032772
136,625469.0,625469.6217269858,625469.1772604173,625469.563564782,625469.235415381,625469.6919452844,625469.2552463664,True,True,False,False,294.7816755204791,291.98080618715363,5.584352847005493
137,625470.0,625470.6213804793,625470.1775939805,625470.5630739593,625470.235893035,625470.6891583502,625470.2518227552,True,True,False,False,294.52415006801294,292.25346733882054,4.433042927016627
138,625471.0,625471.6210491636,625471.1779300554,625471.562599281,625471.2363722876,625471.6862669312,625471.2482750693,True,True,False,False,294.2583191055161,292.54547158621693,3.257911441636872
139,625472.0,625472.620733192,625472.1782684112,625472.5621410654,625472.2368527144,625472.6832715722,625472.2446047545,True,True,False,False,293.9845104820686,292.85799372188006,2.07071037166347
140,625473.0,625473.6204327156,625473.1786088212,625473.5616996518,625473.237333929,625473.6801734413,625473.2408139964,True,True,False,False,293.7031613297774,293.1923178213738,0.8939700032082065
141,625474.0,625474.6201478827,625474.1789510611,625474.5612753566,625474.2378155143,625474.6769743788,625474.2369057788,True,False,False,False,293.4147634222628,,
142,625475.0,625475.6198788357,625475.1792949054,625475.5608685116,625475.2382970745,625475.6736768975,625475.2328838524,True,False,False,False,293.11986317465835,,
143,625476.0,625476.6196257106,625476.179640125,625476.5604794278,625476.2387782021,625476.670284251,625476.2287529917,True,False,False,False,292.81914360588104,,
144,625477.0,625477.619388635,625477.179986486,625477.5601084091,625477.2392584672,625477.6668004121,625477.2245188076,True,False,False,False,292.5132604140912,,
145,625478.0,625478.6191677263,625478.1803337457,625478.5597557692,625478.2397374525,625478.6632300809,625478.2201878221,True,False,False,False,292.2030332219892,,
146,625479.0,625479.6189630909,625479.1806816531,625479.559421789,625479.2402147284,625479.6595786719,625479.2157674634,True,False,False,False,291.8893636145455,,
147,625480.0,625480.6187748252,625480.1810299477,625480.559106753,625480.2406898348,625480.6558522929,625480.2112660443,True,False,False,False,291.573207818244,,
148,625481.0,625481.6186030144,625481.1813783594,625481.5588109359,625481.2411623296,625481.6520577068,625481.2066927233,True,False,False,False,291.25563134259505,,
149,625482.0,625482.6184477352,625482.18172661,625482.5585345891,625482.2416317371,625482.6482022859,625482.2020574503,True,False,False,False,290.9377816593793,,
150,625483.0,625483.6183090548,625483.1820744134,625483.5582779733,625483.2420975977,625483.6442939453,625483.1973708868,True,False,False,False,290.6208335611341,,
151,625484.0,625484.6181870329,625484.1824214761,625484.5580413266,625484.2425594319,625484.6403410668,625484.1926443097,True,False,False,False,290.3060711234232,,
152,625485.0,625485.6180817208,625485.1827674981,625485.5578248949,625485.2430167433,625485.6363524024,625485.1878894914,True,False,False,False,289.99483306332405,,
153,625486.0,625486.6179931599,625486.1831121708,625486.5576288919,625486.2434690553,625486.6323369695,625486.1831185601,True,False,False,False,289.6884307771573,,
154,625487.0,625487.6179213794,625487.1834551764,625487.557453532,625487.2439158515,625487.6283039313,625487.1783438474,False,False,False,False,361.0,,
155,625488.0,625488.6178663915,625488.1837961848,625488.5572990084,625488.2443566384,625488.6242624763,625488.1735777245,False,False,False,False,361.0,,
156,625489.0,625489.6178281866,625489.1841348524,625489.5571654874,625489.2447908759,625489.620221694,625489.1688324388,False,False,False,False,361.0,,
157,625490.0,625490.6178062216,625490.1844708177,625490.5570531093,625490.2452180431,625490.6161904593,625490.1641199538,False,False,True,False,71.58177586032431,,
158,625491.0,625491.6178019405,625491.1848037005,625491.5569619669,625491.2456375769,625491.6121773273,625491.1594518013,False,False,True,False,71.83822897309078,,
159,625492.0,625492.6178137173,625492.1851330979,625492.5568921168,625492.2460489251,625492.6081904441,625492.1548389534,False,False,True,False,72.08148616038079,,
160,625493.0,625493.6178419061,625493.1854585845,625493.5568435575,625493.2464515,625493.6042374782,625493.1502917153,False,False,True,False,72.31050240325132,,
161,625494.0,625494.6178863188,625494.1857797112,625494.556816244,625494.2468447069,625494.6003255742,625494.1458196447,False,False,True,False,72.5243351355969,,
162,625495.0,625495.61794674,625495.1860960128,625495.5568101114,625495.2472279416,625495.5964613284,625495.141431497,False,False,True,False,72.72215107433881,,
163,625496.0,625496.6180229401,625496.1864070154,625496.5568250502,625496.2476005926,625496.5926507802,625496.1371351962,False,False,True,False,72.90323987980337,,
164,625497.0,625497.6181146852,625497.1867122483,625497.5568609479,625497.2479620693,625497.5888994113,625497.1329378244,False,False,True,False,73.0670209859111,,
165,625498.0,625498.6182217423,625498.1870112529,625498.5569176924,625498.2483118032,625498.5852121501,625498.1288456242,False,False,True,False,73.21303676998762,,
166,625499.0,625499.6183438788,625499.1873035871,625499.5569951475,625499.248649245,625499.5815933736,625499.1248640062,False,False,True,False,73.34094572257446,,
167,625500.0,625500.6184808577,625500.1875888263,625500.5570931785,625500.2489738676,625500.5780469147,625500.1209975642,False,False,True,False,73.45052927761814,,
168,625501.0,625501.6186324372,625501.1878665616,625501.5572116161,625501.2492851854,625501.5745760731,625501.1172500933,False,False,True,False,73.54168498228113,,
169,625502.0,625502.6187983674,625502.1881363997,625502.5573502949,625502.2495827312,625502.5711836338,625502.1136246165,False,False,True,False,73.61440600637425,,
170,625503.0,625503.6189783923,625503.1883979624,625503.5575090051,625503.2498660604,625503.5678718884,625503.1101234199,False,False,True,False,73.66881529330257,,
171,625504.0,625504.6191722497,625504.1886508847,625504.5576875391,625504.2501347695,625504.564642662,625504.1067480897,False,False,True,False,73.70511091855202,,
172,625505.0,625505.6193796687,625505.1888948153,625505.5578856615,625505.2503884548,625505.5614973418,625505.1034984859,False,False,True,False,73.72359341044609,,
173,625506.0,625506.6196003715,625506.1891294143,625506.558103125,625506.2506267662,625506.5584369113,625506.1003772041,False,False,True,False,73.72462476901076,,
174,625507.0,625507.619834071,625507.1893543531,625507.5583396478,625507.2508493469,625508.5525728567,625508.0945154333,False,False,True,True,73.70866261692044,74.131683552976,0.7694342569368648
175,625508.0,625508.6200804736,625508.1895693135,625508.5585949417,625508.2510558816,625509.5497694963,625509.0917722452,False,False,True,True,73.67621238817371,74.55661694199918,1.6666489735267978
176,625509.0,625509.6203392779,625509.1897739884,625509.5588686967,625509.2512460705,625510.5470516516,625510.0891526202,False,False,True,True,73.62782049790417,74.95114232883745,2.577702080261999
177,625510.0,625510.6206101777,625510.1899680821,625510.5591605849,625510.2514196342,625511.5444188374,625511.0866547199,False,False,True,True,73.56410849332629,75.31631156262301,3.4893150490657305
178,625511.0,625511.6208928635,625511.190151311,625511.5594702762,625511.2515763169,625512.5418703791,625512.0842764284,False,False,True,True,73.48571158203288,75.65322430381224,4.393490155306729
179,625512.0,625512.6211870247,625512.190323404,625512.5597973999,625512.2517158971,625513.5394054397,625513.0820153954,False,False,True,True,73.39330595275177,75.96295972229397,5.28540016278909
180,625513.0,625513.6214923507,625513.1904841037,625513.5601416149,625513.2518381547,625514.5370230409,625514.0798690722,False,False,True,True,73.28758828477832,76.24661064833543,6.16218386258081
181,625514.0,625514.6218085294,625514.1906331652,625514.5605025332,625514.2519429121,625515.534722083,625515.0778347435,False,False,True,True,73.16928940835369,76.50525625182547,7.0220052144556275
182,625515.0,625515.6221352457,625515.1907703546,625515.5608797773,625515.2520299986,625516.5325013581,625516.0759095564,False,False,True,True,73.03912649334076,76.7399893630313,7.86377010748587
183,625516.0,625516.6224721759,625516.190895448,625516.5612729411,625516.2520992772,625517.5303595641,625517.0740905448,False,False,True,True,72.8978576907374,76.95183451032842,8.686726793976012
184,625517.0,625517.6228189818,625517.1910082265,625517.5616816002,625517.2521506066,625518.5282953181,625518.0723746542,False,False,True,True,72.74622066097393,77.14187086360569,9.49054272909084
185,625518.0,625518.6231753046,625518.1911084745,625518.5621052987,625518.2521838731,625519.5263071719,625519.0707587653,False,False,True,True,72.58495989466994,77.3111024606711,10.274960073189186
186,625519.0,625519.62354076,625519.1911959755,625519.5625435316,625519.2521989703,625520.5243936293,625520.0692397191,False,False,True,True,72.41480622206657,77.46054016952179,11.039896864001008
187,625520.0,625520.6239149349,625520.19127051,625520.5629957713,625520.252195805,625521.5225531673,625521.0678133168,False,False,True,True,72.23649047340506,77.5911880279658,11.78540774303967
188,625521.0,625521.6242973891,625521.1913318553,625521.5634614364,625521.2521742815,625522.5207842591,625522.0664785719,False,False,True,True,72.05072981854822,77.70395445116272,12.51149185653152
189,625522.0,625522.6246876607,625522.1913797874,625522.5639399319,625522.2521343217,625523.5190853991,625523.0652311908,False,False,True,True,71.85822776698058,77.7998024957855,13.21833020448957
190,625523.0,625523.6250852747,625523.191414084,625523.564430619,625523.2520758547,625524.5174551243,625524.0640681079,False,False,True,True,71.65966733761914,77.87962008642627,13.906038900129705
191,625524.0,625524.6254897541,625524.1914345324,625524.5649328621,625524.2519988226,625525.5158920302,625525.0629863383,False,False,True,True,71.45572471919172,77.94428831748795,14.574863830262046
192,625525.0,625525.6259006285,625525.1914409348,625525.565446028,625525.2519031976,625526.5143947806,625526.0619829909,False,False,True,True,71.2470487796695,77.99462681167094,15.2253164053007
193,625526.0,625526.6263174389,625526.1914331138,625526.5659694797,625526.2517889771,625527.5129621092,625527.0610552758,False,False,True,True,71.03413812286186,78.0314893426215,15.856666648778122
194,625527.0,625527.6267397401,625527.1914109159,625527.5665025987,625527.2516561868,625528.5115928163,625528.0602005017,False,False,True,True,70.81793531487428,78.05564772171584,16.46927656072032
195,625528.0,625528.6271670982,625528.1913742116,625528.5670447567,625528.2515048719,625529.5102857654,625529.0594160727,False,False,True,True,70.5988843180028,78.0678874207085,17.06358498078147
196,625529.0,625529.6275990903,625529.1913228941,625529.5675953496,625529.2513351205,625530.5090398779,625530.0586994803,False,False,True,True,70.37756569832688,78.06893926984068,17.63968070142078
197,625530.0,625530.628035306,625530.1912568801,625530.5681537748,625530.2511470388,625531.5078541306,625531.0580482963,False,False,True,True,70.15456685211512,78.05958191067776,18.197811316995665
198,625531.0,625531.6284753457,625531.1911761083,625531.5687194356,625531.2509407654,625532.5067275509,625532.057460167,False,False,True,True,69.93044102469032,78.04047787156924,18.738026346377605
199,625532.0,625532.6289188238,625532.1910805395,625532.5692917433,625532.2507164506,625533.5056581737,625533.056932807,False,False,True,True,69.70574829156442,78.01236481294546,19.26052898769441
200,625533.0,625533.6293653673,625533.1909701554,625533.5698701324,625533.2504742806,625534.5046473083,625534.0564639922,False,False,True,True,69.4810145773035,77.97593258391262,19.76545584472948
201,625534.0,625534.6298146176,625534.190844958,625534.5704540336,625534.2502144672,625535.5036929538,625535.0560515579,False,False,True,True,69.2567726366628,77.93185737319853,20.252934983529755
202,625535.0,625535.6302662282,625535.1907049669,625535.5710428985,625535.2499372169,625536.5027943067,625536.055693392,False,False,True,True,69.03353473383011,77.88080853934186,20.723128621088016
203,625536.0,625536.6307198685,625536.1905502209,625536.5716361993,625536.2496427859,625537.501950599,625537.0553874339,False,False,True,True,68.81179947261481,77.82344861069208,21.17615970080933
204,625537.0,625537.6311752219,625537.1903807761,625537.5722334124,625537.2493314192,625538.5011610948,625538.0551316689,False,False,True,True,68.59206545682633,77.76044011559871,21.612178486855434
205,625538.0,625538.6316319886,625538.190196705,625538.5728340357,625538.2490034029,625539.500425088,625539.0549241251,False,False,True,True,68.3748039695174,77.69242509184373,22.031336950935362
206,625539.0,625539.6320898877,625539.1899980982,625539.5734375926,625539.2486590238,625540.4997418988,625540.054762868,False,False,True,True,68.16050678430824,77.62005240739828,22.433816093062116
207,625540.0,625540.6325486589,625540.1897850621,625540.5740436132,625540.2482985826,625541.4991108668,625541.0546459961,False,False,True,True,67.9496246936841,77.54395726985517,22.819725196262425
208,625541.0,625541.6330080628,625541.1895577209,625541.5746516818,625541.2479224029,625542.4985313502,625542.0545716346,False,False,True,True,67.74261532031936,77.4647748868072,23.18927770394784
209,625542.0,625542.633467881,625542.1893162138,625542.5752613734,625542.2475308061,625543.4980027073,625543.0545379305,False,False,True,True,67.53992945669923,77.38313363565804,23.542620465185525
210,625543.0,625543.6339279118,625543.1890606936,625543.5758723051,625543.2471241434,625544.4975242908,625544.054543044,False,False,True,True,67.34201106511976,77.29965506362215,23.87993447998848
211,625544.0,625544.6343879632,625544.1887913237,625544.5764840965,625544.2467027648,625545.4970954375,625545.0545851435,False,False,True,True,67.14927678712034,77.21496754810316,24.201441729504737
212,625545.0,625545.6348478456,625545.1885082717,625545.5770963801,625545.2462670064,625546.4967154572,625546.0546623995,False,False,True,True,66.96214326424034,77.12967214574805,24.507343704314806
213,625546.0,625546.6353073635,625546.1882117074,625546.5777087766,625546.2458172302,625547.4963836323,625547.0547729824,False,False,True,True,66.78102030782993,77.04436308301457,24.797845310093788
214,625547.0,625547.6357663111,625547.1879017977,625547.578320172,625547.2453545223,625548.4960992185,625548.054915064,False,False,True,True,66.60629040848268,76.95953896371219,25.072948254388976
215,625548.0,625548.6362244717,625548.1875787056,625548.5789302395,625548.2448791285,625549.4958614502,625549.0550868225,False,False,True,True,66.43832239641372,76.8757871841095,25.33288134853757
216,625549.0,625549.6366816191,625549.1872425906,625549.5795451325,625549.2443848405,625550.4956695503,625550.0552864489,False,False,True,True,66.27748510183827,76.79438498958129,25.580023205918017
217,625550.0,625550.6371375234,625550.18689361,625550.5801528706,625550.2438835645,625551.4955227375,625551.055512157,False,False,True,True,66.1241200342148,76.71459471969719,25.81090579797925
218,625551.0,625551.6375919557,625551.1865319221,625551.580758842,625551.243369853,625552.4954202354,625552.0557621901,False,False,True,True,65.97856187281265,76.63757067642696,26.02756281354664
219,625552.0,625552.6380446956,625552.1861576887,625552.5813626534,625552.2428440291,625553.4953612767,625553.056034829,False,False,True,True,65.84113163652283,76.5638319541475,26.23032551679493
220,625553.0,625553.6384955358,625553.1857710786,625553.5819639316,625553.2423064343,625554.4953451033,625554.0563283965,False,False,True,True,65.71214351404714,76.49384983591155,26.419333926602107
221,625554.0,625554.6389442845,625554.1853722688,625554.5825623283,625554.2417573922,625555.4953709659,625555.0566412578,False,False,True,True,65.59189803370906,76.42812292552853,26.594909061859163
222,625555.0,625555.6393907676,625555.1849614461,625555.5831633025,625555.2411914759,625556.4954381182,625556.056971821,False,False,True,True,65.48067523326458,76.36771673250892,26.759125592526487
223,625556.0,625556.6398348275,625556.1845388073,625556.5837549713,625556.2406205925,625557.4955458138,625557.0573185324,False,False,True,True,65.37875515046964,76.3118252945307,26.90852402778947
224,625557.0,625557.6402763233,625557.1841045588,625557.5843428317,625557.2400393086,625558.4956933006,625558.057679875,False,False,True,True,65.28639050232356,76.26147997015855,27.04517220741933
225,625558.0,625558.6407151299,625558.183658917,625558.5849266236,625558.2394479916,625559.4958798196,625559.0580543657,False,False,True,True,65.20382717563645,76.21711106131015,27.16937065973955
226,625559.0,625559.641151139,625559.1832021077,625559.5855061007,625559.2388469934,625560.4961046015,625560.0584405519,False,False,True,True,65.13130422702925,76.17908056801151,27.281355026276493
227,625560.0,625560.6415842588,625560.1827343665,625560.586081388,625560.238236331,625561.4963668664,625561.0588370126,False,False,True,True,65.06904022255542,76.14780513180203,27.381487307056172
228,625561.0,625561.6420144129,625561.1822559389,625561.5866519386,625561.2376167297,625562.4966658226,625562.0592423577,False,False,True,True,65.01724689807921,76.123578450816,27.469900690767403
229,625562.0,625562.6424415428,625562.1817670786,625562.5872175262,625562.2369886125,625563.4970006661,625563.0596552275,False,False,True,True,64.97612232908656,76.10674886470107,27.546883752902616
230,625563.0,625563.6428656061,625563.1812680494,625563.5877779843,625563.2363523641,625564.4973705811,625564.0600742947,False,False,True,True,64.94585093068507,76.09761690178077,27.612690918008397
231,625564.0,625564.6432865767,625564.1807591228,625564.5883331855,625564.2357083544,625565.4977747409,625565.0604982639,False,False,True,True,64.9265966274148,76.09648309037856,27.667569780442157
232,625565.0,625565.6437044474,625565.1802405787,625565.5888830223,625565.2350569662,625566.498212307,625566.0609258739,False,False,True,True,64.91853700419418,76.10362063806122,27.711796962865282
233,625566.0,625566.6441192296,625566.179712707,625566.5894274097,625566.2343985855,625567.4986824307,625567.0613558968,False,False,True,True,64.92180183461745,76.11930958258473,27.745676408695836
234,625567.0,625567.6445309557,625567.1791758067,625567.5899662855,625567.2337336148,625568.4991842532,625568.0617871387,False,False,True,True,64.93654138284634,76.14377532019172,27.769474495311453
235,625568.0,625568.644939681,625568.178630187,625568.5904996183,625568.2330624349,625569.499716904,625569.0622184393,False,False,True,True,64.9628785922859,76.17725690750312,27.7834490623533
236,625569.0,625569.6453454846,625569.1780761683,625569.591027413,625569.2323854599,625570.5002795004,625570.0626486714,False,False,True,True,65.00092957615205,76.21997974076154,27.787919421165075
237,625570.0,625570.6457484683,625570.1775140807,625570.5915496857,625570.2317030915,625571.5008711417,625571.0630767399,False,False,True,True,65.05080361747149,76.27213506526377,27.783167317050037
238,625571.0,625571.6461487524,625571.1769442621,625571.5920664851,625571.2310157362,625572.5014908959,625572.0635015785,False,False,True,True,65.11257584832508,76.3339004659282,27.76947108021687
239,625572.0,625572.6465464663,625572.1763670542,625572.5925778799,625572.2303238127,625573.5021377988,625573.0639221454,False,False,True,True,65.18634189136121,76.40546035786242,27.747141484272806
240,625573.0,625573.6469417389,625573.175782796,625573.5930839349,625573.2296277164,625574.5028108449,625574.0643374205,False,False,True,True,65.27214272771491,76.4869376844715,27.716458566973817
241,625574.0,625574.6473346902,625574.1751918201,625574.5935847105,625574.228927847,625575.5035089892,625575.064746405,False,False,True,True,65.37003982908871,76.57848270991718,27.677768960420277
242,625575.0,625575.647725428,625575.1745944505,625575.5940802525,625575.2282245804,625576.5042311545,625576.0651481252,False,False,True,True,65.48004685586093,76.68019105684785,27.631359532557333
243,625576.0,625576.6481140477,625576.1739910038,625576.5945706054,625576.227518288,625577.5049762432,625577.0655416374,False,False,True,True,65.60217746840993,76.79213102715518,27.57748641547886
244,625577.0,625577.6485006355,625577.1733817898,625577.595055804,625577.2268093375,625578.5057431478,625578.0659260359,False,False,True,True,65.73641800635735,76.9143914132984,27.516499656379814
245,625578.0,625578.648885271,625578.1727671146,625578.595535873,625578.2260980814,625579.5065307603,625579.066300458,False,False,True,True,65.88275480932488,77.04701319641255,27.448679293016173
246,625579.0,625579.6492680314,625579.1721472808,625579.5960108511,625579.2253848742,625580.5073379809,625580.0666640908,False,False,True,True,66.04114689617748,77.19002369725428,27.374300240502027
247,625580.0,625580.6496489919,625580.1715225875,625580.5964807613,625580.2246700603,625581.5081637234,625581.0670161734,False,False,True,True,66.21154645559096,77.34343657620192,27.29362546112042
248,625581.0,625581.6500282295,625581.1708933325,625581.5969456427,625581.2239539676,625582.5090069203,625582.0673560009,False,False,True,True,66.39390567624113,77.50723817287718,27.20690937941794
249,625582.0,625582.6504058251,625582.1702598103,625582.5974055427,625582.2232369401,625583.5098665252,625583.0676829254,False,False,True,True,66.58814942604712,77.68144214765834,27.114461061454524
250,625583.0,625583.6507818631,625583.1696223153,625583.5978605127,625583.2225193015,625584.5107415135,625584.0679963559,False,False,True,True,66.79419574273889,77.86600068922127,27.016512733661955
251,625584.0,625584.6511564341,625584.1689811412,625584.5983107225,625584.2218012955,625585.5116308839,625585.0682957568,False,False,True,True,67.01194900366806,78.06087964662007,26.913315405492234
252,625585.0,625585.6515296339,625585.1683365821,625585.5987562147,625585.2210832095,625586.5125336582,625586.0685806472,False,False,True,True,67.24132041637544,78.2660243783414,26.805111548660893
253,625586.0,625586.6519015641,625586.1676889332,625586.5991969791,625586.2203654789,625587.5134488815,625587.0688505974,False,False,True,True,67.48219386764511,78.48135292211522,26.69210094620115
254,625587.0,625587.6522723318,625587.1670384905,625587.599633104,625587.2196484266,625588.5143756242,625588.0691052286,False,False,True,True,67.73444641407202,78.70679014586067,26.574473135862487
255,625588.0,625588.6526420496,625588.1663855531,625588.60006469,625588.2189323594,625589.5153129827,625589.0693442107,False,False,True,True,67.99794828206194,78.94224042692935,26.452472296907718
256,625589.0,625589.6530108354,625589.1657304219,625589.6004918328,625589.218217603,625590.5162600828,625590.0695672617,False,False,True,True,68.2725560376423,79.18759448229454,26.326267476518808
257,625590.0,625590.6533788128,625590.1650734004,625590.6009146397,625590.2175044711,625591.5172160806,625591.0697741474,False,False,True,True,68.55813307702971,79.4427498591187,26.19608236339107
258,625591.0,625591.6537461116,625591.1644147956,625591.6013332433,625591.2167932846,625592.5181801664,625592.0699646794,False,False,True,True,68.85451547568407,79.70758361399679,26.062103080179394
259,625592.0,625592.6541128675,625592.1637549174,625592.6017477609,625592.2160843551,625593.5191515659,625593.0701387154,False,False,True,True,69.16154613925448,79.98197963371287,25.924529409916996
260,625593.0,625593.6544792256,625593.1630940805,625593.6021583407,625593.2153780044,625594.5201295442,625594.0702961595,False,False,True,True,69.47906114320087,80.26576716353773,25.783462097894137
261,625594.0,625594.6548453411,625594.1624326047,625594.6025651348,625594.214674561,625595.5211134059,625595.0704369589,False,False,True,True,69.8068829026048,80.55884375063381,25.639145323373647
262,625595.0,625595.6552113828,625595.1617708174,625595.6029683058,625595.2139743402,625596.5221024982,625596.0705611049,False,False,True,True,70.14483383254786,80.86104547046102,25.491719105233507
263,625596.0,625596.6555775346,625596.1611090547,625596.6033680548,625596.2132776871,625597.5230962096,625597.0706686298,False,False,True,True,70.49273634811163,81.17222205885764,25.341345660466505
264,625597.0,625597.6559439995,625597.1604476636,625597.6037645801,625597.2125849362,625598.5240939702,625598.0707596047,False,False,True,True,70.85041286437769,81.49221642147273,25.188141102288537
265,625598.0,625598.6563109977,625598.1597870013,625598.6041581122,625598.2118964368,625599.5250952449,625599.0708341368,False,False,True,True,71.21767213604927,81.82087146395541,25.032277892976136
266,625599.0,625599.6566787632,625599.1591274338,625599.604543114,625599.2112125496,625600.5260995256,625600.0708923631,False,False,True,True,71.59432291782963,82.15730609190273,24.872034824858467
267,625600.0,625600.6570475344,625600.1584693296,625600.6049314078,625600.2105394132,625601.5271063196,625601.070934443,False,False,True,True,71.980173964422,82.50280438087866,24.71130852085702
268,625601.0,625601.6574175435,625601.1578130533,625601.6053174572,625601.2098657971,625602.5281151421,625602.0709605534,False,False,True,True,72.37502037015125,82.85647840629107,24.548372650659072
269,625602.0,625602.6577890066,625602.1571589618,625602.6057014976,625602.2091978387,625603.529125517,625603.0709708852,False,False,True,True,72.77865039915315,83.21813009265409,24.383321129365715
270,625603.0,625603.6581621233,625603.1565074029,625603.6060837498,625603.2085358571,625604.5301369829,625604.0709656463,False,False,True,True,73.19085231556343,83.58758185504925,24.216314466422443
271,625604.0,625604.6585370759,625604.1558587195,625604.606464419,625604.2078801803,625605.5311490998,625605.0709450636,False,False,True,True,73.61139389295028,83.96464927836897,24.047511463727453
272,625605.0,625605.658914035,625605.1552132531,625605.606843706,625605.2072311171,625606.5321614563,625606.0709093856,False,False,True,True,74.04004973507111,84.34912062674898,23.87700432883455
273,625606.0,625606.6592931577,625606.1545713432,625606.607221782,625606.2065889915,625607.5331736719,625607.0708588818,False,False,True,True,74.47658078530496,84.74077733413586,23.7049125900542
274,625607.0,625607.6596745893,625607.1539333265,625607.6075988365,625607.2059541037,625608.5341853991,625608.0707938438,False,False,True,True,74.9207479870309,85.13941449485448,23.531316502109153
275,625608.0,625608.6600584604,625608.1532995328,625608.6079750239,625608.2053267618,625609.5351963248,625609.0707145825,False,False,True,True,75.37231911381711,85.5448203730406,23.356357791424692
276,625609.0,625609.6604448895,625609.152670284,625609.608350504,625609.2047072424,625610.5362061709,625610.07062143,False,False,True,True,75.83104144866435,85.9567627422624,23.180108174987097
277,625610.0,625610.6608339825,625610.152045894,625610.6087254183,625610.2040958279,625611.5372146964,625611.0705147393,False,False,True,True,76.2966827651408,86.3750162062773,23.002629124498903
278,625611.0,625611.6612258363,625611.151426669,625611.6090999044,625611.2034927907,625612.5382216962,625612.0703948841,False,False,True,True,76.76899717643634,86.79936219903185,22.824011139966608
279,625612.0,625612.6616205398,625612.1508129097,625612.6094740932,625612.2028983786,625613.5392270004,625613.0702622582,False,False,True,True,77.24774562593005,87.2295616639051,22.6443020327144
280,625613.0,625613.6620181759,625613.1502049125,625613.6098481119,625613.2023128571,625614.5402304737,625614.0701172743,False,False,True,True,77.73268222681179,87.6653755442761,22.463547906519185
281,625614.0,625614.6624188214,625614.1496029699,625614.6102220892,625614.2017364599,625615.5412320117,625615.0699603625,False,False,True,True,78.2235679224606,88.10657844390225,22.281817063272655
282,625615.0,625615.6628225474,625615.1490073726,625615.6105961401,625615.2011694375,625616.5422315416,625616.0697919694,False,False,True,True,78.72016365625555,88.55291081559507,22.099109502974812
283,625616.0,625616.6632294189,625616.1484184088,625616.6109703935,625616.2006120291,625617.5432290186,625617.0696125561,False,False,True,True,79.22222354138651,89.00415409330114,21.91551572563216
284,625617.0,625617.6636394942,625617.147836366,625617.6113449505,625617.2000644567,625618.5442244273,625618.0694225989,False,False,True,True,79.72950852123252,89.46005556002115,21.73102719350824
285,625618.0,625618.6640528252,625618.1472615292,625618.6117199361,625618.1995269567,625619.5452177806,625619.0692225874,False,False,True,True,80.24177270898348,89.92034883837748,21.54562683113012
286,625619.0,625619.6644694575,625619.1466941836,625619.6120954459,625619.1989997488,625620.5462091204,625620.0690130251,False,False,True,True,80.75877704801843,90.38480170193834,21.359393185673262
287,625620.0,625620.6648894311,625620.1461346126,625620.6124715863,625620.1984830558,625621.5471985184,625621.0687944288,False,False,True,True,81.28028248171641,90.8531750940828,21.17233308732683
288,625621.0,625621.6653127836,625621.1455831008,625621.6128484664,625621.1979771046,625622.5481860766,625622.0685673298,False,False,True,True,81.80604312326732,91.32519580724404,20.984417507786855
289,625622.0,625622.6657395507,625622.1450399349,625622.6132261835,625622.197482105,625623.5491719285,625623.0683322737,False,False,True,True,82.33582674623935,91.80061112442277,20.79564303195875
290,625623.0,625623.6661697729,625623.1445054056,625623.6136048597,625623.1969982825,625624.5501562399,625624.0680898216,False,False,True,True,82.86940112420075,92.27918198899806,20.60603185795732
291,625624.0,625624.6666034961,625624.1439798109,625624.6139846022,625624.1965258606,625625.5511392071,625625.0678405485,False,False,True,True,83.40653403071971,92.76062836321393,20.415534466911076
292,625625.0,625625.6670407762,625625.1434634568,625625.614365554,625625.1960650746,625626.5521210562,625626.0675850438,False,False,True,True,83.94698640917532,93.24473851120608,20.22419867014422
293,625626.0,625626.6674816802,625626.1429566599,625626.6147478574,625626.195616158,625627.5531020367,625627.0673239077,False,False,True,True,84.49053969351411,93.73122556502942,20.031959580859624
294,625627.0,625627.6679262826,625627.1424597441,625627.6151316619,625627.1951793589,625628.554082412,625628.0670577462,False,False,True,True,85.03696848749347,94.2198641284413,19.83882061415188
295,625628.0,625628.6683746576,625628.1419730359,625628.615517131,625628.1947549226,625629.5550624481,625629.0667871649,False,False,True,True,85.58604739487079,94.7103878240641,19.64474932662243
296,625629.0,625629.6688268681,625629.1414968553,625629.6159044045,625629.1943430884,625630.5560424048,625630.0665127642,False,False,True,True,86.13755101940346,95.2025780858444,19.44978328431171
297,625630.0,625630.6692829574,625630.1410315135,625630.616293627,625630.1939440715,625631.5570225355,625631.0662351404,False,False,True,True,86.69126079503806,95.69616853640453,19.25386443061177
298,625631.0,625631.6697429477,625631.1405773116,625631.6166849013,625631.1935580976,625632.5580030906,625632.0659548887,False,False,True,True,87.24693766515362,96.19089962855607,19.05700984099554
299,625632.0,625632.6702068411,625632.1401345467,625632.6170783312,625632.1931853588,625633.5589843241,625633.0656726093,False,False,True,True,87.80435623350753,96.68650498492136,18.859173411686122
300,625633.0,625633.6706746225,625633.1397035164,625633.617473996,625633.1928260631,625634.5599664948,625634.065388907,False,False,True,True,88.36325695291133,97.18272505831196,18.66037392570373
301,625634.0,625634.6711462587,625634.1392845167,625634.6178719703,625634.1924804106,625635.5609498641,625635.0651043891,False,False,True,True,88.92342125731159,97.67928664116106,18.460572109460642
302,625635.0,625635.6716216931,625635.1388778375,625635.6182722925,625635.1921485844,625636.5619346949,625636.0648196612,False,False,True,True,89.48458959951984,98.17590286552351,18.259728689369123
303,625636.0,625636.6721008432,625636.1384837537,625636.6186749944,625636.1918307514,625637.5629212484,625637.0645353259,False,False,True,True,90.04653658329346,98.67231418421086,18.0578385427873
304,625637.0,625637.6725835993,625637.1381025224,625637.6190800784,625637.1915270658,625638.5639097877,625638.0642519817,False,False,True,True,90.60900949163319,99.16823372927799,17.854869226316616
305,625638.0,625638.6730698256,625638.1377343808,625638.6194875165,625638.1912376516,625639.5649005771,625639.0639702268,False,False,True,True,91.17176926791804,99.66336780259054,17.650757560707248
306,625639.0,625639.6735593639,625639.1373795469,625639.6198972737,625639.1909626091,625640.5658938836,625640.0636906594,False,False,True,True,91.73458368571626,100.1574568569601,17.44550866860107
307,625640.0,625640.6740520364,625640.1370382237,625640.6203092876,625640.1907020282,625641.5668899771,625641.0634138794,False,False,True,True,92.2972136884069,100.65019353387399,17.23903375753888
308,625641.0,625641.674547648,625641.1367105988,625641.6207234776,625641.1904559715,625642.567889129,625642.0631404889,False,False,True,True,92.85941338917982,101.14129779557625,17.031307214311283
309,625642.0,625642.675045988,625642.1363968477,625642.6211397648,625642.1902245091,625643.5688916121,625643.0628710932,False,False,True,True,93.42095056160325,101.6304896043109,16.822277812499504
310,625643.0,625643.675546831,625643.1360971334,625643.6215580377,625643.1900076659,625644.5698976975,625644.0626062991,False,False,True,True,93.9815929792454,102.1174616015653,16.611861882286213
311,625644.0,625644.6760499361,625644.135811608,625644.6219781821,625644.1898054781,625645.5709076545,625645.0623467169,False,False,True,True,94.54108792510699,102.60195424015099,16.400076499144337
312,625645.0,625645.6765550484,625645.135540413,625645.6224000735,625645.1896179656,625646.5719217486,625646.0620929583,False,False,True,True,95.09921683313459,103.08365333136614,16.18681238004715
313,625646.0,625646.677061897,625646.1352836774,625646.6228235734,625646.189445118,625647.5729402425,625647.0618456379,False,False,True,True,95.65572698632889,103.5622720072656,15.97203025140693
314,625647.0,625647.6775701966,625647.1350415191,625647.6232485131,625647.1892869362,625648.5739633949,625648.0616053739,False,False,True,True,96.21038615825812,104.03750290933675,15.755661811331974
315,625648.0,625648.6780796491,625648.1348140452,625648.6236747414,625648.1891433906,625649.5749914625,625649.0613727875,False,False,True,True,96.76294846211215,104.5090659998236,15.53767803151831
316,625649.0,625649.6785899452,625649.1346013525,625649.6241030884,625649.1890142794,625650.5760247007,625650.0611485052,False,False,True,True,97.3131816714592,104.97685199569943,15.318193317634535
317,625650.0,625650.6791007677,625650.1344035286,625650.6245275502,625650.1888978335,625651.5770633649,625651.0609331592,False,False,True,True,97.86084672967833,105.43956316102195,15.095397669550596
318,625651.0,625651.6796117972,625651.1342206553,625651.6249583629,625651.188801863,625652.5781077119,625652.0607273888,False,False,True,True,98.4057045801486,105.8986679864627,14.87254225731142
319,625652.0,625652.6801227154,625652.1340528103,625652.6253895696,625652.188717541,625653.5791579995,625653.0605318411,False,False,True,True,98.9475229964382,106.35291654740357,14.647765854368178
320,625653.0,625653.6806332094,625653.1339000699,625653.6258210557,625653.1886420916,625654.5802144855,625654.0603471694,False,False,True,True,99.48605609173701,106.80202197589941,14.421131639970692
321,625654.0,625654.6811429749,625654.1337625107,625654.6262468591,625654.1885896723,625655.5812774231,625655.0601740319,False,False,True,True,100.02107163961328,107.24471385676462,14.19087486399216
322,625655.0,625655.681651715,625655.1336402087,625655.626678395,625655.1885458443,625656.5823470524,625656.0600130858,False,False,True,True,100.5523442438244,107.68269290710252,13.960416597433115
323,625656.0,625656.6821591349,625656.1335332345,625656.6271088596,625656.1885165469,625657.5834235917,625657.0598649823,False,False,True,True,101.0796485081277,108.1145725985116,13.72768046278587
324,625657.0,625657.6826649345,625657.133441647,625657.6275384977,625657.1885025664,625658.58450723,625658.0597303624,False,False,True,True,101.60273854571314,108.54012753474923,13.492722809111076
325,625658.0,625658.6831688022,625658.1333654898,625658.6279676305,625658.1885026636,625659.5855981258,625659.0596098588,False,False,True,True,102.12138896033805,108.95920062146455,13.255704999627879
326,625659.0,625659.6836704127,625659.133304792,625659.6283960595,625659.1885167535,625660.5866964113,625660.0595041008,False,False,True,True,102.63536069538152,109.37152548127987,13.016640694714617
327,625660.0,625660.68416943,625660.1332595742,625660.6288235636,625660.1885447253,625661.5878033685,625661.0594137199,False,False,True,True,103.14440103384423,109.77681524625008,12.775459884932296
328,625661.0,625661.6846655086,625661.1332298522,625661.6292499346,625661.1885864751,625662.5889167518,625662.0593393489,False,False,True,True,103.64827091910523,110.17479670880839,12.532161716507272
329,625662.0,625662.6851582907,625662.1332156353,625662.6296749231,625662.1886418902,625663.5900377743,625663.0592816148,False,False,True,True,104.14671763416526,110.56523081233382,12.286783755479979
330,625663.0,625663.6856474029,625663.1332169187,625663.63009829,625663.1887108411,625664.5911664581,625664.0592411326,False,False,True,True,104.63948163183582,110.94783751907043,12.03931148769843
331,625664.0,625664.6861324497,625664.1332327754,625664.6305197572,625664.188793172,625665.5923027887,625665.059218498,False,False,True,True,105.12631019511765,111.32234362145141,11.789736375426164
332,625665.0,625665.6866130133,625665.1332658317,625665.6309390095,625665.1888887103,625666.5934467162,625666.0592142872,False,False,True,True,105.60695060701146,111.68848957228828,11.538034513001087
333,625666.0,625666.6870886555,625666.1333133029,625666.6313557355,625666.1889972469,625667.5945981564,625667.0592291337,False,False,True,True,106.08115015051793,112.04602265458176,11.284247735331862
334,625667.0,625667.687558922,625667.1333759564,625667.631769585,625667.1891185342,625668.5957569934,625668.0592633551,False,False,True,True,106.54864927844862,112.39470381171091,11.028397386759647
335,625668.0,625668.6880233455,625668.1334536355,625668.6321801905,625668.1892523153,625669.5969230789,625669.0593177038,False,False,True,True,107.00920210399342,112.7342666662981,10.770454438980469
336,625669.0,625669.6884814508,625669.1335461563,625669.6325871755,625669.1893983022,625670.5980962338,625670.0593926171,False,False,True,True,107.46254907996384,113.06447216172236,10.510453896713823
337,625670.0,625670.6889327574,625670.1336533127,625670.6329901557,625670.1895561937,625671.5992762477,625671.0594885938,False,False,True,True,107.90844431954977,113.38508807155193,10.2484102741117
338,625671.0,625671.6893767812,625671.1337748773,625671.6333887294,625671.1897256699,625672.6004628777,625672.059606117,False,False,True,True,108.34662827556278,113.69586167878751,9.984312472116693
339,625672.0,625672.6898130365,625672.1339106027,625672.633782496,625672.189906398,625673.6016558469,625673.0597456538,False,False,True,True,108.7768550611927,113.996588077754,9.718247575640724
340,625673.0003576,625673.6902410365,625673.1340602231,625673.6341710505,625673.1900980303,625674.6028548456,625674.0599076541,False,False,True,True,109.19887195944028,114.28704870239797,9.450218146004731
341,625674.0003576,625674.6906602932,625674.1342234542,625674.634553969,625674.1903002138,625675.6040595295,625675.0600925507,False,False,True,True,109.61242625330623,114.56700449609845,9.180234428492467
342,625675.0003576,625675.6910703206,625675.1343999938,625675.6349308358,625675.1905125701,625676.6052695226,625676.0603007574,False,False,True,True,110.01727205598038,114.83625738336953,8.90834252688083
343,625676.0003576,625676.6914706344,625676.1345895242,625676.635301224,625676.1907347192,625677.6064844171,625677.0605326707,False,False,True,True,110.41315665046349,115.09461611891443,8.634623549666216
344,625677.0003576,625677.6918607571,625677.134791712,625677.635664708,625677.1909662739,625678.6077037768,625678.060788668,False,False,True,True,110.79984098013459,115.34186896686889,8.359103963831657
345,625678.0003576,625678.6922402196,625678.1350062129,625678.6360208637,625678.1912068356,625679.6089271388,625679.0610691092,False,False,True,True,111.17706549780523,115.57785200269282,8.08184353353239
346,625679.0003576,625679.6926085665,625679.1352326721,625679.6363692757,625679.1914560082,625680.6101540162,625680.0613743353,False,False,True,True,111.54459797704362,115.80236032071114,7.802878971035206
347,625680.0003576,625680.6929653613,625680.1354707305,625680.6367095447,625680.1917133965,625681.6113838993,625681.061704668,False,False,True,True,111.90220619141797,116.01521633600542,7.5222760169108644
348,625681.0003576,625681.6933101902,625681.1357200257,625681.6370412717,625681.1919786041,625682.6126162566,625682.0620604078,False,False,True,True,112.24964425411818,116.2162971051706,7.240162737206304
349,625682.0003576,625682.6936426645,625682.1359801965,625682.6373640916,625682.1922512532,625683.6138505321,625683.0624418315,False,False,True,True,112.58668676890163,116.40542504328825,6.956552792299864
350,625683.0003576,625683.6939624217,625683.1362508822,625683.6376776509,625683.1925309685,625684.6150861431,625684.0628491864,False,False,True,True,112.91311516971489,116.58249086733166,6.671578943993538
351,625684.0003576,625684.6942691233,625684.1365317223,625684.637981613,625684.1928173751,625685.6163224746,625685.063282686,False,False,True,True,113.22871089050449,116.74731699238241,6.3852928455929225
352,625685.0003576,625685.6945624507,625685.1368223547,625685.6382756543,625685.1931101165,625686.6175588765,625686.0637425084,False,False,True,True,113.5332621954062,116.89986243730547,6.097866959374562
353,625686.0003576,625686.6948421022,625686.1371224141,625686.6385594622,625686.193408837,625687.6187946657,625687.0642287955,False,False,True,True,113.82655734855571,117.03996327756077,5.809367025909216
354,625687.0003576,625687.6951077913,625687.1374315349,625687.6388327361,625687.1937131797,625688.6200291291,625688.0647416587,False,False,True,True,114.10839144427794,117.16752389049994,5.519926233885702
355,625688.0003576,625688.6953592475,625688.1377493555,625688.63909518,625688.1940227965,625689.621261528,625689.0652811825,False,False,True,True,114.3785595768978,117.28250329498793,5.229741805016302
356,625689.0003576,625689.6955962165,625689.1380755228,625689.6393465115,625689.1943373681,625690.6224910994,625690.0658474213,False,False,True,True,114.63685684074017,117.38475122686302,4.938905946854812
357,625690.0003576,625690.6958184568,625690.1384096898,625690.6395864659,625690.1946565703,625691.6237170526,625691.0664403928,False,False,True,True,114.88309882069747,117.47425402574687,4.6476350910205575
358,625691.0003576,625691.6960257345,625691.1387515073,625691.6398147714,625691.19498008,625692.6249385672,625692.0670600676,False,False,True,True,115.11707378090543,117.55088874823441,4.356100846016433
359,625692.0003576,625692.6962178184,625692.1391006149,625692.6400311445,625692.195307589,625693.626154793,625693.0677063628,False,False,True,True,115.33860413644562,117.6146007528123,4.0644402425126644
360,625693.0003576,625693.696394478,625693.1394566332,625693.64023532,625693.1956387521,625694.6273648529,625694.0683791388,False,False,True,True,115.54751230239962,117.66537637910217,3.7729375871334523
361,625694.0003576,625694.6965554841,625694.1398191615,625694.6404270075,625694.1959732195,625695.6285678493,625695.069078201,False,False,True,True,115.74364801460571,117.703133664834,3.481789461260846
362,625695.0003576,625695.6967006114,625695.1401877797,625695.6406059129,625695.1963106331,625696.6297628668,625696.0698033033,False,False,True,True,115.92683368814546,117.7278452892511,3.191243245808847
363,625696.0003576,625696.6968296426,625696.1405620533,625696.6407717671,625696.196650617,625697.6309489785,625697.0705541498,False,False,True,True,116.09693271923545,117.73951125235348,2.9015986153272895
364,625697.0003576,625697.6969423695,625697.1409415363,625697.6409242747,625697.1969927954,625698.6321252498,625698.0713303965,False,False,True,True,116.2538085040923,117.73807691262778,2.6131277101659167
365,625698.0003576,625698.6970385953,625698.1413257739,625698.6410631638,625698.1973367933,625699.6332907416,625699.0721316535,False,False,True,True,116.39732443893261,117.72356959083068,2.3261899690298002
366,625699.0003576,625699.6971181368,625699.141714308,625699.6411881685,625699.1976822314,625700.6344445138,625700.0729574866,False,False,True,True,116.52735758035132,117.69596196620549,2.041153581803886
367,625700.0003576,625700.6971808237,625700.1421066765,625700.6412990277,625700.1980287334,625701.635585628,625701.0738074167,False,False,True,True,116.64382596607838,117.6552540387522,1.758427185899611
368,625701.0003576,625701.6972264999,625701.1425024173,625701.6413955002,625701.1983759266,625702.63671315,625702.074680923,False,False,True,True,116.74662031308706,117.60151411036254,1.4785173892543202
369,625702.0003576,625702.6972550221,625702.1429010674,625702.641477329,625702.1987234465,625703.6378261547,625703.075577443,False,False,True,True,116.83565865910735,117.53471486027982,1.201896542137802
370,625703.0003576,625703.6972662609,625703.1433021654,625703.6415443014,625703.1990709208,625704.6389237293,625704.0764963755,False,False,True,True,116.91087270224753,117.45491093001739,0.9291626062675501
371,625704.0003576,625704.6972601018,625704.1437052533,625704.6415961881,625704.1994180015,625705.6400038241,625705.0774370842,False,False,True,True,116.97218048023757,117.36214330071027,0.660900256508688
372,625705.0003576,625705.697236446,625705.1441098778,625705.6416327849,625705.1997643416,625706.6410679105,625706.0783989001,False,False,True,True,117.01954101194244,117.25643929311516,0.3977480355073325
373,625706.0003576,625706.6971952124,625706.1445155945,625706.6416539012,625706.2001096011,625707.6421139529,625707.0793811253,False,False,True,True,117.05291331622712,117.1378535487454,0.14034923502550786
374,625707.0003576,625707.6971363404,625707.1449219699,625707.6416593643,625707.2004534593,625707.6421143361,625707.0793814682,False,False,True,False,117.07227007233493,,
375,625708.0003576,625708.697059792,625708.1453285837,625708.6416490219,625708.2007956068,625708.6431415048,625708.0803833914,False,False,True,False,117.07761128026588,,
376,625709.0003576,625709.6969655531,625709.1457350322,625709.6416227403,625709.2011357583,625709.6441490317,625709.081404249,False,False,True,False,117.06889595888495,,
377,625710.0003576,625710.6968536354,625710.14614093,625710.6415804157,625710.2014736529,625710.6451361724,625710.082443268,False,False,True,False,117.04617874970549,,
378,625711.0003576,625711.6967240763,625711.1465459112,625711.6415219625,625711.201809029,625711.6461022191,625711.0834996542,False,False,True,False,117.00944599234916,,
379,625712.0003576,625712.6965769376,625712.1469496302,625712.6414473244,625712.2021416739,625712.6470465022,625712.0845725923,False,False,True,False,116.95875232832933,,
380,625713.0003576,625713.6964123049,625713.147351763,625713.6413564604,625713.2024713843,625713.6479683898,625713.085661249,False,False,True,False,116.89413873878101,,
381,625714.0003576,625714.6962302849,625714.1477520077,625714.6412493456,625714.2027979738,625714.6488672874,625714.0867647761,False,False,True,False,116.81568718597424,,
382,625715.0003576,625715.6960310054,625715.1481500885,625715.6411246867,625715.2031220124,625715.6497426408,625715.0878823169,False,False,True,False,116.7234249906657,,
383,625716.0003576,625716.6958146135,625716.1485457572,625716.6409837466,625716.2034433254,625716.650593936,625716.0890130107,False,False,True,False,116.61746143588213,,
384,625717.0003576,625717.695581273,625717.148938793,625717.6408323578,625717.2037554253,625717.6514207025,625717.0901559996,False,False,True,False,116.4978648235152,,
385,625718.0003576,625718.6953311602,625718.1493290004,625718.640659792,625718.2040698028,625718.6522225118,625718.0913104285,False,False,True,False,116.36473077621332,,
386,625719.0003576,625719.6950644595,625719.149716201,625719.6404695507,625719.2043806171,625719.6529989743,625719.0924754422,False,False,True,False,116.21815491662484,,
387,625720.0003576,625720.6947813563,625720.150100224,625720.6402697576,625720.2046878762,625720.6537497363,625720.0936501808,False,False,True,False,116.05827384853319,,
388,625721.0003576,625721.6944820364,625721.150480899,625721.6400481384,625721.2049857529,625721.6544744789,625721.0948337759,False,False,True,False,115.88516953420839,,
389,625722.0003576,625722.6941666852,625722.1508580532,625722.6398122747,625722.2052848913,625722.6551729196,625722.0960253521,False,False,True,False,115.6990058981905,,
390,625723.0003576,625723.6938354888,625723.1512315115,625723.6395610584,625723.2055789641,625723.655844812,625723.0972240302,False,False,True,False,115.49991954426298,,
391,625724.0003576,625724.6934886354,625724.1516010985,625724.6392941786,625724.2058691015,625724.6564899492,625724.0984289325,False,False,True,False,115.28807439696587,,
392,625725.0003576,625725.693126316,625725.1519666405,625725.6390117119,625725.206155243,625725.6571081632,625725.0996391885,False,False,True,False,115.06360706008256,,
393,625726.0003576,625726.6927487256,625726.1523279683,625726.6387137442,625726.206437333,625726.6576993265,625726.1008539377,False,False,True,False,114.82670877890985,,
394,625727.0003576,625727.6923560626,625727.1526849172,625727.6384003642,625727.2067153157,625727.6582633508,625727.1020723344,False,False,True,False,114.5775639685553,,
395,625728.0003576,625728.6919485291,625728.1530373294,625728.6380716669,625728.2069891446,625728.6588001873,625728.1032935502,False,False,True,False,114.31635021393733,,
396,625729.0003576,625729.6915263305,625729.1533850527,625729.6377277505,625729.2072587638,625729.6593098245,625729.1045167767,False,False,True,False,114.0432587603527,,
397,625730.0003576,625730.6910896741,625730.1537279421,625730.6373687218,625730.2075241478,625730.6597922884,625730.1057412273,False,False,True,False,113.75848768328736,,
398,625731.0003576,625731.6906387706,625731.1540658581,625731.6369946881,625731.207785249,625731.6602476416,625731.1069661395,False,False,True,False,113.46224871860557,,
399,625732.0003576,625732.6901738327,625732.1543986695,625732.6366057637,625732.2080420454,625732.6606759825,625732.1081907786,False,False,True,False,113.1547536021716,,
400,625733.0003576,625733.6896950775,625733.1547262534,625733.6362020641,625733.2082945039,625733.6610774463,625733.1094144408,False,False,True,False,112.83620040947137,,
401,625734.0003576,625734.6892027266,625734.1550484984,625734.6357837204,625734.2085426241,625734.6614522038,625734.1106364557,False,False,True,False,112.50682136693668,,
402,625735.0003576,625735.6886970073,625735.1553653053,625735.6353508651,625735.20878639,625735.6618004623,625735.1118561893,False,False,True,False,112.16683504062095,,
403,625736.0003576,625736.688178153,625736.1556765882,625736.634903644,625736.2090258081,625736.6621224633,625736.113073044,False,False,True,False,111.81645316638847,,
404,625737.0003576,625737.6876464051,625737.1559822743,625737.6344422026,625737.2092609027,625737.6624184824,625737.1142864586,False,False,True,False,111.45591480086017,,
405,625738.0003576,625738.6871020126,625738.1562823062,625738.6339667086,625738.2094916954,625738.6626888264,625738.1154959085,False,False,True,False,111.08544534027868,,
406,625739.0003576,625739.6865452353,625739.1565766416,625739.6334773466,625739.2097182377,625739.6629338334,625739.1167009049,False,False,True,False,110.70528384126494,,
407,625740.0003576,625740.6859763446,625740.1568652571,625740.6329742945,625740.209940582,625740.6631538712,625740.1179009967,False,False,True,False,110.31566253025073,,
408,625741.0003576,625741.6853956247,625741.1571481503,625741.6324577623,625741.2101588071,625741.663349337,625741.1190957737,False,False,True,False,109.91681363366784,,
409,625742.0003576,625742.6848033736,625742.1574253442,625742.6319279731,625742.210373015,625742.6635206563,625742.1202848677,False,False,True,False,109.50898303832638,,
410,625743.0003576,625743.6841999025,625743.1576968888,625743.6313851735,625743.2105833333,625743.6636682819,625743.1214679566,False,False,True,False,109.09239614046896,,
411,625744.0003576,625744.6835855334,625744.157962861,625744.6308296052,625744.2107899091,625744.663792691,625744.1226447648,False,False,True,False,108.66729882690571,,
412,625745.0003576,625745.6829605973,625745.1582233629,625745.6302615321,625745.2109929105,625745.6638943839,625745.1238150627,False,False,True,False,108.23391649387922,,
413,625746.0003576,625746.6823254284,625746.1584785169,625746.6296812379,625746.2111925234,625746.6639738784,625746.1249786627,False,False,True,False,107.79247453763213,,
414,625747.0003576,625747.6816803601,625747.1587284578,625747.6290889843,625747.2113889555,625747.6640317063,625747.1261354135,False,False,True,False,107.34321201478538,,
415,625748.0003576,625748.6810257223,625748.1589733271,625748.6284850405,625748.2115823985,625748.6640684102,625748.1272851948,False,False,True,False,106.88636115177073,,
416,625749.0003576,625749.680361839,625749.1592132652,625749.6278696827,625749.2117730515,625749.6640845404,625749.1284279118,False,False,True,False,106.42214051464164,,
417,625750.0003576,625750.679689029,625750.1594484092,625750.627243166,625750.2119611133,625750.6640797262,625750.129563492,False,False,True,False,105.95064572604649,,
418,625751.0003576,625751.6790076061,625751.1596788929,625751.62660576,625751.2121467727,625751.6640573242,625751.1306918864,False,False,True,False,105.4725324841456,,
419,625752.0003576,625752.6783178817,625752.1599048467,625752.6259577125,625752.2123302078,625752.6640151187,625752.1318130689,False,False,True,False,104.98760954364221,,
420,625753.0003576,625753.6776201634,625753.160126399,625753.6252992909,625753.2125115999,625753.663954623,625753.1329270368,False,False,True,False,104.49625939512983,,
421,625754.0003576,625754.6769147576,625754.1603436773,625754.6246307477,625754.2126911307,625754.6638764276,625754.1340338122,False,False,True,False,103.99870743485108,,
422,625755.0003576,625755.6762019673,625755.1605568086,625755.6239523361,625755.2128689691,625755.6637811288,625755.1351334406,False,False,True,False,103.49518588923775,,
423,625756.0003576,625756.6754820929,625756.1607659187,625756.6232643216,625756.2130452917,625756.6636693294,625756.136225991,False,False,True,False,102.98594064509993,,
424,625757.0003576,625757.6747554315,625757.1609711323,625757.6225669547,625757.2132202594,625757.6635416364,625757.1373115536,False,False,True,False,102.47119026849109,,
425,625758.0003576,625758.6740222757,625758.161172572,625758.6218604796,625758.2133940439,625758.6633986607,625758.1383902403,False,False,True,False,101.95118064622133,,
426,625759.0003576,625759.6732829148,625759.1613703575,625759.6211451592,625759.2135668044,625759.6632410167,625759.1394621821,False,False,True,False,101.42613034434412,,
427,625760.0003576,625760.6725376332,625760.1615646055,625760.6204212309,625760.2137386944,625760.6630693215,625760.1405275308,False,False,True,False,100.89628524966955,,
428,625761.0003576,625761.6717867122,625761.1617554314,625761.6196889414,625761.2139098604,625761.6628841965,625761.1415864576,False,False,True,False,100.36186392825107,,
429,625762.0003576,625762.6710304301,625762.1619429509,625762.6189485462,625762.2140804597,625762.6626862658,625762.142639155,False,False,True,False,99.82309860652046,,
430,625763.0003576,625763.6702690613,625763.1621272797,625763.6182002758,625763.214250644,625763.662476155,625763.143685835,False,False,True,False,99.28021468072035,,
431,625764.0003576,625764.6695028765,625764.1623085344,625764.617444375,625764.2144205497,625764.6622544909,625764.1447267279,False,False,True,False,98.73343754709332,,
432,625765.0003576,625765.6687321432,625765.1624868305,625765.6166810899,625765.214590322,625765.6620219001,625765.1457620785,False,False,True,False,98.18299260188198,,
433,625766.0003576,625766.6679571283,625766.1626622847,625766.6159106537,625766.2147601148,625766.6617790093,625766.146792144,False,False,True,False,97.6290984111398,,
434,625767.0003576,625767.6671781016,625767.1628350168,625767.6151333151,625767.2149300638,625767.6615264493,625767.1478171945,False,False,True,False,97.07198037110938,,
435,625768.0003576,625768.6663953431,625768.1630051562,625768.614349329,625768.2151003306,625768.6612648575,625768.1488375165,False,False,True,False,96.51186387803331,,
436,625769.0003576,625769.6656091437,625769.1631728476,625769.6135589709,625769.2152710764,625769.6609948634,625769.1498534165,False,False,True,False,95.94897432815421,,
437,625770.0003576,625770.6648198089,625770.1633382561,625770.6127625155,625770.2154424856,625770.6607171604,625770.1508651839,False,False,True,False,95.3835166271472,,
438,625771.0003576,625771.664027656,625771.1635015693,625771.6119602699,625771.2156147698,625771.6604323988,625771.1518732505,False,False,True,False,94.81571617125486,,
439,625772.0003576,625772.6632330124,625772.1636629954,625772.6111525466,625772.215788152,625772.6601412538,625772.1528779557,False,False,True,False,94.24578469634149,,
440,625773.0003576,625773.6624362117,625773.1638227606,625773.6103396597,625773.2159628782,625773.6598444057,625773.1538796963,False,False,True,False,93.67392710808218,,
441,625774.0003576,625774.6616375891,625774.1639811026,625774.6095219298,625774.2161391978,625774.6595425354,625774.1548788843,False,False,True,False,93.10035514234119,,
442,625775.0003576,625775.6608374787,625775.164138265,625775.6087054734,625775.2163115797,625775.6592363238,625775.155875941,False,False,True,False,92.52527370479362,,
443,625776.0003576,625776.6600362104,625776.1642944918,625776.607879031,625776.216491854,625776.6589264486,625776.1568712934,False,False,True,False,91.94888770111459,,
444,625777.0003576,625777.659234111,625777.1644500226,625777.607048709,625777.2166744837,625777.6586135854,625777.1578653692,False,False,True,False,91.37140886716834,,
445,625778.0003576,625778.6584315016,625778.1646050913,625778.6062148196,625778.2168597041,625778.6582984077,625778.1588585954,False,False,True,False,90.79304210863,,
446,625779.0003576,625779.6576287015,625779.1647599244,625779.6053776722,625779.2170477572,625779.6579815892,625779.1598513974,False,False,False,False,361.0,,
447,625780.0003576,625780.656826027,625780.1649147414,625780.6045375861,625780.2172388664,625780.6576638047,625780.1608442,False,False,False,False,361.0,,
448,625781.0003576,625781.6560237936,625781.1650697561,625781.6036948706,625781.2174332435,625781.6573457355,625781.1618374281,False,False,False,False,361.0,,
449,625782.0003576,625782.6552223156,625782.1652251778,625782.6028498396,625782.2176311072,625782.6570280707,625782.1628315137,False,False,False,False,361.0,,
450,625783.0003576,625783.6544219065,625783.1653812102,625783.6020028043,625783.2178326527,625783.6567114873,625783.1638269038,False,False,False,False,361.0,,
451,625784.0003576,625784.6536228771,625784.1655380516,625784.6011540751,625784.2180380811,625784.6563965913,625784.1648240329,False,False,False,False,361.0,,
452,625785.0003576,625785.6528255364,625785.1656958936,625785.6003039719,625785.2182475817,625785.6560840104,625785.1658232363,True,False,False,False,272.97911063315144,,
453,625786.0003576,625786.6520301895,625786.1658549197,625786.5994528082,625786.2184613317,625786.6557744751,625786.1668248686,True,False,False,False,273.5582287124985,,
454,625787.0003576,625787.6512371367,625787.1660153037,625787.598600885,625787.218679493,625787.6554686928,625787.1678293634,True,False,False,False,274.1364178861184,,
455,625788.0003576,625788.6504466729,625788.1661772088,625788.5977485093,625788.218902223,625788.6551673394,625788.1688371368,True,False,False,False,274.7134322672011,,
456,625789.0003576,625789.6496590881,625789.1663407879,625789.5968959897,625789.2191296584,625789.6548710826,625789.1698485774,True,False,False,False,275.2890806104498,,
457,625790.0003576,625790.6488746647,625790.1665061826,625790.5960436217,625790.2193619255,625790.6545805889,625790.1708640584,True,False,False,False,275.863144349811,,
458,625791.0003576,625791.6480936764,625791.166673525,625791.5951917021,625791.2195991437,625791.6542965195,625791.1718839407,True,False,False,False,276.43540491923136,,
459,625792.0003576,625792.6473163865,625792.1668429349,625792.5943406766,625792.2198412564,625792.6540195283,625792.1729085713,True,False,False,False,277.005589111144,,
460,625793.0003576,625793.6465430469,625793.167014518,625793.5934906524,625793.2200884802,625793.6537502608,625793.1739382783,True,False,False,False,277.5735330010089,,
461,625794.0003576,625794.6457739044,625794.1671883678,625794.59264189,625794.220340909,625794.6534893552,625794.1749733698,True,False,False,False,278.13896338125926,,
462,625795.0003576,625795.6450092068,625795.1673645691,625795.5917946711,625795.2205986088,625795.6532374509,625795.176014136,True,False,False,False,278.70168900659826,,
463,625796.0003576,625796.6442492132,625796.1675432101,625796.5909492808,625796.2208616311,625796.6529951943,625796.1770608553,True,False,False,False,279.2614639902158,,
464,625797.0003576,625797.6434941974,625797.1677243891,625797.5901060149,625797.2211300504,625797.6527632445,625797.1781138016,True,False,False,False,279.81804244530184,,
465,625798.0003576,625798.6427444506,625798.1679082217,625798.5892652083,625798.2214039525,625798.6525422723,625798.1791732477,True,False,False,False,280.3712058058028,,
466,625799.0003576,625799.6420002778,625799.1680948427,625799.5884271895,625799.2216834375,625799.6523329327,625799.1802394281,True,False,False,False,280.9207081849087,,
467,625800.0003576,625800.6412619932,625800.1682844015,625800.5875923147,625800.2219686217,625800.6521359643,625800.1813126893,True,False,False,False,281.4663036958093,,
468,625801.0003576,625801.6405299173,625801.1684770593,625801.5867609377,625801.2222596231,625801.6519520266,625801.182393251,True,False,False,False,282.0078010932079,,
469,625802.0003576,625802.6398043719,625802.1686729828,625802.5859334229,625802.222556578,625802.651781806,625802.1834813601,True,False,False,False,282.5449271695377,,
470,625803.0003576,625803.6390856793,625803.1688723394,625803.5851101319,625803.2228596067,625803.6516259846,625803.1845772464,True,False,False,False,283.07746335874526,,
471,625804.0003576,625804.6383741593,625804.1690752925,625804.5842914346,625804.2231688264,625804.6514852396,625804.1856811175,True,False,False,False,283.60516377402047,,
472,625805.0003576,625805.6376701293,625805.1692819982,625805.5834776899,625805.2234843533,625805.6513602431,625805.1867931569,True,False,False,False,284.1278098493098,,
473,625806.0003576,625806.6369739033,625806.1694926021,625806.5826692667,625806.2238062762,625806.6512516611,625806.1879135203,True,False,False,False,284.64515569780326,,
474,625807.0003576,625807.636285793,625807.1697072394,625807.5818665259,625807.2241346794,625807.6511601543,625807.1890423351,True,False,False,False,285.15695543269067,,
475,625808.0003576,625808.6356061092,625808.1699260338,625808.5810698416,625808.224469634,625808.6510863777,625808.1901796996,True,False,False,False,285.6629631671619,,
476,625809.0003576,625809.6349351616,625809.1701490988,625809.5802795825,625809.2248111886,625809.6510309817,625809.1913256815,True,False,False,False,286.1629603351635,,
477,625810.0003576,625810.6342732594,625810.1703765392,625810.5794961142,625810.2251593814,625810.6509946112,625810.192480319,True,False,False,False,286.656646408372,,
478,625811.0003576,625811.6336207122,625811.1706084493,625811.5787198251,625811.22551424,625811.6509779049,625811.1936436193,True,False,False,False,287.1438301414907,,
479,625812.0003576,625812.6329778284,625812.1708449146,625812.5779510939,625812.2258757857,625812.650981494,625812.1948155579,True,False,False,False,287.62418368543933,,
480,625813.0003576,625813.6323449139,625813.1710860089,625813.5771902988,625813.2262440056,625813.6510060017,625813.1959960773,True,False,False,False,288.09751579492126,,
481,625814.0003576,625814.631722271,625814.1713317935,625814.576437831,625814.226618884,625814.65105204,625814.1971850838,True,False,False,False,288.56355326236957,,
482,625815.0003576,625815.6311101962,625815.1715823147,625815.5756940611,625815.2270003901,625815.651120208,625815.1983824477,True,False,False,False,289.0220228802175,,
483,625816.0003576,625816.6305089779,625816.1718376013,625816.5749593794,625816.2273884475,625816.6512110902,625816.1995880005,True,False,False,False,289.47267876165495,,
484,625817.0003576,625817.6299188945,625817.1720976632,625817.5742343529,625817.2277827715,625817.6513252519,625817.2008015325,True,False,False,False,289.91524769911507,,
485,625818.0003576,625818.6293402109,625818.1723624892,625818.5735193994,625818.2281832199,625818.6514632367,625818.2020227918,True,False,False,False,290.3494564850311,,
486,625819.0003576,625819.6287731752,625819.1726320465,625819.572814682,625819.228589834,625819.6516255597,625819.2032514827,True,False,False,False,290.77503191183627,,
487,625820.0003576,625820.628218014,625820.1729062779,625820.5721205309,625820.2290024508,625820.6518127013,625820.2044872607,True,False,False,False,291.1917554134771,,
488,625821.0003576,625821.6276749333,625821.1731850987,625821.5714372761,625821.2294208716,625821.6520251038,625821.2057297288,True,False,False,False,291.5993537823868,,
489,625822.0003576,625822.6271441223,625822.1734683977,625822.5707594369,625822.2298506406,625822.6522631738,625822.2069784354,True,False,False,False,291.99752649024185,,
490,625823.0003576,625823.6266257658,625823.1737560444,625823.5700988921,625823.2302799394,625823.6525272909,625823.208232878,True,False,False,False,292.38608229174554,,
491,625824.0003576,625824.626120056,625824.1740479004,625824.569450185,625824.230714287,625824.6528178169,625824.2094925139,True,False,False,False,292.76472065857433,,
492,625825.0003576,625825.6256271997,625825.1743438309,625825.5688136412,625825.2311534175,625825.6531351022,625825.2107567689,True,False,False,False,293.1331683831615,,
493,625826.0003576,625826.6251474186,625826.174643714,625826.5681896332,625826.2315970631,625826.6534794825,625826.212025045,True,False,False,False,293.4912068994536,,
494,625827.0003576,625827.6246809438,625827.1749474395,625827.567578522,625827.2320449888,625827.6538512735,625827.2132967196,True,False,False,False,293.83853567912706,,
495,625828.0003576,625828.6242280114,625828.1752549065,625828.5669749044,625828.2325027342,625828.6542507636,625828.2145711456,True,False,False,False,294.17496347688524,,
496,625829.0003576,625829.6237888578,625829.175566019,625829.5663907268,625829.23295848,625829.6546782092,625829.2158476466,True,False,False,False,294.50021708516124,,
497,625830.0003576,625830.6233637179,625830.1758806817,625830.5658205202,625830.2334178729,625830.655133832,625830.2171255173,True,False,False,False,294.81405061714497,,
498,625831.0003576,625831.6229528235,625831.1761987964,625831.5652633295,625831.2338819497,625831.6556178164,625831.218404022,True,False,False,False,295.11621818602634,,
499,625832.0003576,625832.6225564005,625832.176520258,625832.5647208419,625832.2343491655,625832.6561303085,625832.2196823945,True,False,False,False,295.40655586726524,,
500,625833.0003576,625833.6221746686,625833.1768449515,625833.564193441,625833.2348192488,625833.6566714125,625833.2209598362,True,False,False,False,295.6847631325382,,
501,625834.0003576,625834.6218078397,625834.1771727484,625834.563681486,625834.2352919217,625834.6572411903,625834.2222355185,True,False,False,False,295.9507033780618,,
502,625835.0003576,625835.6214561174,625835.1775035067,625835.5631853453,625835.2357668619,625835.6578396601,625835.2235085827,True,False,False,False,296.2041033962693,,
503,625836.0003576,625836.6211196976,625836.1778370694,625836.5627053936,625836.2362437589,625836.6584667959,625836.2247781414,True,False,False,False,296.44479926262056,,
504,625837.0003576,625837.6207987689,625837.1781732659,625837.5622419768,625837.2367222673,625837.6591225271,625837.2260432821,True,False,False,False,296.6725724110621,,
505,625838.0003576,625838.6204935131,625838.1785119125,625838.5617954594,625838.2372020329,625838.6598067391,625838.2273030702,True,False,False,False,296.88725891705394,,
506,625839.0003576,625839.6202041055,625839.1788528136,625839.5613661922,625839.2376826688,625839.6605192721,625839.2285565527,True,False,False,False,297.08864021454264,,
507,625840.0003576,625840.6199307141,625840.1791957621,625840.5609545283,625840.2381638016,625840.661259921,625840.2298027608,True,False,False,False,297.2765796997447,,
508,625841.0003576,625841.6196734989,625841.1795405396,625841.5605608044,625841.2386450175,625841.6620284363,625841.2310407134,True,False,False,False,297.4508861273634,,
509,625842.0003576,625842.6194326095,625842.1798869141,625842.5601853636,625842.2391259084,625842.6628245206,625842.2322694194,True,False,False,False,297.6113955728587,,
510,625843.0003576,625843.6192081817,625843.180234639,625843.559828527,625843.2396060296,625843.6636478291,625843.2334878808,True,False,False,False,297.7579987532039,,
511,625844.0003576,625844.6190003348,625844.1805834505,625844.5594906082,625844.24008493,625844.6644979666,625844.2346950946,True,False,False,False,297.8905317438588,,
512,625845.0003576,625845.6188091659,625845.1809330648,625845.559171893,625845.2405621262,625845.6653744851,625845.2358900534,True,False,False,False,298.0088579410401,,
513,625846.0003576,625846.6186347469,625846.181283176,625846.5588726493,625846.2410371266,625846.6662768801,625846.237071749,True,False,False,False,298.11286806172103,,
514,625847.0003576,625847.618477118,625847.1816334538,625847.558593113,625847.2415094103,625847.6672045866,625847.2382391719,True,False,False,False,298.20248014363165,,
515,625848.0003576,625848.6183362824,625848.1819835412,625848.5583334701,625848.2419784175,625848.6681569736,625848.2393913125,True,False,False,False,298.27761222450175,,
516,625849.0003576,625849.6182122065,625849.1823330519,625849.5580938908,625849.2424435773,625849.6691333437,625849.2405271607,True,False,False,False,298.3381550213048,,
517,625850.0003576,625850.6181048246,625850.1826815717,625850.5578744854,625850.2429042932,625850.6701329383,625850.2416457075,True,False,False,False,298.38408121328393,,
518,625851.0003576,625851.618014052,625851.1830286656,625851.557675352,625851.2433599333,625851.6711549496,625851.242745952,True,False,False,False,298.4153361589259,,
519,625852.0003576,625852.6179397996,625852.1833738899,625852.5574965909,625852.2438098824,625852.6721988013,625852.24382717,True,True,False,False,298.431892537474,298.42937902785945,0.002641427251630329
520,625853.0003576,625853.6178819826,625853.1837168064,625853.5573382935,625853.2442535182,625853.6732631112,625853.2448872437,True,True,False,False,298.43375034892824,298.3401767572991,0.15063500632765783
521,625854.0003576,625854.6178405222,625854.1840569896,625854.5572005573,625854.2446902315,625854.67434725,625854.2459274903,True,True,False,False,298.4208276310186,298.2386255047193,0.29736613265783024
522,625855.0003576,625855.6178153402,625855.1843940306,625855.5570834752,625855.2451194559,625855.6754503143,625855.2469450708,True,True,False,False,298.39320634601506,298.12480723239025,0.4425609333322126
523,625856.0003576,625856.6178063536,625856.1847275337,625856.5569871198,625856.2455406209,625856.6765713752,625856.2479398318,True,True,False,False,298.35088649391764,297.99866729879847,0.5860406361534077
524,625857.0003576,625857.6178134715,625857.1850571143,625857.5569115689,625857.2459531865,625857.6777094824,625857.2489110008,True,True,False,False,298.2938680747264,297.86034230772736,0.7275250699633129
525,625858.0003576,625858.6178365953,625858.1853823974,625858.5568568658,625858.2463566349,625858.6788636656,625858.2498578515,True,True,False,False,298.2222057299546,297.70980493842023,0.866857994184664
526,625859.0003576,625859.6178756186,625859.1857030164,625859.5568230457,625859.2467504427,625859.6800329401,625859.2507797072,True,True,False,False,298.13600874262903,297.5471917946606,1.0038321552648335
527,625860.0003576,625860.617930426,625860.1860186101,625860.5568101259,625860.2471341286,625860.6812163107,625860.2516759399,True,True,False,False,298.0353044335064,297.37253019720504,1.1382898718835295
528,625861.0003576,625861.618000892,625861.186328822,625861.556818117,625861.2475071982,625861.6824127724,625861.2525459705,True,True,False,False,297.92017476485665,297.1859021083236,1.2700968347740256
529,625862.0003576,625862.6180868777,625862.1866332961,625862.5568469912,625862.2478691792,625862.6836213144,625862.2533892691,True,True,False,False,297.79075634046325,296.98741681104303,1.3991421600840153
530,625863.0003576,625863.6181882317,625863.1869316765,625863.5568967077,625863.2482195992,625863.6848409227,625863.254205354,True,True,False,False,297.64713112259625,296.7771289468767,1.5253364150240536
531,625864.0003576,625864.6183047893,625864.1872236067,625864.5569672137,625864.2485579987,625864.6860705838,625864.2549937924,True,True,False,False,297.48943571503895,296.55514779885124,1.6485838702240543
532,625865.0003576,625865.6184363738,625865.1875087309,625865.5570584281,625865.2488839239,625865.6873092875,625865.2557541991,True,True,False,False,297.3177794008182,296.3216099707502,1.76883564714277
533,625866.0003576,625866.6185827968,625866.1877866942,625866.5571702358,625866.2491969327,625866.6885560327,625866.2564862389,True,True,False,False,297.13232610447403,296.0765701040868,1.8860344362241956
534,625867.0003576,625867.6187438604,625867.1880571453,625867.5573025311,625867.2494965994,625867.6898098311,625867.2571896259,True,True,False,False,296.9332397505465,295.8201648026445,2.0001414974891327
535,625868.0003576,625868.6189193577,625868.1883197378,625868.5574551653,625868.2497825113,625868.6910697103,625868.2578641251,True,True,False,False,296.72062962206235,295.55253067020675,2.111162807353105
536,625869.0003576,625869.619109072,625869.1885741304,625869.5576279798,625869.2500542623,625869.6923347192,625869.2585095521,True,True,False,False,296.494714285075,295.2737769898002,2.219067416521436
537,625870.0003576,625870.6193127767,625870.188819987,625870.5578207901,625870.2503114704,625870.6936039284,625870.2591257712,True,True,False,False,296.25565766412456,294.9839857236949,2.3238952389120873
538,625871.0003576,625871.6195302312,625871.1890569762,625871.5580334096,625871.250553765,625871.6948764324,625871.2597126961,True,True,False,False,296.0036236837511,294.6833481171876,2.425647555185529
539,625872.0003576,625872.6197611783,625872.1892847689,625872.5582655888,625872.2507807942,625872.6961513497,625872.2602702873,True,True,False,False,295.73880358925135,294.3719461325484,2.52436790779772
540,625873.0003576,625873.6200053389,625873.1895030364,625873.5585170691,625873.2509922152,625873.6974278209,625873.2607985488,True,True,False,False,295.46144326743547,294.04994369431734,2.620086178826279
541,625874.0003576,625874.6202624082,625874.1897114476,625874.5587875468,625874.251187683,625874.6987050076,625874.2612975256,True,True,False,False,295.17167932208685,293.7174774062778,2.712845056953518
542,625875.0003576,625875.6205320482,625875.1899096665,625875.5590766785,625875.2513668779,625875.6999820869,625875.2617672994,True,True,False,False,294.8697576400156,293.37468387221315,2.802727144779712
543,625876.0003576,625876.6208138866,625876.1900973497,625876.5593840617,625876.2515294813,625876.7012582503,625876.2622079845,True,True,False,False,294.5558967872752,293.0217270166636,2.8897977559888
544,625877.0003576,625877.6211075159,625877.190274145,625877.5597092445,625877.2516751768,625877.7025327021,625877.2626197236,True,True,False,False,294.230315329919,292.65874344341245,2.9741307420011824
545,625878.0003576,625878.6214124982,625878.1904396927,625878.5600517471,625878.251803653,625878.7038046627,625878.2630026855,True,True,False,False,293.8932864755139,292.2858970769998,3.0558091323039567
546,625879.0003576,625879.6217283788,625879.1905936312,625879.56041105,625879.2519146127,625879.7050733797,625879.2633570668,True,True,False,False,293.5450287901133,291.9033518419657,3.134954162754891
547,625880.0003576,625880.6220547012,625880.1907356065,625880.5607866187,625880.2520077829,625880.7063381383,625880.2636830949,True,True,False,False,293.18576083977064,291.511298983607,3.2116095892533556
548,625881.0003576,625881.6223910158,625881.1908652834,625881.5611779148,625881.2520828985,625881.7075982713,625881.2639810329,True,True,False,False,292.8157831528094,291.10990242646363,3.285918845771921
549,625882.0003576,625882.6227368847,625882.1909823515,625882.5615844068,625882.2521397481,625882.7088531589,625882.26425118,True,True,False,False,292.43534161603964,290.69932609507583,3.3579788356194364
550,625883.0003576,625883.6230918784,625883.1910865281,625883.5620055661,625883.2521781602,625883.7101022268,625883.2644938696,True,True,False,False,292.04465479551493,290.2797612347403,3.427838864223973
551,625884.0003576,625884.6234555717,625884.1911775565,625884.5624408385,625884.2521979858,625884.711344942,625884.2647094657,True,True,False,False,291.6440232195587,289.8513717699971,3.495676516503951
552,625885.0003576,625885.6238275445,625885.1912552053,625885.5628896907,625885.2521991238,625885.7125808119,625885.26489836,True,True,False,False,291.2336654542243,289.4143216253863,3.561561161568129
553,625886.0003576,625886.6242073821,625886.1913192682,625886.5633515635,625886.2521814931,625886.7138093873,625886.2650609734,True,True,False,False,290.81385470707863,288.96885668771813,3.6255715600353726
554,625887.0003576,625887.6245946791,625887.191369564,625887.5638259118,625887.2521450698,625887.7150302636,625887.2651977541,True,True,False,False,290.3848368649318,288.51511356077583,3.6878261729991
555,625888.0003576,625888.6249890395,625888.1914059359,625888.5643121788,625888.2520898397,625888.7162430827,625888.265309178,True,True,False,False,289.94688513535056,288.05328348985626,3.7484539202798954
556,625889.0003576,625889.6253900747,625889.1914293999,625889.564809827,625889.2520158257,625889.7174475302,625889.2653947615,True,True,False,False,289.50027272590177,287.5835850410128,3.8075013325414786
557,625890.0003576,625890.625797403,625890.1914363853,625890.5653183102,625890.2519230775,625890.7186433359,625890.2654573095,True,True,False,False,289.0452455233955,287.10623678029896,3.8650840961129176
558,625891.0003576,625891.6262106488,625891.1914302481,625891.5658370735,625891.2518116651,625891.7198302695,625891.2654960663,True,True,False,False,288.58207673539863,286.6213479907414,3.921326008172918
559,625892.0003576,625892.626629442,625892.1914097532,625892.5663655797,625892.2516816816,625892.721008142,625892.2655115905,True,True,False,False,288.1110122487212,286.12919187990695,3.976326960238092
560,625893.0003576,625893.6270534189,625893.1913748325,625893.5669032772,625893.2515332339,625893.722176803,625893.2655044566,True,True,False,False,287.63232527093,285.62990505157904,4.030192393353751
561,625894.0003576,625894.6274822236,625894.1913254336,625894.5674496368,625894.2513664545,625894.7233361406,625894.2654752531,True,True,False,False,287.1462343680785,285.12370607181106,4.08297481459914
562,625895.0003576,625895.6279155097,625895.1912615185,625895.5680041208,625895.2511814897,625895.7244860823,625895.2654245822,True,True,False,False,286.65304006849027,284.61078618589977,4.134852662666326
563,625896.0003576,625896.6283529422,625896.1911830665,625896.5685662021,625896.2509785016,625896.7256265951,625896.2653518666,True,True,False,False,286.1529882589753,284.0913093183853,4.185888689918308
564,625897.0003576,625897.6287941968,625897.1910900723,625897.5691353737,625897.2507576884,625897.7267576833,625897.2652598179,True,True,False,False,285.6462975055871,283.565494035321,4.23618193409805
565,625898.0003576,625898.6292389603,625898.1909825467,625898.5697111228,625898.2505192431,625898.7278793894,625898.2651481866,True,True,False,False,285.1332410158924,283.0334769404904,4.285866010781192
566,625899.0003576,625899.6296869267,625899.1908605141,625899.5702929489,625899.2502633894,625899.7289917893,625899.2650176205,True,True,False,False,284.6140646767014,282.4955312414602,4.334987023744632
567,625900.0003576,625900.6301377935,625900.1907240108,625900.5708803596,625900.2499903552,625900.73009499,625900.2648687756,True,True,False,False,284.08901437482416,281.9517662212571,4.383688406960938
568,625901.0003576,625901.630591257,625901.1905730823,625901.5714728485,625901.2497003805,625901.731189124,625901.2647023131,True,True,False,False,283.55830867631414,281.4023458044213,4.43208456609871
569,625902.0003576,625902.6310470074,625902.1904077791,625902.5720699152,625902.2493937148,625902.7322743437,625902.2645188961,True,True,False,False,283.02219346798154,280.84748855700616,4.48023611908683
570,625903.0003576,625903.6315047236,625903.1902281537,625903.5726710309,625903.2490706089,625903.733350815,625903.2643191877,True,True,False,False,282.48094195739304,280.2873857243084,4.528282657916462
571,625904.0003576,625904.63196407,625904.1900342586,625904.573275672,625904.2487313128,625904.7344187133,625904.2641038478,True,True,False,False,281.93474538984543,279.7222012308682,4.576315963254577
572,625905.0003576,625905.6324246989,625905.1898261439,625905.5738832764,625905.2483760872,625905.73547822,625905.2638735308,True,True,False,False,281.38387697290557,279.15209900122557,4.624422693126268
573,625906.0003576,625906.6328862528,625906.1896038584,625906.5744932865,625906.2480051722,625906.7365295237,625906.2636288868,True,True,False,False,280.8285552726269,278.577297601434,4.672720668294722
574,625907.0003576,625907.6333483756,625907.1893674533,625907.5751051543,625907.2476188258,625907.7375728239,625907.2633705626,True,True,False,False,280.2690534965761,277.9979609560335,4.721327282636294
575,625908.0003576,625908.6338107206,625908.1891169862,625908.5757183261,625908.2472172978,625908.7386083351,625908.2630992043,True,True,False,False,279.70559021080675,277.4142803103209,4.770298458324816
576,625909.0003576,625909.6342729602,625909.1888525281,625909.57633228,625909.2468008655,625909.7396362917,625909.2628154589,True,True,False,False,279.13843862288553,276.8264742303496,4.819752869897116
577,625910.0003576,625910.634734787,625910.1885741653,625910.5769465117,625910.2463698017,625910.740656944,625910.2625199731,True,True,False,False,278.56781729886603,276.234679319903,4.869810899437317
578,625911.0003576,625911.635195913,625911.1882819999,625911.5775605516,625911.2459244003,625911.7416705566,625911.2622133908,True,True,False,False,277.99397212555823,275.63911414503457,4.920528896006069
579,625912.0003576,625912.6356560674,625912.1879761494,625912.5781735551,625912.2454653563,625912.7426774031,625912.2618963504,True,True,False,False,277.417176310529,275.03999727179774,4.971866732242001
580,625913.0003576,625913.6361149966,625913.187656746,625913.5787844326,625913.2449936135,625913.7436777665,625913.261569486,True,True,False,False,276.83759377831836,274.43762922851596,5.023749276064241
581,625914.0003576,625914.6365724667,625914.1873239384,625914.5793997039,625914.2445025846,625914.7446719417,625914.2612334294,True,True,False,False,276.2554977364932,273.8311903924889,5.0784053035763295
582,625915.0003576,625915.6370282662,625915.1869778915,625915.5800073997,625915.2440041866,625915.7456602366,625915.2608888135,True,True,False,False,275.6711340718636,273.2225385751707,5.132241708388016
583,625916.0003576,625916.6374822066,625916.1866187886,625916.5806129462,625916.2434929955,625916.7466429744,625916.2605362749,True,True,False,False,275.084721350483,272.6110180784011,5.187168382145966
584,625917.0003576,625917.6379341215,625917.1862468284,625917.5812160212,625917.2429693596,625917.7476204927,625917.2601764533,True,True,False,False,274.4964781384048,271.9968201474769,5.243241673910832
585,625918.0003576,625918.6383838647,625918.1858622234,625918.5818163011,625918.242433671,625918.7485931413,625918.2598099923,True,True,False,False,273.9066503224392,271.3801360276948,5.300549949255001
586,625919.0003576,625919.638831309,625919.1854651985,625919.582413516,625919.2418863063,625919.7495612807,625919.259437537,True,True,False,False,273.31548378939624,270.7611569643515,5.359150837899595
587,625920.0003576,625920.6392763455,625920.1850559884,625920.5830131755,625920.241321871,625920.7505252813,625920.2590597358,True,True,False,False,272.72314246381603,270.13919993853017,5.42093544847106
588,625921.0003576,625921.6397188823,625921.184634838,625921.5836034842,625921.2407523188,625921.7514855214,625921.2586772372,True,True,False,False,272.12989955326543,269.5161227616849,5.482296587313986
589,625922.0003576,625922.6401588449,625922.184202001,625922.5841899974,625922.2401722699,625922.7524423874,625922.2582906925,True,True,False,False,271.5359736237978,268.89129705641216,5.5450920658826135
590,625923.0003576,625923.6405961784,625923.1837577394,625923.584772532,625923.2395821237,625923.7533962745,625923.2579007542,True,True,False,False,270.9415832414666,268.264886747252,5.609443973808358
591,625924.0003576,625924.6410308469,625924.1833023254,625924.5853509144,625924.2389822782,625924.7543475861,625924.2575080781,True,True,False,False,270.34694697232527,267.63708307950105,5.675346334675695
592,625925.0003576,625925.6414628336,625925.1828360402,625925.5859252532,625925.2383728884,625925.7552967349,625925.2571133228,True,True,False,False,269.7522833824273,267.00799533618624,5.742986551799978
593,625926.0003576,625926.6418921391,625926.1823591718,625926.5864952942,625926.2377545146,625926.7562441407,625926.2567171499,True,True,False,False,269.1578110378261,266.37781476260415,5.812359075652505
594,625927.0003576,625927.642318777,625927.181872016,625927.5870607708,625927.2371277299,625927.757190228,625927.2563202213,True,True,False,False,268.56372118381836,265.74673260405166,5.8834579298177525
595,625928.0003576,625928.6427427689,625928.1813748712,625928.5876215826,625928.2364929375,625928.7581354217,625928.2559232004,True,True,False,False,267.9702597072143,265.1149401058255,5.956340744016844
596,625929.0003576,625929.6431641392,625929.1808680368,625929.5881776637,625929.23585055,625929.7590801425,625929.2555267471,True,True,False,False,267.37761785331065,264.4826011924657,6.031031423911871
597,625930.0003576,625930.6435829087,625930.1803518108,625930.5887289293,625930.2352009524,625930.7600248028,625930.2551315185,True,True,False,False,266.78601418816083,263.84985246775574,6.1076482171528435
598,625931.0003576,625931.6439990911,625931.1798264862,625931.5892752971,625931.2345445491,625931.7609698,625931.2547381662,True,True,False,False,266.19566727781825,263.2168578562356,6.186242350158534
599,625932.0003576,625932.6444126912,625932.1792923498,625932.5898166831,625932.2338817081,625932.7619155159,625932.2543473367,True,True,False,False,265.6067683675798,262.5837812824455,6.26679845500331
600,625933.0003576,625933.6448237048,625933.1787496835,625933.5903529876,625933.2332128073,625933.7628623128,625933.2539596714,True,True,False,False,265.01956334425546,261.9508139916821,6.349427095374363
601,625934.0003576,625934.6452321231,625934.1781987627,625934.5908841176,625934.2325382122,625934.7638105352,625934.2535758072,True,True,False,False,264.4342707738987,261.31811990848547,6.434172240614473
602,625935.0003576,625935.6456379357,625935.1776398604,625935.591409974,625935.2318582782,625935.7647605084,625935.2531963771,True,True,False,False,263.851109222563,260.6858629573957,6.521075725632307
603,625936.0003576,625936.6460411379,625936.177073248,625936.5919304849,625936.2311733527,625936.7657125413,625936.2528220108,True,True,False,False,263.27029725630183,260.0542070629529,6.610209267414151
604,625937.0003576,625937.6464417318,625937.1764991968,625937.5924455643,625937.2304837855,625937.7666669239,625937.2524533318,True,True,False,False,262.6920807619252,259.42334347045386,6.701641594738526
605,625938.0003576,625938.6468397293,625938.1759179793,625938.5929551614,625938.2297899191,625938.767623926,625938.2520909556,True,True,False,False,262.11670562624334,258.7934361044386,6.795406858551284
606,625939.0003576,625939.64723515,625939.175329868,625939.5934592262,625939.2290920985,625939.7685837939,625939.2517354852,True,True,False,False,261.5443630945529,258.16467621020394,6.891533660269574
607,625940.0003576,625940.6476280217,625940.1747351359,625940.5939577298,625940.2283906498,625940.7695467477,625940.2513875093,True,True,False,False,260.97535369517755,257.53722771228985,6.990109084805314
608,625941.0003576,625941.6480183813,625941.174134057,625941.5944506457,625941.2276859152,625941.7705129823,625941.2510476031,True,True,False,False,260.40984135265717,256.9112818559932,7.091120752440633
609,625942.0003576,625942.6484062767,625942.1735269094,625942.5949379643,625942.2269782193,625942.77148267,625942.2507163307,True,True,False,False,259.8480992745586,256.28700256585404,7.194645502803692
610,625943.0003576,625943.6487917695,625943.1729139774,625943.5954197057,625943.2262679006,625943.7724559626,625943.25039425,True,True,False,False,259.2903733476921,255.66458108716913,7.300696996272834
611,625944.0003576,625944.6491749366,625944.1722955531,625944.5958958972,625944.2255553046,625944.7734329938,625944.250081915,True,True,False,False,258.73685481735424,255.0442086652352,7.409315787096254
612,625945.0003576,625945.6495558694,625945.1716719365,625945.59636658,625945.2248407672,625945.7744138783,625945.2497798766,True,True,False,False,258.18781689111194,254.42610386610573,7.520512974331354
613,625946.0003576,625946.6499346734,625946.1710434353,625946.5968318305,625946.2241246424,625946.7753987121,625946.2494886834,True,True,False,False,257.64350545577526,253.81037597280744,7.634359421190774
614,625947.0003576,625947.6503114677,625947.1704103632,625947.5972917216,625947.2234072727,625947.7763875707,625947.2492088804,True,True,False,False,257.1041390773977,253.1972708721504,7.750799632387505
615,625948.0003576,625948.6506863821,625948.1697730394,625948.5977463609,625948.2226890175,625948.777380507,625948.248941008,True,True,False,False,256.5699363220327,252.58695248867474,7.869934353211805
616,625949.0003576,625949.6510595591,625949.1691317887,625949.5981959259,625949.2219701902,625949.7783775518,625949.2486856021,True,True,False,False,256.0411977180036,251.9796120676772,7.9917371166806435
617,625950.0003576,625950.6514311533,625950.1684869409,625950.5986405996,625950.2212510287,625950.7793787133,625950.248443193,True,True,False,False,255.51811451060738,251.3754135336979,8.116306106763336
618,625951.0003576,625951.6518013326,625951.1678388319,625951.5990804137,625951.2205320465,625951.780383978,625951.2482143063,True,True,False,False,255.0009599074107,250.7745754527902,8.243583266851939
619,625952.0003576,625952.6521702791,625952.1671878037,625952.599515516,625952.2198136093,625952.7813933117,625952.247999463,True,True,False,False,254.489952474467,250.17728907025094,8.373570304493743
620,625953.0003576,625953.6525381887,625953.166534205,625953.5999460923,625953.2190960788,625953.782406661,625953.2477991793,True,True,False,False,253.9853107778298,249.5837729521335,8.506302224408248
621,625954.0003576,625954.6529052698,625954.1658783895,625954.6003723374,625954.2183798299,625954.7834239514,625954.2476139667,True,True,False,False,253.48733534582252,248.99416370222133,8.641812323767654
622,625955.0003576,625955.653271738,625955.1652207151,625955.6007944521,625955.2176652298,625955.7844450853,625955.2474443275,True,True,False,False,252.99619010298522,248.40867988656782,8.780070720494345
623,625956.0003576,625956.6536378101,625956.1645615397,625956.601212646,625956.2169526507,625956.7854699374,625956.2472907526,True,True,False,False,252.51217557764144,247.82751275046977,8.92107741458832
624,625957.0003576,625957.6540036979,625957.1639012177,625957.6016271202,625957.2162424439,625957.7864983485,625957.2471537178,True,True,False,False,252.03545569433123,247.25079889771058,9.064920344735143
625,625958.0003576,625958.6543696038,625958.1632400998,625958.6020380812,625958.2155349737,625958.7875301226,625958.2470336808,True,True,False,False,251.5663309813781,246.67878421510036,9.211503034512786
626,625959.0003576,625959.6547357175,625959.1625785308,625959.6024457143,625959.2148305844,625959.7885650233,625959.2469310821,True,True,False,False,251.10496536332207,246.11163262717918,9.360907446191291
627,625960.0003576,625960.6551022152,625960.1619168511,625960.6028501972,625960.2141296169,625960.7896027714,625960.2468463439,True,True,False,False,250.65165936848666,245.5495353792438,9.51312162693961
628,625961.0003576,625961.6554692623,625961.1612553967,625961.6032516942,625961.2134324036,625961.790643044,625961.2467798712,True,True,False,False,250.20657692141194,244.99268371659102,9.668133623926694
629,625962.0003576,625962.6558370122,625962.1605945006,625962.6036503661,625962.2127392848,625962.7916854715,625962.2467320489,True,True,False,False,249.7700185504214,244.44126888451754,9.825956243757242
630,625963.0003576,625963.6562056097,625963.1599344909,625963.6040463598,625963.2120505671,625963.792729636,625963.2467040599,True,True,False,False,249.3422028215685,243.89548212832017,9.986602293035942
631,625964.0003576,625964.6565751908,625964.159275691,625964.6044398329,625964.21136658,625964.7937750674,625964.2466939255,True,True,False,False,248.9233756216633,243.355569334809,10.150077748178319
632,625965.0003576,625965.6569458842,625965.1586184176,625965.6048251262,625965.2106934063,625965.7948212428,625965.2467033961,True,True,False,False,248.5137555167593,242.82270529652126,10.314700675101259
633,625966.0003576,625966.6573178109,625966.1579629802,625966.6052139587,625966.2100197682,625966.7958675828,625966.246734018,True,True,False,False,248.1135883936666,242.2951414850295,10.483811036308897
634,625967.0003576,625967.6576910857,625967.157309681,625967.605600671,625967.209351745,625967.7969134517,625967.246784196,True,True,False,False,247.72312013919532,241.77405269287087,10.655759341116676
635,625968.0003576,625968.658065818,625968.156658815,625968.6059853969,625968.2086896027,625968.797958158,625968.2468546422,True,True,False,False,247.34259664015556,241.25968480685555,10.830466188575492
636,625969.0003576,625969.6584421133,625969.1560106738,625969.6063682606,625969.2080336201,625969.7990009568,625969.246945468,True,True,False,False,246.9722091418441,240.7522290722803,11.00795633812109
637,625970.0003576,625970.6588200768,625970.1553655467,625970.6067493948,625970.2073840601,625970.8000410541,625970.2470567392,True,True,False,False,246.61223085182775,240.25195869671188,11.188162341635413
638,625971.0003576,625971.659199815,625971.1547237244,625971.6071289264,625971.2067411891,625971.8010776106,625971.2471884759,True,True,False,False,246.26282569464658,239.7590376046904,11.371096151949512
639,625972.0003576,625972.6595814363,625972.1540855009,625972.6075070071,625972.2061052679,625972.8021097449,625972.2473406559,True,True,False,False,245.9242395571107,239.27376632453934,11.556675806793343
640,625973.0003576,625973.6599650532,625973.153451175,625973.6078837676,625973.2054765689,625973.8031365369,625973.2475132141,True,True,False,False,245.59669100527358,238.7963634223121,11.744875692957521
641,625974.0003576,625974.6603507812,625974.1528210498,625974.6082593643,625974.2048553537,625974.8041570287,625974.2477060435,True,True,False,False,245.28037128443194,238.3270474640622,11.935632631192222
642,625975.0003576,625975.6607387378,625975.1521954327,625975.6086339569,625975.2042419079,625975.8051702264,625975.2479189921,True,True,False,False,244.97547163988258,237.8660643365997,12.128909909230657
643,625976.0003576,625976.6611290432,625976.1515746347,625976.6090076977,625976.2036364932,625976.8061751013,625976.2481518618,True,True,False,False,244.68218331692222,237.41368724749142,12.32460678178257
644,625977.0003576,625977.6615218199,625977.1509589704,625977.6093807562,625977.2030393857,625977.8071705932,625977.2484044079,True,True,False,False,244.40072488160433,236.97016208354748,12.522674583750124
645,625978.0003576,625978.6619171945,625978.150348759,625978.6097532986,625978.2024508623,625978.8081556133,625978.2486763366,True,True,False,False,244.13123293771233,236.53573473157797,12.723030499089631
646,625979.0003576,625979.6623152993,625979.1497443249,625979.6101255092,625979.2018711964,625979.8091290491,625979.2489673079,True,True,False,False,243.87389873054292,236.11067839914975,12.925614763645857
647,625980.0003576,625980.6627162739,625980.1491459983,625980.6104975723,625980.2013006837,625980.8100897712,625980.2492769349,True,True,False,False,243.62885886387954,235.6952389730729,13.130305287787383
648,625981.0003576,625981.6631202656,625981.1485541174,625981.6108696909,625981.2007395985,625981.8110366391,625981.2496047874,True,True,False,False,243.39627726226226,235.28966234015752,13.337033769622513
649,625982.0003576,625982.6635274279,625982.1479690259,625982.61124207,625982.2001882348,625982.8119685049,625982.249950391,True,True,False,False,243.1763178502312,234.89424902872716,13.54569690254005
650,625983.0003576,625983.6639379167,625983.1473910711,625983.6116149214,625983.1996468912,625983.8128842169,625983.2503132261,True,True,False,False,242.9690625900563,234.50924492559187,13.75616064407753
651,625984.0003576,625984.6643518829,625984.1468206006,625984.6119884541,625984.1991158547,625984.8137826179,625984.2506927256,True,True,False,False,242.7746207647644,234.1349232383185,13.968338763096684
652,625985.0003576,625985.6647694653,625985.146257957,625985.6123628694,625985.1985954117,625985.8146625443,625985.2510882716,True,True,False,False,242.5931289781388,233.77150253296045,14.182136490722776
653,625986.0003576,625986.6651907864,625986.1457034778,625986.6127383527,625986.1980858295,625986.8155228258,625986.2514991942,True,True,False,False,242.4246691924496,233.41928333784125,14.397398440152191
654,625987.0003576,625987.6656159507,625987.1451574957,625987.6131150781,625987.1975873833,625987.8163622867,625987.2519247758,True,True,False,False,242.26926872845348,233.07853886052763,14.614108389685647
655,625988.0003576,625988.6660450455,625988.1446203422,625988.6134931983,625988.1971003368,625988.8171797476,625988.2523642532,True,True,False,False,242.1270641899338,232.7494876670731,14.832148518559965
656,625989.0003576,625989.6664781417,625989.1440923472,625989.6138728627,625989.196624941,625989.8179740265,625989.2528168198,True,True,False,False,241.9980555768906,232.4324302858011,15.051226836188123
657,625990.0003576,625990.6669152919,625990.1435738385,625990.6142541983,625990.1961614569,625990.8187439358,625990.2532816229,True,True,False,False,241.88229753083723,232.12766724503516,15.271189663313798
658,625991.0003576,625991.6673565276,625991.1430651359,625991.6146373199,625991.1957101272,625991.8194882798,625991.2537577548,True,True,False,False,241.77984469328706,231.83541711082864,15.491948207477781
659,625992.0003576,625992.6678018586,625992.142566548,625992.6150223159,625992.1952711785,625992.8202058519,625992.2542442472,True,True,False,False,241.6907243849967,231.55600773226175,15.71311314789738
660,625993.0003576,625993.6682512702,625993.1420783673,625993.6154092599,625993.1948448156,625993.8208954337,625993.2547400624,True,True,False,False,241.61493660596625,231.28968499614462,15.934749371369708
661,625994.0003576,625994.6687047258,625994.1416008698,625994.6157982058,625994.1944312304,625994.8215557958,625994.2552440905,True,True,False,False,241.55248135619567,231.03672211004402,16.15664855712508
662,625995.0003576,625995.6691621682,625995.1411343161,625995.6161891818,625995.1940305933,625995.822185701,625995.2557551474,True,True,False,False,241.50335863568492,230.7974742437968,16.378610922130278
663,625996.0003576,625996.6696235226,625996.1406789513,625996.616582217,625996.1936430589,625996.8227839088,625996.2562719784,True,True,False,False,241.46748648216402,230.57218728421313,16.60043326825749
664,625997.0003576,625997.6700886991,625997.1402350108,625997.616977309,625997.1932687626,625997.8233491802,625997.256793261,True,True,False,False,241.44486489563295,230.36113443885972,16.821902152095156
665,625998.0003576,625998.6705575956,625998.1398027204,625998.6173744589,625998.1929078393,625998.8238802836,625998.257317611,True,True,False,False,241.43541191382164,230.16458891530345,17.042781932116903
666,625999.0003576,625999.6710300995,625999.1393823016,625999.617773656,625999.192560405,625999.8243759985,625999.2578435892,True,True,False,False,241.4390455744601,229.9829332041378,17.262766957357382
667,626000.0003576,626000.6715060896,626000.1389739711,626000.6181748793,626000.1922265792,626000.8248351198,626000.2583697056,True,True,False,False,241.45565659452157,229.81641319217286,17.481611341006467
668,626001.0003576,626001.6719854353,626001.1385779434,626001.6185781098,626001.1919064663,626001.8252564603,626001.2588944247,True,True,False,False,241.485163011736,229.6653294077322,17.69902821511902
669,626002.0003576,626002.6724679985,626002.1381944299,626002.6189833204,626002.1916001757,626002.8256388521,626002.2594161686,True,True,False,False,241.52740090156337,229.52995505838254,17.914711928729684
670,626003.0003576,626003.672953631,626003.1378236392,626003.6193904686,626003.1913078013,626003.825981145,626003.259933318,True,True,False,False,241.5822609809769,229.41061799320408,18.128334632758296
671,626004.0003576,626004.6734421772,626004.137465776,626004.6197995219,626004.1910294377,626004.8262822088,626004.2604442148,True,True,False,False,241.64957932543658,229.3076187405203,18.33955652529365
672,626005.0003576,626005.6739334741,626005.1371210406,626005.6202104243,626005.1907651676,626005.8265409321,626005.2609471628,True,True,False,False,241.72919201040224,229.22125782865464,18.547984870458464
673,626006.0003576,626006.6744273524,626006.1367896311,626006.6206231224,626006.1905150778,626006.8267562252,626006.2614404308,True,True,False,False,241.82090779057717,229.1517948047956,18.753290111625294
674,626007.0003576,626007.6749236407,626007.136471743,626007.6210375793,626007.1902792394,626007.8269270225,626007.2619222568,True,True,False,False,241.9245354206646,229.0995301972667,18.95506243744393
675,626008.0003576,626008.6754221679,626008.1361675716,626008.621453729,626008.1900577347,626008.8270522871,626008.2623908536,True,True,False,False,242.0398563346111,229.06477819476964,19.152856178071037
676,626009.0003576,626009.6759227642,626009.1358773129,626009.6218715307,626009.1898506304,626009.8271310141,626009.2628444154,True,True,False,False,242.16665196636322,229.0478256652497,19.34624786177807
677,626010.0003576,626010.6764252628,626010.1356011638,626010.6222909392,626010.1896580112,626010.827162235,626010.2632811237,True,True,False,False,242.3047037498675,229.04893215589522,19.53477303570147
678,626011.0003576,626011.6769294962,626011.1353393199,626011.6227119134,626011.1894799396,626011.8271450186,626011.2636991516,True,True,False,False,242.4537111568005,229.06835721389473,19.717972369619552
679,626012.0003576,626012.677435291,626012.1350919709,626012.6231344027,626012.1893164917,626012.8270784679,626012.2640966657,True,True,False,False,242.61345562110876,229.10637404681503,19.895314816324348
680,626013.0003576,626013.6779424595,626013.1348592967,626013.6235583425,626013.189167714,626013.8269617176,626013.2644718261,True,True,False,False,242.78360929371212,229.16321488108787,20.06632397012125
681,626014.0003576,626014.6784507972,626014.1346414648,626014.6239841504,626014.1890336461,626014.8267939275,626014.2648227883,True,True,False,False,242.96395360855715,229.23909828276672,20.230453415876656
682,626015.0003576,626015.6789600814,626015.1344386342,626015.6244128007,626015.1889125914,626015.8265742818,626015.2651477072,True,True,False,False,243.1541060750503,229.33384666693314,20.387556304523414
683,626016.0003576,626016.6794700739,626016.134250958,626016.6248366644,626016.1888118978,626016.826301985,626016.2654447425,True,True,False,False,243.35382080638146,229.4493315054197,20.535276220797865
684,626017.0003576,626017.6799805204,626017.134078586,626017.6252672103,626017.1887203717,626017.8259762537,626017.2657120589,True,True,False,False,243.56274263271382,229.58320321315196,20.675793702592536
685,626018.0003576,626018.6804911471,626018.1339216589,626018.6256985734,626018.1886437743,626018.8255963072,626018.2659478167,True,True,False,False,243.78057102572387,229.73690979023394,20.807085306365813
686,626019.0003576,626019.6810016551,626019.133780299,626019.626124827,626019.1885820363,626019.825161353,626019.2661501584,True,True,False,False,244.00700545708813,229.910587840449,20.928544852828857
687,626020.0003576,626020.6815117178,626020.1336546026,626020.6265573467,626020.1885409063,626020.8246705765,626020.2663171932,True,True,False,False,244.2416634362131,230.10571268465793,21.038022539940407
688,626021.0003576,626021.6820209792,626021.1335446327,626021.626989603,626021.1885087428,626021.824123132,626021.2664469834,True,True,False,False,244.48421711401858,230.31974349248947,21.13778257541032
689,626022.0003576,626022.682529056,626022.1334504196,626022.6274210991,626022.1884924275,626022.8235181395,626022.2665375373,True,True,False,False,244.73431132066776,230.5544014716144,21.22532852509696
690,626023.0003576,626023.6830355427,626023.1333719627,626023.6278524131,626023.1884906596,626023.82285468,626023.2665859058,True,True,False,False,244.99156356556713,230.80946805597938,21.300209596515103
691,626024.0003576,626024.6835400157,626024.1333092332,626024.6282832479,626024.1885031587,626024.8221317967,626024.2665926807,True,True,False,False,245.25559135812313,231.08494324558433,21.361708619801895
692,626025.0003576,626025.6840420379,626025.1332621793,626025.6287132978,626025.188529755,626025.8213484939,626025.2665529987,True,True,False,False,245.52601220774227,231.38082704042927,21.40899572697319
693,626026.0003576,626026.6845411616,626026.1332307293,626026.6291422354,626026.1885702508,626026.8205037385,626026.2664655412,True,True,False,False,245.80238898231767,231.69717408202757,21.441225682119185
694,626027.0003576,626027.6850369326,626027.1332147934,626027.629569729,626027.1886244245,626027.8195964592,626027.2663280382,True,True,False,False,246.0843391912558,232.03387508735253,21.457541296499052
695,626028.0003576,626028.6855288902,626028.1332142672,626028.6299954492,626028.1886920537,626028.8186255458,626028.2661381692,True,True,False,False,246.37142570244978,232.3909573771608,21.456974390797942
696,626029.0003576,626029.6860165701,626029.1332284091,626029.6304190346,626029.1887729003,626029.8175898467,626029.2658935632,True,True,False,False,246.66318406303606,232.76822970615564,21.438645578160212
697,626030.0003576,626030.6864995037,626030.1332589558,626030.630840136,626030.1888667167,626030.8164881663,626030.2655917974,True,True,False,False,246.95914982015103,233.1655827913103,21.401538867946826
698,626031.0003576,626031.6869772202,626031.1333038909,626031.6312583976,626031.1889732446,626031.8153192615,626031.2652303933,True,True,False,False,247.25891316244454,233.58285270808472,21.34465534499167
699,626032.0003576,626032.6874492462,626032.133363677,626032.6316734441,626032.1890922098,626032.814081837,626032.2648068129,True,True,False,False,247.56195499553968,234.0198482111821,21.266931207331506
700,626033.0003576,626033.6879151086,626033.1334381381,626033.6320849123,626033.1892233372,626033.8127745441,626033.2643184538,True,True,False,False,247.86778354581617,234.47629609303573,21.167321436023332
701,626034.0003576,626034.6883743368,626034.1335270859,626034.6324924238,626034.1893663355,626034.8113971765,626034.2637626498,True,True,False,False,248.17593436041048,234.95189582532205,21.044692219664924
702,626035.0003576,626035.6888264669,626035.1336303202,626035.6328956106,626035.1895209107,626035.809946018,626035.2631366686,True,True,False,False,248.48588834494564,235.4463742004743,20.897901209117595
703,626036.0003576,626036.6892710461,626036.1337476321,626036.6332941058,626036.1896867548,626036.8084206504,626036.2624377175,True,True,False,False,248.7970990842881,235.95929408638557,20.725775319391396
704,626037.0003576,626037.689707635,626037.1338788066,626037.6336875448,626037.189863581,626037.8068195416,626037.26166295,True,True,False,False,249.10904748406094,236.49027299246237,20.527141465496378
705,626038.0007141,626038.6901358115,626038.134023624,626038.634075587,626038.1900510819,626038.8051411335,626038.2608094756,True,True,False,False,249.42118712913052,237.03884646584112,20.30074972281443
706,626039.0007141,626039.69055517,626039.1341818613,626039.6344578946,626039.1902489669,626039.8033838521,626039.259874369,True,True,False,False,249.73294428360657,237.6044680913882,20.04535528936931
707,626040.0007141,626040.6909653186,626040.1343532887,626040.6348341412,626040.1904569345,626040.8015461166,626040.2588546823,True,True,False,False,250.04374521159883,238.18661877472675,19.75973043865772
708,626041.0007141,626041.6913658739,626041.1345376666,626041.6352039888,626041.1906746848,626041.7996263476,626041.2577474515,True,True,False,False,250.353016177217,238.78467013845307,19.442560359264423
709,626042.0007141,626042.691756458,626042.1347347465,626042.6355671231,626042.1909019208,626042.797622975,626042.2565497102,True,True,False,False,250.66015612381415,239.39791184289348,19.09263610770633
710,626043.0007141,626043.6921367,626043.1349442727,626043.6359232177,626043.1911383257,626043.7955344492,626043.2552585017,True,True,False,False,250.9645639947433,240.0256881898877,18.708671900872183
711,626044.0007141,626044.6925062365,626044.1351659889,626044.636271943,626044.1913836101,626044.7933592496,626044.2538708949,True,True,False,False,251.26561141260075,240.66723419824865,18.289426351880337
712,626045.0007141,626045.6928647128,626045.1353996405,626045.6366129917,626045.1916374759,626045.7910958901,626045.2523839925,True,True,False,False,251.56272464149632,241.3217029245193,17.83367685686936
713,626046.0007141,626046.6932117769,626046.1356449672,626046.6369460326,626046.1918996255,626046.7887429204,626046.2507949334,True,True,False,False,251.85522066251295,241.98827474599915,17.340255453491178
714,626047.0007141,626047.6935470749,626047.1359016937,626047.637270751,626047.1921697552,626047.7862989292,626047.2491008877,True,True,False,False,252.14255306051703,242.66610271923122,16.80793612278977
715,626048.0007141,626048.6938702443,626048.1361695165,626048.6375867907,626048.192447539,626048.7837625518,626048.2472990544,True,True,False,False,252.42401149583492,243.354203296975,16.235672138274836
716,626049.0007141,626049.6941809133,626049.1364480988,626049.6378938011,626049.1927326181,626049.7811324857,626049.2453866678,True,True,False,False,252.69899491181963,244.05167489426,15.622302367787475
717,626050.0007141,626050.6944787058,626050.13673707,626050.6381914031,626050.1930246183,626050.7784075134,626050.2433610135,True,True,False,False,252.96682028955416,244.75756128460247,14.966325877257573
718,626051.0007141,626051.6947632437,626051.1370360309,626051.6384792142,626051.1933231391,626051.7755865331,626051.2412194575,True,True,False,False,253.2269958554183,245.47082427924857,14.267153562869217
719,626052.0007141,626052.6950341521,626052.137344559,626052.6387568492,626052.1936277571,626052.772668594,626052.2389594805,True,True,False,False,253.47851074141485,246.1904530102011,13.524434523653799
720,626053.0007141,626053.6952910649,626053.1376622133,626053.6390239295,626053.1939380564,626053.7696529378,626053.2365787232,True,True,False,False,253.72081853241022,246.9153546471929,12.737005066131479
721,626054.0007141,626054.6955336267,626054.137988541,626054.6392800575,626054.1942536058,626054.7665390433,626054.2340750357,True,True,False,False,253.9532908510008,247.6445183222268,11.904226567614858
722,626055.0007141,626055.695761496,626055.13832308,626055.6395248767,626055.1945739607,626055.7633266738,626055.2314465332,True,True,False,False,254.17516271599948,248.37687852579225,11.025600424294526
723,626056.0007141,626056.6959743467,626056.1386653625,626056.639758011,626056.1948987021,626056.760015927,626056.2286916547,True,True,False,False,254.385778429246,249.1112877861087,10.100944782383833
724,626057.0007141,626057.6961718693,626057.1390149181,626057.6399791045,626057.1952273892,626057.7566072836,626057.2258092235,True,True,False,False,254.58448229258,249.8467079144223,9.130277571129348
725,626058.0007141,626058.6963537701,626058.1393712738,626058.640187812,626058.1955595996,626058.7531016567,626058.2227985079,True,True,False,False,254.7705912870845,250.5820187597092,8.11406580471557
726,626059.0007141,626059.696519773,626059.1397339557,626059.6403838024,626059.1958949212,626059.7495004407,626059.2196592833,True,True,False,False,254.94350435611256,251.31618213321553,7.053304129440387
727,626060.0007141,626060.6966696174,626060.1401024892,626060.6405667557,626060.1962329372,626060.7458055585,626060.2163918931,True,True,False,False,255.1025931222605,252.04807788391741,5.949816632699012
728,626061.0007141,626061.6968030608,626061.1404763991,626061.64073635,626061.1965732302,626061.7420195104,626061.2129973101,True,True,False,False,255.24728384963802,252.77664050230433,4.806796001041603
729,626062.0007141,626062.6969198799,626062.1408552125,626062.6408922968,626062.1969153981,626062.7381454206,626062.2094771997,True,True,False,False,255.37708476462495,253.50085912037912,3.6299236711971403
730,626063.0007141,626063.6970198716,626063.1412384594,626063.6410343071,626063.1972590579,626063.7341870826,626063.2058339813,True,True,False,False,255.49144945208764,254.21964090787458,2.429541403342671
731,626064.0007141,626064.6971028578,626064.1416256765,626064.6411621233,626064.1976038188,626064.7301490013,626064.2020708895,True,True,False,False,255.59005006294595,254.93200231755023,1.2257266452651534
732,626065.0007141,626065.6971686862,626065.1420164113,626065.6412755017,626065.1979493147,626065.7260364271,626065.1981929941,True,True,False,False,255.672449465093,255.6369324814089,0.05629375212858396
733,626066.0007141,626066.697217233,626066.1424102231,626066.6413742229,626066.198295202,626066.7218553938,626066.1942023805,True,False,False,False,255.73842909247531,,
734,626067.0007141,626067.6972484037,626067.1428066879,626067.6414580937,626067.1986411492,626067.7176126672,626067.190107946,True,False,False,False,255.78774305828279,,
735,626068.0007141,626068.69726213,626068.1432053973,626068.6415269448,626068.1989868439,626068.7133158206,626068.1859156953,True,False,False,False,255.8203094002454,,
736,626069.0007141,626069.6972583693,626069.1436059582,626069.6415806297,626069.1993319988,626069.7089731407,626069.1816335393,True,False,False,False,255.8361007976065,,
737,626070.0007141,626070.6972371005,626070.1440079946,626070.6416190261,626070.1996763443,626070.7045935846,626070.1772703144,True,False,False,False,255.83519921263604,,
738,626071.0007141,626071.6971983253,626071.1444111506,626071.6416420247,626071.2000196297,626071.7001866968,626071.172835724,True,False,False,False,255.8178505321442,,
739,626072.0007141,626072.6971420681,626072.1448150948,626072.641649539,626072.2003616262,626072.6957625074,626072.1683402476,True,False,False,False,255.78427332218442,,
740,626073.0007141,626073.6970683734,626073.1452195223,626073.6416415008,626073.2007021515,626073.691331408,626073.1637950253,True,False,False,False,255.73493203562026,,
741,626074.0007141,626074.6969772999,626074.1456241482,626074.6416178719,626074.2010410188,626074.6869040115,626074.1592117108,True,False,False,False,255.67029112531526,,
742,626075.0007141,626075.6968689119,626075.1460286949,626075.6415785893,626075.2013780692,626075.6824910042,626075.1546023046,True,False,False,False,255.59097896867308,,
743,626076.0007141,626076.6967432743,626076.146432881,626076.6415236171,626076.2017131266,626076.6781029999,626076.1499789809,True,False,False,False,255.49762394309732,,
744,626077.0007141,626077.6966004504,626077.1468364121,626077.6414528937,626077.2020460134,626077.6737504022,626077.145353918,False,False,True,False,104.67082536993702,,
745,626078.0007141,626078.6964405028,626078.1472389812,626078.641366372,626078.2023765426,626078.66944328,626078.1407391417,False,False,True,False,104.79637107707102,,
746,626079.0007141,626079.6962634968,626079.1476402725,626079.6412639993,626079.2027045084,626079.6651912567,626079.1361463864,False,False,True,False,104.9331729359572,,
747,626080.0007141,626080.6960695025,626080.1480399668,626080.641144706,626080.2030301073,626080.6610034131,626080.1315869677,False,False,True,False,105.08036351257098,,
748,626081.0007141,626081.6958585975,626081.1484377449,626081.641009092,626081.2033537307,626081.6568882056,626081.1270716749,False,False,True,False,105.23705488232024,,
749,626082.0007141,626082.6956308675,626082.1488332921,626082.6408631976,626082.2036684875,626082.6528533984,626082.1226106766,False,False,True,False,105.40234546023456,,
750,626083.0007141,626083.6953864091,626083.1492263018,626083.6406954392,626083.2039857715,626083.6489060125,626083.1182134442,False,False,True,False,105.57534049153263,,
751,626084.0007141,626084.6951253293,626084.1496164778,626084.6405115714,626084.2042996142,626084.6450522877,626084.1138886921,False,False,True,False,105.75513156105488,,
752,626085.0007141,626085.6948477463,626085.1500035361,626085.6403173242,626085.2046099084,626085.6412976577,626085.1096443306,False,False,True,False,105.94083074420918,,
753,626086.0007141,626086.694553788,626086.1503872056,626086.6401011101,626086.2049107463,626087.6341033687,626087.1014242703,False,False,True,True,106.13157060697097,106.49204067060755,0.6512297758610077
754,626087.0007141,626087.6942435931,626087.1507672281,626087.6398699561,626087.2052132002,626088.6306705242,626088.0974601635,False,False,True,True,106.32649054550478,107.17838588973463,1.5853501923314879
755,626088.0007141,626088.6939173087,626088.1511433581,626088.6396237111,626088.2055098964,626089.6273504905,626089.0935997041,False,False,True,True,106.52477776729943,107.85521665534787,2.5145539931774694
756,626089.0007141,626089.6935750907,626089.151515363,626089.6393615446,626089.20580239,626090.6241448191,626090.0898466583,False,False,True,True,106.72561947984366,108.52102349564072,3.4218060996395594
757,626090.0007141,626090.6932171036,626090.1518830229,626090.639083498,626090.2060905618,626091.6210544005,626091.0862040417,False,False,True,True,106.92825070195042,109.17446769353583,4.2976493677599334
758,626091.0007141,626091.6928435217,626091.1522461306,626091.638789643,626091.2063743337,626092.6180795245,626092.082674175,False,False,True,True,107.13193377318937,109.81428566403677,5.136800432772176
759,626092.0007141,626092.6924545295,626092.1526044938,626092.6384800583,626092.2066536135,626093.6152199397,626093.0792587425,False,False,True,True,107.33595835388682,110.43930944479547,5.936548990236262
760,626093.0007141,626093.692050324,626093.1529579363,626093.6381548176,626093.2069283396,626094.6124749144,626094.0759588559,False,False,True,True,107.53965508550411,111.04839839422053,6.695369346646339
761,626094.0007141,626094.6916311153,626094.1533062998,626094.6378140368,626094.2071984648,626095.60984329,626095.0727751143,False,False,True,True,107.74237510007009,111.64055530469312,7.412775277910866
762,626095.0007141,626095.6911971276,626095.153649447,626095.637457827,626095.2074639527,626096.6073235339,626096.0697076609,False,False,True,True,107.94350368055946,112.21481028935112,8.08878129818183
763,626096.0007141,626096.6907486008,626096.1539872629,626096.6370863314,626096.2077247943,626097.6049137809,626097.0667562347,False,False,True,True,108.14243977032524,112.77030274435909,8.723780570223331
764,626097.0007141,626097.6902857893,626097.1543196554,626097.6366997062,626097.2079810005,626098.6026118742,626098.0639202159,False,False,True,True,108.3386301240447,113.30623353758413,9.318470627104356
765,626098.0007141,626098.6898089636,626098.1546465601,626098.636298123,626098.2082325998,626099.6004153993,626099.0611986669,False,False,True,True,108.53151466620585,113.82187866897425,9.873718049075848
766,626099.0007141,626099.6893184097,626099.1549679404,626099.6358817678,626099.2084796644,626100.5983217165,626100.0585903674,False,False,True,True,108.72058796281014,114.3166302516933,10.39059773715844
767,626100.0007141,626100.6888144284,626100.155283792,626100.6354508653,626100.2087222671,626101.5963279901,626101.0560938457,False,False,True,True,108.90533774966983,114.78992138004016,10.870238380112477
768,626101.0007141,626101.6882973332,626101.1555941408,626101.635005625,626101.2089605418,626102.5944312126,626102.0537073989,False,False,True,True,109.08528591354298,115.2412602803946,11.313883926140546
769,626102.0007141,626102.6877674421,626102.1558990371,626102.6345462922,626102.2091946107,626103.5926282287,626103.0514291122,False,False,True,True,109.25997483175522,115.67031910367646,11.722900413076651
770,626103.0007141,626103.687225072,626103.1561985433,626103.6340730994,626103.2094246218,626104.5909157598,626104.0492568754,False,False,True,True,109.42896737219968,116.07675634042724,12.098611190072482
771,626104.0007141,626104.686670532,626104.1564927227,626104.6335862724,626104.2096507256,626105.5892904326,626105.0471884063,False,False,True,True,109.59186738390449,116.46038074535018,12.442430960059875
772,626105.0007141,626105.686104124,626105.1567816306,626105.633086043,626105.2098730485,626106.5877488102,626106.0452212824,False,False,True,True,109.74828554608695,116.82101473352685,12.755728322193775
773,626106.0007141,626106.6855261414,626106.157065314,626106.6325726189,626106.2100917237,626107.5862874214,626107.043352973,False,False,True,True,109.89788717947773,117.15864464457891,13.039964083182918
774,626107.0007141,626107.6849368743,626107.157343812,626107.6320462199,626107.2103068613,626108.5849027887,626108.0415808724,False,False,True,True,110.04032394442918,117.47325681812805,13.296500865766719
775,626108.0007141,626108.6843366085,626108.1576171604,626108.6315070598,626108.2105185752,626109.5835914509,626109.0399011776,False,False,True,True,110.1751587088344,117.76491955606593,13.526739712498678
776,626109.0007141,626109.6837256267,626109.1578853931,626109.6309553456,626109.2107269643,626110.5823499823,626110.0383136454,False,False,True,True,110.30240513307174,118.03371482066261,13.731966406490052
777,626110.0007141,626110.6831042103,626110.1581485444,626110.6303912965,626110.2109321372,626111.5811750083,626111.036814316,False,False,True,True,110.42163291522348,118.27986117797153,13.91357686765246
778,626111.0007141,626111.6824726393,626111.1584066506,626111.6298151171,626111.2111342007,626112.580062072,626112.035400532,False,False,True,True,110.53259616847951,118.50352255253277,14.072782600789933
779,626112.0007141,626112.6818311939,626112.1586597532,626112.629227033,626112.2113332584,626113.5790103376,626113.0340696615,False,False,True,True,110.63505583621887,118.70494483115644,14.210839506936109
780,626113.0007141,626113.681180153,626113.1589078978,626113.6286272489,626113.2115294291,626114.5780153603,626114.0328191072,False,False,True,True,110.72878652219896,118.8844148817877,14.32893091636469
781,626114.0007141,626114.6805197964,626114.159151136,626114.6280159921,626114.2117228142,626115.5770740546,626115.0316463106,False,False,True,True,110.81358332074467,119.04223323275002,14.428223083876459
782,626115.0007141,626115.6798504023,626115.159389524,626115.6273934807,626115.2119135411,626116.576183419,626116.0305487576,False,False,True,True,110.88925498655924,119.17870041236687,14.50977554256641
783,626116.0007141,626116.6791722486,626116.1596231244,626116.6267599382,626116.212101718,626117.5753405411,626117.0295239829,False,False,True,True,110.95561710453508,119.29414426971843,14.574716981194891
784,626117.0007141,626117.6784856115,626117.1598520034,626117.6261155875,626117.2122874744,626118.5745426016,626118.0285695735,False,False,True,True,111.01251258032129,119.3889472953982,14.623989965867363
785,626118.0007141,626118.6777907659,626118.1600762319,626118.6254606466,626118.212470929,626119.5737868773,626119.0276831738,False,False,True,True,111.05977748937777,119.46346465924304,14.658502911743438
786,626119.0007141,626119.6770879845,626119.1602958844,626119.6247953511,626119.2126522074,626120.5730707464,626120.0268624893,False,False,True,True,111.09726839773197,119.5180925122248,14.679246196252766
787,626120.0007141,626120.6763775398,626120.1605110387,626120.6241199126,626120.2128314411,626121.5723916902,626121.026105291,False,False,True,True,111.12486236197883,119.55317236380199,14.686995045866146
788,626121.0007141,626121.6756597045,626121.1607217782,626121.6234345691,626121.2130087496,626122.5717472939,626122.0254094179,False,False,True,True,111.14244326890244,119.56915500645982,14.68264592291214
789,626122.0007141,626122.6749347537,626122.1609281918,626122.6227395504,626122.2131842794,626123.5711352469,626123.0247727807,False,False,True,True,111.14989500528692,119.56638194965679,14.666939902915695
790,626123.0007141,626123.6742029679,626123.1611303783,626123.6220350983,626123.2133581582,626124.5705533403,626124.0241933612,False,False,True,True,111.1471219484839,119.54524934436478,14.640599278381542
791,626124.0007141,626124.6734646354,626124.1613284484,626124.6213214528,626124.2135305463,626125.5699994622,626125.0236692117,False,False,True,True,111.13402847584499,119.5061806623123,14.604363417287331
792,626125.0007141,626125.6727200551,626125.161522531,626125.6205988836,626125.2137016057,626126.5694715946,626126.0231984528,False,False,True,True,111.11053945528931,119.44951741295787,14.55884874420566
793,626126.0007141,626126.671969539,626126.1617127745,626126.6198676616,626126.2138715301,626127.5689678052,626127.0227792684,False,False,True,True,111.07657292454684,119.3756694076517,14.504710957296846
794,626127.0007141,626127.671213412,626127.1618993524,626127.6191280828,626127.2140405198,626128.5684862435,626128.0224098989,False,False,True,True,111.03206741191504,119.2849918162306,14.44260404717392
795,626128.0007141,626128.6704520106,626128.1620824623,626128.6183804527,626128.2142088079,626129.568025131,626129.0220886332,False,False,True,True,110.9769546155022,119.1778944500448,14.373064183686727
796,626129.0007141,626129.6696856797,626129.1622623247,626129.6176250861,626129.2143766447,626130.5675827563,626130.021813795,False,False,True,True,110.91118672398414,119.05473247893114,14.296602777249374
797,626130.0007141,626130.6689147663,626130.1624391768,626130.6168622968,626130.2145442971,626131.5671574655,626131.0215837313,False,False,True,True,110.83471592603668,118.91588839348312,14.213767950542751
798,626131.0007141,626131.6681396132,626131.1626132615,626131.6160924094,626131.2147120398,626132.5667476598,626132.0213968011,False,False,True,True,110.74752856128147,118.76173102391593,14.12505403850804
799,626132.0007141,626132.6673605568,626132.1627848195,626132.6153157337,626132.2148801334,626133.5663517932,626133.0212513707,False,False,True,True,110.64959730896183,118.59265652120143,14.030936593066203
800,626133.0007141,626133.6665779254,626133.162954083,626133.6145325713,626133.215048837,626134.5659683757,626134.0211458143,False,False,True,True,110.54092899926692,118.4090610363115,13.93189885010102
801,626134.0007141,626134.6657920412,626134.1631212726,626134.6137432213,626134.2152183864,626135.5655959761,626135.0210785214,False,False,True,True,110.4215372925751,118.2112860787046,13.828319885111421
802,626135.0007141,626135.6650032226,626135.1632865991,626135.6129479888,626135.2153890268,626136.5652332255,626136.0210479016,False,False,True,True,110.29145633983221,117.99975512010931,13.720674396244728
803,626136.0007141,626136.6642117838,626136.1634502653,626136.6121471686,626136.2155609668,626137.5648788188,626137.0210523934,False,False,True,True,110.1507202919841,117.77485065111912,13.60933121371612
804,626137.0007141,626137.6634180357,626137.1636124661,626137.6113410494,626137.2157344224,626138.564531516,626138.0210897988,False,False,True,True,109.9993906207333,117.5369278415709,13.49464209226785
805,626138.0007141,626138.6626222862,626138.1637733907,626138.6105299197,626138.215909607,626139.5641901421,626139.0211606305,False,False,True,True,109.83752196759316,117.28639650281484,13.377025380986584
806,626139.0007141,626139.6618248394,626139.1639332226,626139.6097140801,626139.216086712,626140.5638535873,626140.0212614296,False,False,True,True,109.66518946464457,117.02361180468776,13.256794414800495
807,626140.0007141,626140.6610259961,626140.164092141,626140.6088996043,626140.2162601439,626141.5635208057,626141.0213914514,False,False,True,True,109.48246824396838,116.74995344540204,13.13594360894723
808,626141.0007141,626141.6602260545,626141.1642503203,626141.6080751931,626141.2164416616,626142.5631908134,626142.0215493236,False,False,True,True,109.28944709802383,116.46372753804349,13.011422430188727
809,626142.0007141,626142.6594253089,626142.1644079315,626142.6072469378,626142.2166256648,626143.5628626889,626143.0217337161,False,False,True,True,109.08622164945926,116.16628646006777,12.88518943526949
810,626143.0007141,626143.65862405,626143.1645651411,626143.6064151083,626143.2168123187,626144.5625355702,626144.0219433408,False,False,True,True,108.87288752092309,115.85799904169006,12.757551128928522
811,626144.0007141,626144.6578225652,626144.1647221108,626144.6055799858,626144.2170017958,626145.562208656,626145.022176954,False,False,True,True,108.64956082563118,115.53919313199056,12.628743152692191
812,626145.0007141,626145.657021136,626145.1648789977,626145.6047418618,626145.2171942564,626146.5618812037,626146.0224333561,False,False,True,True,108.41634401642109,115.21019658004938,12.499017369786138
813,626146.0007141,626146.6562200396,626146.1650359528,626146.6039010003,626146.2173898536,626147.5615525299,626147.0227113944,False,False,True,True,108.1733600366979,114.87128259343335,12.36858039343276
814,626147.0007141,626147.655419546,626147.165193121,626147.6030576687,626147.2175887359,626148.5612220094,626148.0230099631,False,False,True,True,107.9207386600558,114.52281317216847,12.237684086857696
815,626148.0007141,626148.6546199191,626148.1653506393,626148.6022121452,626148.2177910364,626149.560889076,626149.0233280058,False,False,True,True,107.65860966008906,114.16504103325403,12.106480421769982
816,626149.0007141,626149.6538214195,626149.1655086381,626149.6013646858,626149.2179968855,626150.5605532215,626150.0236645162,False,False,True,True,107.3870959802027,113.79829402577019,11.97522638403714
817,626150.0007141,626150.6530243058,626150.1656672442,626150.6005155538,626150.2182064003,626151.5602139975,626151.0240185431,False,False,True,True,107.1063478845585,113.42283169690542,11.84404491706423
818,626151.0007141,626151.6522288411,626151.1658265826,626151.5996650268,626151.2184196973,626152.5598710128,626152.024389192,False,False,True,True,106.81649514675067,113.03890676365901,11.71307689350288
819,626152.0007141,626152.6514352974,626152.1659867852,626152.598813378,626152.21863691,626153.5595239345,626153.0247756275,False,False,True,True,106.51769486113012,112.64681975435442,11.582539171859242
820,626153.0007141,626153.6506439592,626153.166147995,626153.5979609018,626153.2188581644,626154.5591724827,626154.0251770751,False,False,True,True,106.2100768012911,112.24678923504511,11.452516275724296
821,626154.0007141,626154.6498551257,626154.1663103718,626154.5971079122,626154.2190836112,626155.5588164278,626155.0255928168,False,False,True,True,105.89378440120613,111.83907475291954,11.323170422090826
822,626155.0007141,626155.6490691099,626155.1664740944,626155.5962547378,626155.219313417,626156.5584555836,626156.0260221877,False,False,True,True,105.56896792503701,111.42391536459866,11.1946228468166
823,626156.0007141,626156.6482862367,626156.1666393606,626156.5954017079,626156.219547766,626157.5580898023,626157.0264645675,False,False,True,True,105.23577080675628,111.00154329651424,11.06701698387419
824,626157.0007141,626157.6475068377,626157.1668063831,626157.5945493284,626157.2197867399,626158.5577189666,626158.0269193719,False,False,True,True,104.89434331052568,110.57220443547641,10.940487729499704
825,626158.0007141,626158.6467312472,626158.1669753834,626158.5936978289,626158.2200306004,626159.5573429859,626159.0273860428,False,False,True,True,104.54482887031779,110.13611051734944,10.815134121436106
826,626159.0007141,626159.6459597973,626159.1671465856,626159.5928475342,626159.2202796105,626160.5569617928,626160.0278640422,False,False,True,True,104.18737775029435,109.6934732779976,10.691050074784485
827,626160.0007141,626160.6451928162,626160.1673202079,626160.5919987865,626160.2205339671,626161.5565753414,626161.0283528476,False,False,True,True,103.82216070518459,109.24452494385265,10.568356825402606
828,626161.0007141,626161.6444306283,626161.1674964591,626161.5911519402,626161.2207938618,626162.5561836078,626162.0288519524,False,False,True,True,103.44934165952861,108.78946359040056,10.44710986857748
829,626162.0007141,626162.643673555,626162.1676755361,626162.5903073371,626162.2210594654,626163.5557865917,626163.029360869,False,False,True,True,103.0690845378665,108.32854876482975,10.327454345828965
830,626163.0007141,626163.6429219162,626163.1678576244,626163.5894653241,626163.221330928,626164.5553843162,626164.0298791304,False,False,True,True,102.681580585495,107.86199220300452,10.209468804332518
831,626164.0007141,626164.6421760309,626164.168042898,626164.588626261,626164.2216084027,626165.5549768279,626165.0304062949,False,False,True,True,102.28700738733252,107.39003296154581,10.093259112020275
832,626165.0007141,626165.641436216,626165.1682315196,626165.5877904915,626165.2218920073,626166.5545641966,626166.0309419467,False,False,True,True,101.88554935848668,106.91286911593956,9.978863688706317
833,626166.0007141,626166.6407027864,626166.1684236426,626166.5869583667,626166.2221818726,626167.554146514,626167.031485698,False,False,True,True,101.47739091406507,106.43075338318503,9.866409746663933
834,626167.0007141,626167.6399760547,626167.168619409,626167.5861302463,626167.2224780852,626168.5537238936,626168.0320371881,False,False,True,True,101.06273012955359,105.94387017838984,9.755928021744394
835,626168.0007141,626168.6392563293,626168.1688189495,626168.5853064785,626168.2227807401,626169.5532964685,626169.0325960845,False,False,True,True,100.64175825024903,105.45249270912079,9.647567924335787
836,626169.0007141,626169.6385439152,626169.1690223855,626169.5844874148,626169.2230899138,626170.5528643907,626170.0331620809,False,False,True,True,100.21466652144812,104.95678489991793,9.541320062928007
837,626170.0007141,626170.6378391124,626170.1692298253,626170.5836734086,626170.2234056616,626171.5524278306,626171.0337348974,False,False,True,True,99.78164618844765,104.45698580740226,9.437295428095068
838,626171.0007141,626171.6371422152,626171.1694413654,626171.5828648056,626171.2237280252,626172.5519869763,626172.0343142801,False,False,True,True,99.34290215692272,103.95330716743801,9.335540123613862
839,626172.0007141,626172.6364535105,626172.169657089,626172.5820619442,626172.2240570373,626173.5515420316,626173.0349000006,False,False,True,True,98.8986188419809,103.44594705551111,9.236093423072123
840,626173.0007141,626173.6357732776,626173.1698770649,626173.5812651762,626173.2243927075,626174.551093217,626174.0354918563,False,False,True,True,98.44900797948647,102.9351308678642,9.139056925533753
841,626174.0007141,626174.6351017845,626174.1701013453,626174.5804748277,626174.224735012,626175.5506407686,626175.0360896697,False,False,True,True,97.99425398454702,102.42102252903734,9.04440074892113
842,626175.0007141,626175.634439287,626175.1703299659,626175.5796912196,626175.225083928,626176.5501849381,626176.0366932887,False,False,True,True,97.53455493264848,101.9038610956515,8.952217100788054
843,626176.0007141,626176.6337860283,626176.170562943,626176.5789146695,626176.2254394052,626177.549725994,626177.037302586,False,False,True,True,97.07011572946595,101.38381732243589,8.862532448117555
844,626177.0007141,626177.6331422406,626177.1708002747,626177.5781454835,626177.2258013592,626178.5492642242,626178.037917461,False,False,True,True,96.6011276202962,100.8610824546873,8.775335691852234
845,626178.0007141,626178.6325081508,626178.1710419427,626178.5773839756,626178.2261696903,626179.5487999411,626179.0385378441,False,False,True,True,96.12778868062514,100.33584090751332,8.69067464331628
846,626179.0007141,626179.6318839882,626179.1712879187,626179.5766304414,626179.2265443035,626180.5483334837,626180.0391637017,False,False,True,True,95.65029698593872,99.80827709602154,8.608524543073951
847,626180.0007141,626180.6312699914,626180.1715381735,626180.5758852181,626180.2269250646,626181.547865219,626181.0397950413,False,False,True,True,95.16885061172286,99.2785822655087,8.528949424148717
848,626181.0007141,626181.6306664124,626181.1717926841,626181.5751486411,626181.2273118792,626182.5473955385,626182.0404319109,False,False,True,True,94.68363397308516,98.74691351032574,8.451908305405558
849,626182.0007141,626182.6300735176,626182.1720514395,626182.5744211774,626182.2277045207,626183.5469248567,626183.0410743968,False,False,True,True,94.19484514551154,98.21348939652609,8.377482295340869
850,626183.0007141,626183.6294915844,626183.1723144418,626183.5737034266,626183.2281026888,626184.5464536035,626184.0417226173,False,False,True,True,93.70266854410959,97.67846701846065,8.305679077917462
851,626184.0007141,626184.6289208988,626184.1725817032,626184.572995496,626184.2285065601,626185.5459822209,626185.042376715,False,False,True,True,93.20728858398691,97.14201030066951,8.236470478605016
852,626185.0007141,626185.6283617495,626185.1728532435,626185.5722977814,626185.2289160531,626186.5455111586,626186.0430368492,False,False,True,True,92.7088828500619,96.60426950731441,8.169822346457678
853,626186.0007141,626186.6278144259,626186.1731290848,626186.5716106852,626186.2293310845,626187.5450408722,626187.0437031891,False,False,True,True,92.20764941782052,96.06539490255707,8.105732973928156
854,626187.0007141,626187.6272792139,626187.173409245,626187.5709288106,626187.2297573412,626188.5445718216,626188.0443759086,False,False,True,True,91.703759041992,95.52469663729136,8.042319790126465
855,626188.0007141,626188.6267563961,626188.1736937328,626188.5702641375,626188.2301831436,626189.5441044709,626189.0450551833,False,False,True,True,91.19740979806227,94.98408033429568,7.9833265924914185
856,626189.0007141,626189.6262462505,626189.1739825464,626189.5696112706,626189.2306141584,626190.5436392901,626190.0457411904,False,False,True,True,90.68878610113893,94.44285614446387,7.926902399757943
857,626190.0007141,626190.6257490499,626190.1742756683,626190.5689706166,626190.231050238,626191.5431767544,626191.0464341079,False,False,True,True,90.17809285689708,93.90117433195768,7.8729703722978766
858,626191.0007141,626191.6252650646,626191.1745730662,626191.5683425706,626191.2314912311,626192.5427173458,626192.0471341165,False,False,True,True,89.66552131063347,93.35924663264134,7.821582590303639
859,626192.0007141,626192.6247945591,626192.1748746918,626192.5677275335,626192.231936944,626193.542261553,626193.0478414004,False,False,True,True,89.15127636802322,92.81720965029831,7.772657091505192
860,626193.0007141,626193.6243377938,626193.1751804817,626193.5671259023,626193.232392967,626194.5418098711,626194.0485561478,False,False,True,True,88.6355629347414,92.27528195098199,7.726239979679431
861,626194.0007141,626194.623895023,626194.1754903577,626194.5665322924,626194.2328474948,626195.5413628004,626195.0492785512,False,False,True,True,88.11858591646313,91.73278051577539,7.680395749970305
862,626195.0007141,626195.6234664938,626195.1758042257,626195.5659586771,626195.2333060784,626196.5409208469,626196.0500088059,False,False,True,True,87.60055704905268,91.19159047688942,7.638864784722043
863,626196.0007141,626196.6230524459,626196.1761219772,626196.5653984826,626196.2337696626,626197.5404845199,626197.0507471091,False,False,True,True,87.08168806837433,90.65087855124536,7.59934957905258
864,626197.0007141,626197.6226531093,626197.1764434872,626197.5648528996,626197.2342371047,626198.5400543325,626198.0514936587,False,False,True,True,86.56217704991398,90.11093160678834,7.5620832131673446
865,626198.0007141,626198.6222687021,626198.1767686147,626198.5643225876,626198.2347078464,626199.5396307996,626199.0522486512,False,False,True,True,86.04224938991428,89.5719955303285,7.5271339889580355
866,626199.0007141,626199.6218994309,626199.1770972002,626199.5638079166,626199.2351815751,626200.5392144374,626200.0530122812,False,False,True,True,85.52211682423946,89.03424107659504,7.494438727174831
867,626200.0007141,626200.6215454848,626200.1774290653,626200.5633092428,626200.2356579388,626201.5388057623,626201.0537847388,False,False,True,True,85.00198425856466,88.49785949088478,7.463968399513758
868,626201.0007141,626201.6212070351,626201.1777640101,626201.5628269097,626201.2361365565,626202.5384052906,626202.0545662087,False,False,True,True,84.48208391932162,87.96304201849443,7.435691416349905
869,626202.0007141,626202.6208842308,626202.1781018111,626202.5623612427,626202.2366170426,626203.5380135358,626203.0553568697,False,False,True,True,83.96262754237465,87.42995258396411,7.409511301261246
870,626203.0007141,626203.6205771957,626203.17844222,626203.5619125493,626203.2370989552,626204.5376310104,626204.0561568928,False,False,True,True,83.44383369377715,86.89878243259055,7.3853990259438085
871,626204.0007141,626204.6202860258,626204.1787849611,626204.5614811026,626204.2375818497,626205.5372582276,626205.0569664405,False,False,True,True,82.92591410939343,86.36972280967053,7.363290557374124
872,626205.0007141,626205.6200107923,626205.1791297323,626205.5610671579,626205.2380652378,626206.5368957066,626206.0577856691,False,False,True,True,82.40910784584442,85.8429444699333,7.343091126677457
873,626206.0007141,626206.6197515475,626206.1794762071,626206.5606709522,626206.23854861,626207.5365439807,626207.0586147348,False,False,True,True,81.89361980880521,85.31861133791894,7.324703403658137
874,626207.0007141,626207.6195083368,626207.1798240424,626207.5602927217,626207.2390314224,626208.5362036033,626208.0594538006,False,False,True,True,81.37968905489677,84.79690099854585,7.308026643025904
875,626208.0007141,626208.6192812072,626208.1801728904,626208.5599326909,626208.2395131537,626209.5358751488,626209.060303044,False,False,True,True,80.86754098036171,84.27801835748916,7.293016448551155
876,626209.0007141,626209.6190702126,626209.1805224081,626209.5595911198,626209.239993265,626210.5355592102,626210.0611626566,False,False,True,True,80.35740098144262,83.76211367891058,7.279528532487673
877,626210.0007141,626210.6188754132,626210.1808722629,626210.5592682444,626210.2404712314,626211.5352563921,626211.0620328407,False,False,True,True,79.84949445438214,83.24936454772856,7.2674732486026
878,626211.0007141,626211.6186968705,626211.1812221336,626211.5589643162,626211.2409465435,626212.5349673056,626212.0629138015,False,False,True,True,79.34403996523369,82.73994854886149,7.256761804436727
879,626212.0007141,626212.6185346434,626212.1815717085,626212.5586795951,626212.2414187057,626213.5346925645,626213.0638057403,False,False,True,True,78.84126974042904,82.23403643703865,7.247270402811348
880,626213.0007141,626213.6183887857,626213.1819206821,626213.5584143042,626213.2418872219,626214.534432784,626214.0647088487,False,False,True,True,78.34140917621083,81.73178530661093,7.238873539000464
881,626214.0007141,626214.6182593431,626214.1822687527,626214.5581686788,626214.2423516087,626215.5341885793,626215.0656233032,False,False,True,True,77.84467000844332,81.23337274249675,7.231481566771218
882,626215.0007141,626215.6181463541,626215.1826156189,626215.5579429338,626215.24281139,626216.5339605652,626216.0665492618,False,False,True,True,77.35129812393662,80.73894900885787,7.224939099319991
883,626216.0007141,626216.6180498472,626216.1829609775,626216.5577372878,626216.2432660726,626217.5337493557,626217.0674868606,False,False,True,True,76.861505258555,80.24872584155855,7.219189787586133
884,626217.0007141,626217.6179698405,626217.1833045194,626217.5575519226,626217.2437151743,626218.5335555631,626218.0684362119,False,False,True,True,76.37554412929777,79.76283984438219,7.214050924009345
885,626218.0007141,626218.6179063406,626218.1836459287,626218.5573870257,626218.2441582098,626219.5333797983,626219.0693974034,False,False,True,True,75.89364696259668,79.28148909281471,7.209436277451355
886,626219.0007141,626219.6178593417,626219.183984881,626219.5572427644,626219.2445946713,626220.5332226707,626220.0703704974,False,False,True,True,75.41605964526188,78.80486483215287,7.205232296017212
887,626220.0007141,626220.6178288243,626220.1843210426,626220.5571192835,626220.2450240649,626221.5330847863,626221.071355531,False,False,True,True,74.94302806410347,78.33313098693678,7.201263102335789
888,626221.0007141,626221.6178147555,626221.1846540724,626221.557016719,626221.2454458745,626222.5329667483,626222.0723525151,False,False,True,True,74.4747981059316,77.86648563265234,7.197416852059425
889,626222.0007141,626222.6178170885,626222.1849836214,626222.5569351914,626222.2458595994,626223.5328691555,626223.0733614354,False,False,True,True,74.01164297831303,77.40512001459632,7.193589384803279
890,626223.0007141,626223.617835762,626223.1853093351,626223.5568747859,626223.2462647201,626224.5327925999,626224.0743822502,False,False,True,True,73.55380173786874,76.9492185478763,7.1896125071590395
891,626224.0007141,626224.6178706996,626224.1856308545,626224.5568355809,626224.2466607237,626225.5327376653,626225.0754148886,False,False,True,True,73.10154076197634,76.49897930797823,7.185356445532475
892,626225.0007141,626225.6179218087,626225.1859478159,626225.556817628,626225.2470471027,626226.5327049254,626226.0764592492,False,False,True,True,72.65511959782431,76.05457304963136,7.1806632517990305
893,626226.0007141,626226.6179889792,626226.1862598509,626226.556820961,626226.2474233607,626227.5326949412,626227.0775151984,False,False,True,True,72.21480462279027,75.61622516907828,7.175445841046787
894,626227.0007141,626227.6180720816,626227.1865665866,626227.556845566,626227.2477889864,626228.532708257,626228.078582566,False,False,True,True,71.78085538406268,75.18409276066991,7.169494184958767
895,626228.0007141,626228.6181709622,626228.1868676438,626228.5568914186,626228.2481434734,626229.5327453983,626229.0796611446,False,False,True,True,71.35354508920834,74.75838073008136,7.162672533525217
896,626229.0007141,626229.6182854418,626229.1871626356,626229.5569584545,626229.2484863278,626230.5328068689,626230.0807506863,False,False,True,True,70.9331332854157,74.33928715279855,7.1548818490031705
897,626230.0007141,626230.6184153096,626230.187451164,626230.5570465585,626230.248817053,626231.5328931459,626231.0818509012,False,False,True,True,70.5198931802516,73.92698961373989,7.14590911486789
898,626231.0007141,626231.6185603216,626231.1877328199,626231.5571555776,626231.2491351381,626232.53300468,626232.0829614548,False,False,True,True,70.11408432090447,73.52167935820216,7.135613885354565
899,626232.0007141,626232.6187201962,626232.1880071813,626232.5572853119,626232.2494400896,626233.5331418954,626233.0840819676,False,False,True,True,69.71598674513027,73.12353397110378,7.123835651017701
900,626233.0007141,626233.6188946178,626233.1882738112,626233.5574355184,626233.2497313916,626234.5333051961,626234.0852120174,False,False,True,True,69.32585316992831,72.73273786755233,7.110424147695558
901,626234.0007141,626234.6190832437,626234.188532263,626234.5576058994,626234.250008548,626235.5334949738,626235.0863511458,False,False,True,True,68.94395680286539,72.34948229284457,7.09520648622477
902,626235.0007141,626235.6192857169,626235.1887820864,626235.5577961494,626235.2502710616,626236.5337116169,626236.0874988679,False,False,True,True,68.57057085150831,71.97392434133143,7.077986298666698
903,626236.0007141,626236.6195016804,626236.1890228388,626236.5580059378,626236.2505184556,626237.5339555107,626237.0886546813,False,False,True,True,68.20596852342385,71.60626891868797,7.058630823219351
904,626237.0007141,626237.619730782,626237.189254097,626237.5582349458,626237.2507502801,626238.534227031,626238.0898180685,False,False,True,True,67.8504093658005,71.24667994945432,7.036950095246438
905,626238.0007141,626238.6199726758,626238.1894754614,626238.5584828288,626238.2509661225,626239.5345265355,626239.0909884931,False,False,True,True,67.50416658620505,70.89534184873803,7.012787874170695
906,626239.0007141,626239.6202270163,626239.1896865577,626239.5587492454,626239.2511656099,626240.5348543562,626240.0921653945,False,False,True,True,67.16749973182594,70.55241171089003,6.985966575073701
907,626240.0007141,626240.6204934565,626240.1898870361,626240.5590338293,626240.2513484099,626241.5352107959,626241.093348183,False,False,True,True,66.84066151966249,70.21806712082874,6.956346605964295
908,626241.0007141,626241.6207716481,626241.1900765684,626241.5593362075,626241.2515142192,626242.5355961279,626242.0945362381,False,False,True,True,66.52391149690315,69.8924788332834,6.923769591831095
909,626242.0007141,626242.6210612424,626242.1902548494,626242.559655987,626242.2516627721,626243.5360105957,626243.095728908,False,False,True,True,66.21748872016887,69.57579711241576,6.888085695399187
910,626243.0007141,626243.6213618936,626243.190421595,626243.5599927775,626243.2517938298,626244.536454411,626244.0969255071,False,False,True,True,65.92164590645893,69.26819954314423,6.849154897790584
911,626244.0007141,626244.6216732571,626244.1905765408,626244.5603461597,626244.2519071911,626245.5369277513,626245.0981253167,False,False,True,True,65.63662894258347,68.9698295594414,6.806847852297879
912,626245.0007141,626245.6219949885,626245.1907194396,626245.5607157283,626245.2520026871,626246.5374307579,626246.0993275829,False,False,True,True,65.3626632247851,68.6808579160365,6.761014721646155
913,626246.0007141,626246.6223267422,626246.190850059,626246.5611010558,626246.2520801505,626247.5379635326,626247.100531518,False,False,True,True,65.10000147006308,68.40146219784796,6.711607267624398
914,626247.0007141,626247.6226681697,626247.1909681784,626247.5615016915,626247.2521394723,626248.5385261378,626248.1017363018,False,False,True,True,64.84887590484922,68.13177217847,6.65843723314361
915,626248.0007141,626248.6230189193,626248.191073589,626248.5619171963,626248.2521805231,626249.5391185931,626249.102941083,False,False,True,True,64.60950509519695,67.87197227301023,6.6014478422563165
916,626249.0007141,626249.6233786365,626249.1911660929,626249.5623470991,626249.2522032266,626250.5397408761,626250.1041449828,False,False,True,True,64.38212126753807,67.62221274563036,6.540533653917204
917,626250.0007141,626250.6237469644,626250.1912455035,626250.5627909249,626250.2522075028,626251.5403929194,626251.1053470976,False,False,True,True,64.16693615773681,67.38264386049218,6.475599899251539
918,626251.0007141,626251.6241235447,626251.1913116476,626251.5632481868,626251.2521933089,626252.541074611,626252.1065465023,False,False,True,True,63.964175162035815,67.15342954213571,6.406592363632784
919,626252.0007141,626252.6245080186,626252.1913643652,626252.5637184024,626252.2521606224,626253.5417857915,626253.1077422514,False,False,True,True,63.77402952573183,66.93469956415522,6.333409021110214
920,626253.0007141,626253.624900027,626253.1914035098,626253.5642010565,626253.2521094314,626254.5425262521,626254.1089333827,False,False,True,True,63.59669732431079,66.72661102090161,6.256017855172091
921,626254.0007141,626254.6252992097,626254.19142947,626254.564695648,626254.2520397601,626255.5432957327,626255.1101189181,False,False,True,True,63.43236980306945,66.52927319540161,6.174309155904876
922,626255.0007141,626255.6257052047,626255.1914405636,626255.5652016551,626255.2519516364,626256.5440939183,626256.1112978656,False,False,True,True,63.28122454692624,66.34287050276279,6.088333295953693
923,626256.0007141,626256.6261176437,626256.1914382456,626256.5657185462,626256.2518451181,626257.5449204377,626257.1124692205,False,False,True,True,63.1434323106104,66.16747124487686,5.9979455606855065
924,626257.0007141,626257.6265361505,626257.191421896,626257.5662457757,626257.2517202784,626258.5457748594,626258.1136319658,False,False,True,True,63.019136528094506,66.00324617647308,5.903221082181185
925,626258.0007141,626258.6269603365,626258.1913914215,626258.5667827735,626258.251577195,626259.5466566898,626259.114785075,False,False,True,True,62.908487463540304,65.85026359944314,5.804071067981518
926,626259.0007141,626259.6273897958,626259.1913467327,626259.5673289592,626259.2514159622,626260.547565374,626260.1159275125,False,False,True,True,62.81162172073118,65.70865328738125,5.700509178464846
927,626260.0007141,626260.6278241051,626260.1912877401,626260.5678837113,626260.2512366849,626261.5485002969,626261.1170582378,False,False,True,True,62.728648582693864,65.57849037236832,5.5925042508930805
928,626261.0007141,626261.6282628232,626261.1912143542,626261.5684464051,626261.2510394566,626262.5494607927,626262.1181762102,False,False,True,True,62.659677332455075,65.45987047705272,5.480095985740772
929,626262.0007141,626262.6287054981,626262.1911264858,626262.569016377,626262.2508243915,626263.5504461555,626263.1192803974,False,False,True,True,62.604796762474024,65.3528687335153,5.363276699045105
930,626263.0007141,626263.6291516786,626263.1910240501,626263.569592984,626263.2505916067,626264.5514556514,626264.1203697871,False,False,True,True,62.56410249539909,65.25753978326942,5.24204639080608
931,626264.0007141,626264.6296009272,626264.1909069754,626264.5701755774,626264.2503412315,626265.5524885252,626265.1214433988,False,False,True,True,62.53764917274363,65.17396558858515,5.11643707753543
932,626265.0007141,626265.6300528257,626265.19077521,626265.5707635456,626265.2500734197,626266.5535439965,626266.1225002897,False,False,True,True,62.52550509639934,65.10217347021914,4.986456016309148
933,626266.0007141,626266.630506977,626266.1906287246,626266.5713562727,626266.2497883419,626267.5546212569,626267.1235395542,False,False,True,True,62.52771124750126,65.04224539044145,4.852199256662439
934,626267.0007141,626267.6309630009,626267.190467512,626267.5719531868,626267.2494861963,626268.5557206594,626268.124560324,False,False,True,True,62.54430860718439,64.99418817944124,4.713653565103785
935,626268.0007141,626268.6314205315,626268.1902915863,626268.5725537096,626268.2491672098,626269.5568389883,626269.1255617666,False,False,True,True,62.57529717544874,64.95804281835353,4.570898342582287
936,626269.0007141,626269.63187922,626269.1901009826,626269.5731572935,626269.2488316068,626270.557976498,626270.1265430888,False,False,True,True,62.62069744286181,64.93382979774584,4.424046714106074
937,626270.0007141,626270.6323387388,626270.1898957582,626270.573763398,626270.2484796614,626271.5591322759,626271.1275035392,False,False,True,True,62.68047525847776,64.92154911761816,4.273109351845724
938,626271.0007141,626271.6327987853,626271.189675994,626271.5743715307,626271.2481116463,626272.5603053942,626272.1284424085,False,False,True,True,62.75461696191825,64.92120760815966,4.118206210998536
939,626272.0007141,626272.6332590806,626272.1894417938,626272.5749812077,626272.2477278678,626273.561494913,626273.1293590316,False,False,True,True,62.843081572048256,64.93281209955951,3.9594657844982692
940,626273.0007141,626273.6337193686,626273.1891932811,626273.5755919754,626273.2473286465,626274.5626998795,626274.1302527846,False,False,True,True,62.94581444735442,64.95634893143938,3.7969918058429446
941,626274.0007141,626274.6341794119,626274.1889305953,626274.5762034133,626274.2469143117,626275.5639193314,626275.1311230871,False,False,True,True,63.06276094632338,64.99179761323174,3.630893984946105
942,626275.0007141,626275.6346389898,626275.1886538898,626275.5768151061,626275.246485203,626276.5651522987,626276.1319694016,False,False,True,True,63.193832276495925,65.0391376543691,3.4613439303106475
943,626276.0007141,626276.6350978964,626276.1883633297,626276.5774266586,626276.2460416683,626277.5663978064,626277.132791234,False,False,True,True,63.33896013598036,65.09834856428394,3.2884919060983115
944,626277.0007141,626277.6355559397,626277.1880590895,626277.5780376819,626277.245584116,626278.5676548791,626278.1335881355,False,False,True,True,63.49803524174995,65.16936887127373,3.112466191799447
945,626278.0007141,626278.6360129418,626278.1877413539,626278.5786464252,626278.245114254,626279.5689225432,626279.1343597041,False,False,True,True,63.670948310777995,65.25198000928503,2.9330618817389533
946,626279.0007141,626279.6364687381,626279.187410316,626279.5792540766,626279.2446309516,626280.5701998316,626280.1351055847,False,False,True,True,63.857590060037765,65.3463527330471,2.7509344606337405
947,626280.0007141,626280.6369231793,626280.1870661792,626280.5798660965,626280.2441287916,626281.5714857853,626281.1358254703,False,False,True,True,64.05782388574586,65.45321787280112,2.567868955734708
948,626281.0007141,626281.6373761296,626281.1867091556,626281.5804706052,626281.2436197276,626282.5727794557,626282.1365191012,False,False,True,True,64.27150635392971,65.57089520201127,2.380838312579072
949,626282.0007141,626282.6378274672,626282.1863394661,626282.5810731099,626282.2430983678,626283.5740799059,626283.1371862646,False,False,True,True,64.49849403061674,65.70012238110792,2.191709734131184
950,626283.0007141,626283.6382770804,626283.18595734,626283.5816733431,626283.2425650888,626284.5753862106,626284.1378267936,False,False,True,True,64.7386161610777,65.84082427801017,2.0007239845592877
951,626284.0007141,626284.6387248668,626284.185563013,626284.5822710382,626284.2420202849,626285.5766974573,626285.1384405638,False,False,True,True,64.9917156509617,65.99290527006968,1.8081645167139382
952,626285.0007141,626285.6391707268,626285.1851567246,626285.5828717356,626285.2414585664,626286.5780127449,626286.1390274926,False,False,True,True,65.25759442478278,66.15710984790596,1.615898747002899
953,626286.0007141,626286.6396145613,626286.1847387161,626286.5834636083,626286.2408918893,626287.5793311843,626287.1395875348,False,False,True,True,65.53607489762254,66.33166216233481,1.421043268379367
954,626287.0007141,626287.640056266,626287.1843092272,626287.5840522045,626287.2403148586,626288.5806519,626288.1401206821,False,False,True,True,65.82693850342754,66.51727938321906,1.225513948905531
955,626288.0007141,626288.6404957294,626288.1838684934,626288.5846372718,626288.2397278452,626289.5819740335,626289.14062696,False,False,True,True,66.129993996901,66.7138385671537,1.0296701205647572
956,626289.0007141,626289.6409328321,626289.1834167456,626289.5852185421,626289.2391312206,626290.5832967497,626290.1411064293,False,False,True,True,66.445002321422,66.92118261978777,0.8338376580856489
957,626290.0007141,626290.6413674506,626290.1829542089,626290.5857959202,626290.238525184,626291.5846192469,626291.1415591864,False,False,True,True,66.77175174112624,67.13922274866209,0.6384943011841371
958,626291.0007141,626291.6417994641,626291.1824811068,626291.5863692249,626291.2379100316,626292.5859407652,626292.1419853684,False,False,True,True,67.1099963692036,67.36780185942574,0.4440226471754482
959,626292.0007141,626292.6422287633,626292.181997664,626292.586937933,626292.2372863875,626293.5872605916,626293.1423851545,False,False,True,True,67.4595108094115,67.60672187659279,0.25076068370179205
960,626293.0007141,626293.6426552536,626293.1815041099,626293.587501849,626293.2366546022,626294.5885780582,626294.142758765,False,False,True,True,67.8200491749398,67.85583253600149,0.05912413849793361
961,626294.0007141,626294.6430788552,626294.1810006786,626294.5880607716,626294.2360150105,626294.5885770337,626294.1427588179,False,False,True,False,68.19136557897836,,
962,626295.0007141,626295.6434995001,626295.1804876078,626295.588614532,626295.2353679598,626295.5898915159,626295.1431065043,False,False,True,False,68.57322779509543,,
963,626296.0007141,626296.643917131,626296.1799651387,626296.58916297,626296.2347137968,626296.591202422,626296.1434285678,False,False,True,False,68.96536944591338,,
964,626297.0007141,626297.6443317041,626297.1794335172,626297.5897059432,626297.2340528594,626297.5925092015,626297.1437253335,False,False,True,False,69.36755147481124,,
965,626298.0007141,626298.6447431957,626298.1788929997,626298.5902433413,626298.233385504,626298.5938113469,626298.1439971598,False,False,True,False,69.77950067422222,,
966,626299.0007141,626299.6451516056,626299.1783438553,626299.5907750695,626299.2327120792,626299.5951083994,626299.1442444394,False,False,True,False,70.2009711573362,,
967,626300.0007141,626300.6455569579,626300.1777863677,626300.5913010777,626300.2320329522,626300.5963999487,626300.1444675976,False,False,True,False,70.63168971658637,,
968,626301.0007141,626301.6459592993,626301.1772208328,626301.5918213363,626301.2313485036,626301.5976856316,626301.1446670895,False,False,True,False,71.07140363497345,,
969,626302.0007141,626302.6463586949,626302.1766475565,626302.5923358268,626302.2306591065,626302.5989651298,626302.1448433965,False,False,True,False,71.51984653511981,,
970,626303.0007141,626303.6467552262,626303.1760668526,626303.592844576,626303.2299651433,626303.600238167,626303.1449970233,False,False,True,False,71.97676570002615,,
971,626304.0007141,626304.6471489887,626304.1754790405,626304.593347601,626304.2292670025,626304.6015045084,626304.1451284958,False,False,True,False,72.44189475231485,,
972,626305.0007141,626305.6475400887,626305.1748844443,626305.593844964,626305.228565063,626305.602763958,626305.1452383578,False,False,True,False,72.9149809749866,,
973,626306.0007141,626306.6479286447,626306.1742833913,626306.5943367206,626306.227859717,626306.6040163587,626306.1453271713,False,False,True,False,73.39575116047465,,
974,626307.0007141,626307.6483147845,626307.1736762123,626307.5948229413,626307.2271513361,626307.6052615913,626307.1453955132,False,False,True,False,73.88395259177965,,
975,626308.0007141,626308.6486986473,626308.1730632414,626308.5953037245,626308.2264403054,626308.606499573,626308.1454439764,False,False,True,False,74.37933255190232,,
976,626309.0007141,626309.649080382,626309.172444816,626309.5957791761,626309.2257270184,626309.6077302578,626309.1454731671,False,False,True,False,74.88163149365424,,
977,626310.0007141,626310.6494601457,626310.1718212757,626310.5962494047,626310.2250118443,626310.6089536324,626310.1454847855,False,False,True,False,75.3905898698469,,
978,626311.0007141,626311.6498381016,626311.1711929627,626311.5967145396,626311.2242951684,626311.6101697143,626311.145476215,False,False,True,False,75.90594813329187,,
979,626312.0007141,626312.6502144157,626312.1705602196,626312.5971747095,626312.2235773717,626312.6113785482,626312.1454513401,False,False,True,False,76.42746039717903,,
980,626313.0007141,626313.6505892542,626313.1699233889,626313.5976300513,626313.2228588325,626313.612580203,626313.1454097237,False,False,True,False,76.95486711431991,,
981,626314.0007141,626314.6509627781,626314.1692828115,626314.5980807145,626314.2221399158,626314.6137747683,626314.1453520167,False,False,True,False,77.48790190733686,,
982,626315.0007141,626315.6513351402,626315.1686388233,626315.598526981,626315.2214208018,626315.6149623515,626315.1452788725,False,False,True,False,78.0263188894198,,
983,626316.0007141,626316.6517064834,626316.1679917562,626316.5989687932,626316.2207020196,626316.6161430762,626316.1451909477,False,False,True,False,78.56985851338025,,
984,626317.0007141,626317.6520769396,626317.1673419354,626317.5994062584,626317.2199839322,626317.6173170831,626317.1450888996,False,False,True,False,79.11824757165141,,
985,626318.0007141,626318.6524466306,626318.1666896807,626318.5998394855,626318.2192668833,626318.6184845301,626318.1449733884,False,False,True,False,79.67124017742314,,
986,626319.0007141,626319.6528156723,626319.1660353062,626319.6002685713,626319.2185511988,626319.6196455965,626319.1448450759,False,False,True,False,80.22856995331784,,
987,626320.0007141,626320.6531841776,626320.1653791219,626320.6006936079,626320.2178372021,626320.6208004847,626320.1447046287,False,False,True,False,80.78997735214705,,
988,626321.0007141,626321.653552257,626321.1647214333,626321.6011146947,626321.2171252246,626321.6219494191,626321.1445527154,False,False,True,False,81.35521648710062,,
989,626322.0007141,626322.653920019,626322.1640625396,626322.6015319413,626322.216415564,626322.6230926439,626322.1443900059,False,False,True,False,81.92402781099011,,
990,626323.0007141,626323.6542875681,626323.1634027313,626323.6019454347,626323.2157085199,626323.6242304174,626323.1442171689,False,False,True,False,82.4961654370054,,
991,626324.0007141,626324.6546550042,626324.1627422927,626324.6023552726,626324.2150043802,626324.6253630102,626324.14403487,False,False,True,False,83.0713766481472,,
992,626325.0007141,626325.6550224286,626325.1620815038,626325.6027615645,626325.2143034271,626325.6264907063,626325.1438437742,False,False,True,False,83.64942238779454,,
993,626326.0007141,626326.6553899501,626326.161420648,626326.6031644141,626326.2136059469,626326.6276138062,626326.1436445497,False,False,True,False,84.23004993894816,,
994,626327.0007141,626327.6557576889,626327.1607600162,626327.6035639487,626327.2129122242,626327.6287326305,626327.1434378717,False,False,True,False,84.81300658460874,,
995,626328.0007141,626328.65612578,626328.1600999101,626328.6039603087,626328.2122225491,626328.629847521,626328.1432244242,False,False,True,False,85.39806009834453,,
996,626329.0007141,626329.6564943711,626329.1594406415,626329.604353652,626329.2115372358,626329.6309588382,626329.1430048987,False,False,True,False,85.98496459334538,,
997,626330.0007141,626330.6568636219,626330.158782531,626330.6047383585,626330.2108623731,626330.6320669595,626330.1427799936,False,False,True,False,86.57348101299036,,
998,626331.0007141,626331.6572336999,626331.1581259058,626331.605126192,626331.2101866985,626331.6331722753,626331.1425504109,False,False,True,False,87.16337030065851,,
999,626332.0007141,626332.6576047796,626332.157471098,626332.6055115564,626332.2095163255,626332.634275188,626332.1423168569,False,False,True,False,87.75439339972888,,
1000,626333.0007141,626333.6579770404,626333.1568184446,626333.6058946458,626333.2088515627,626333.6353761093,626333.1420800393,False,False,True,False,88.34631125358052,,
1001,626334.0007141,626334.658350666,626334.1561682851,626334.6062756719,626334.20819273,626334.6364754594,626334.1418406689,False,False,True,False,88.93890529616,,
1002,626335.0007141,626335.6587258442,626335.1555209626,626335.6066548426,626335.207540146,626335.6375736662,626335.141599458,False,False,True,False,89.53192281046802,,
1003,626336.0007141,626336.6591027661,626336.1548768228,626336.607032377,626336.2068941332,626336.6386711628,626336.1413571204,False,False,True,False,90.12515206064032,,
1004,626337.0007141,626337.659481626,626337.1542362149,626337.6074085042,626337.2062550151,626337.6397683888,626337.1411143723,False,False,True,False,90.71834715986675,,
1005,626338.0007141,626338.6598626198,626338.15359949,626338.607783439,626338.2056231087,626338.6408657848,626338.1408719302,False,False,True,False,91.31128954209389,,
1006,626339.0007141,626339.660245942,626339.1529669994,626339.6081574169,626339.2049987359,626339.6419637913,626339.1406305106,False,False,True,False,91.90374698088998,,
1007,626340.0007141,626340.6606317821,626340.1523390955,626340.608530669,626340.2043822128,626340.6430628453,626340.1403908287,False,False,True,False,92.49548041963402,,
1008,626341.0007141,626341.6610203225,626341.1517161289,626341.6089034036,626341.2037738555,626341.6441633762,626341.140153598,False,False,True,False,93.08627812246179,,
1009,626342.0007141,626342.6614117341,626342.1510984486,626342.6092758396,626342.2031739684,626342.6452658048,626342.1399195313,False,False,True,False,93.67588737237396,,
1010,626343.0007141,626343.6618061746,626343.1504864013,626343.6096481804,626343.2025828618,626343.6463705413,626343.1396893396,False,False,True,False,94.26408277312795,,
1011,626344.0007141,626344.6622037874,626344.1498803312,626344.6100206107,626344.202000837,626344.6474779844,626344.139463733,False,False,True,False,94.85063209829197,,
1012,626345.0007141,626345.6626046989,626345.1492805795,626345.6103933053,626345.2014281839,626345.6485885221,626345.1392434228,False,False,True,False,95.43527580067756,,
1013,626346.0007141,626346.66300902,626346.1486874821,626346.6107664324,626346.2008651872,626346.6497025301,626346.1390291187,False,False,True,False,96.01778848404209,,
1014,626347.0007141,626347.6634168443,626347.1481013687,626347.611140138,626347.2003121305,626347.6508203731,626347.1388215302,False,False,True,False,96.59791743138629,,
1015,626348.0007141,626348.6638282477,626348.1475225594,626348.6115145552,626348.1997692729,626348.6519423607,626348.1386213626,False,False,True,False,97.17540992571087,,
1016,626349.0007141,626349.6642432883,626349.1469513625,626349.6118897997,626349.1992368655,626349.6530689066,626349.1384292908,False,False,True,False,97.75004057077321,,
1017,626350.0007141,626350.6646620054,626350.1463880711,626350.612265979,626350.1987151401,626350.6542002882,626350.1382460531,False,False,True,False,98.32155664957403,,
1018,626351.0007141,626351.6650844186,626351.145832963,626351.6126431759,626351.1982043082,626351.6553368003,626351.1380723054,False,False,True,False,98.88970544511403,,
1019,626352.0007141,626352.665510531,626352.1452863018,626352.6130214622,626352.1977045701,626352.6564787149,626352.1379087162,False,False,True,False,99.45425473096144,,
1020,626353.0007141,626353.6659403341,626353.1447483418,626353.6134009032,626353.1972161087,626353.6576262845,626353.1377559474,False,False,True,False,100.01495179011695,,
1021,626354.0007141,626354.6663738126,626354.1442193331,626354.6137815522,626354.1967391018,626354.658779745,626354.1376146569,False,False,True,False,100.57155073577046,,
1022,626355.0007141,626355.6668109503,626355.1436995296,626355.6141634719,626355.1962737306,626355.6599393182,626355.1374855051,False,False,True,False,101.12379885092267,,
1023,626356.0007141,626356.6672517327,626356.1431891895,626356.6145467309,626356.1958201759,626356.6611052132,626356.1373691552,False,False,True,False,101.67145024876346,,
1024,626357.0007141,626357.6676961461,626357.1426885782,626357.6149313826,626357.1953786282,626357.6622776259,626357.1372662745,False,False,True,False,102.21425221229354,,
1025,626358.0007141,626358.6681441781,626358.1421979654,626358.6153175139,626358.1949492643,626358.6634567357,626358.1371775316,False,False,True,False,102.75195202451363,,
1026,626359.0007141,626359.6685958146,626359.1417176242,626359.6157051901,626359.194532278,626359.6646427037,626359.1371035953,False,False,True,False,103.28429013823526,,
1027,626360.0007141,626360.6690510393,626360.1412478299,626360.6160944847,626360.1941278623,626360.6658356709,626360.1370451322,False,False,True,False,103.81102749683747,,
1028,626361.0007141,626361.669509832,626361.1407888585,626361.6164854697,626361.1937361951,626361.6670357548,626361.1370028048,False,False,True,False,104.3319045531318,,
1029,626362.0007141,626362.6699721687,626362.1403409857,626362.6168782159,626362.1933574654,626362.6682430471,626362.1369772693,False,False,True,False,104.84666175992983,,
1030,626363.0007141,626363.6704380224,626363.1399044876,626363.6172727968,626363.192991848,626363.66945761,626363.1369691717,False,False,True,False,105.35506006061055,,
1031,626364.0007141,626364.6709073626,626364.1394796406,626364.6176692728,626364.1926395289,626364.6706794677,626364.136979135,False,False,True,False,105.85684673817471,,
1032,626365.0007141,626365.6713801557,626365.1390667206,626365.6180677118,626365.1923006827,626365.6719087055,626365.137007711,False,False,False,False,361.0,,
1033,626366.0007141,626366.6718563638,626366.1386660025,626366.6184681867,626366.1919754798,626366.6731462376,626366.1370555887,False,False,False,False,361.0,,
1034,626367.0007141,626367.6723359406,626367.1382777588,626367.6188707527,626367.1916640894,626367.674390347,626367.1371245671,False,False,False,False,361.0,,
1035,626368.0007141,626368.6728188302,626368.137902258,626368.6192754636,626368.1913666762,626368.6756415328,626368.1372135619,False,False,False,False,361.0,,
1036,626369.0007141,626369.6733049613,626369.1375397616,626369.6196823521,626369.191083386,626369.6768999158,626369.1373236282,False,False,False,False,361.0,,
1037,626370.0007141,626370.6737942467,626370.137190527,626370.6200914561,626370.1908143772,626370.6781653308,626370.1374554867,True,False,False,False,251.53116916753086,,
1038,626371.0007141,626371.6742865818,626371.1368548064,626371.6205027776,626371.1905597781,626371.6794375789,626371.137609723,True,False,False,False,251.07879207842257,,
1039,626372.0007141,626372.6747818429,626372.1365328471,626372.6209163121,626372.190319721,626372.6807164296,626372.1377868969,True,False,False,False,250.63491174464178,,
1040,626373.0007141,626373.6752798865,626373.1362248901,626373.621332048,626373.1900943298,626373.6820016161,626373.1379875531,True,False,False,False,250.1998013737553,,
1041,626374.0007141,626374.6757805464,626374.135931167,626374.6217499346,626374.1898837147,626374.6832928315,626374.1382122186,True,False,False,False,249.77367953181653,,
1042,626375.0007141,626375.6762836305,626375.1356518923,626375.6221699152,626375.1896879579,626375.6845897266,626375.1384613977,True,False,False,False,249.35687406790566,,
1043,626376.0007141,626376.676788918,626376.1353872584,626376.6225918924,626376.189507127,626376.6858930727,626376.1387355654,True,False,False,False,248.94960354807614,,
1044,626377.0007141,626377.6772961582,626377.1351374311,626377.6230157496,626377.1893412586,626377.6872001009,626377.1390351609,True,False,False,False,248.55216850065145,,
1045,626378.0007141,626378.6778050712,626378.1349025473,626378.623441332,626378.1891903583,626378.6885114722,626378.139360585,True,False,False,False,248.16476017092833,,
1046,626379.0007141,626379.6783153503,626379.134682714,626379.6238684733,626379.189054402,626379.6898266429,626379.1397121965,True,False,False,False,247.78767908723026,,
1047,626380.0007141,626380.678826665,626380.1344780135,626380.6242990241,626380.1889321038,626380.6911450224,626380.1400903142,True,False,False,False,247.42117113636738,,
1048,626381.0007141,626381.6793386685,626381.134288507,626381.6247247957,626381.1888296788,626381.6924659768,626381.1404952183,True,False,False,False,247.06545488439312,,
1049,626382.0007141,626382.679851,626382.134114241,626382.6251588478,626382.1887363716,626382.6937888335,626382.1409271543,True,False,False,False,246.72080353887426,,
1050,626383.0007141,626383.6803632921,626383.1339552514,626383.6255899733,626383.1886578535,626383.6951128845,626383.1413863355,True,False,False,False,246.38746298662096,,
1051,626384.0007141,626384.6808751721,626384.1338115679,626384.6260174239,626384.1885939525,626384.6964373481,626384.1418729138,True,False,False,False,246.06562447292995,,
1052,626385.0007141,626385.6813862643,626385.1336832133,626385.6264507772,626385.1885503461,626385.6977615417,626385.1423870979,True,False,False,False,245.75556120536808,,
1053,626386.0007141,626386.6818961888,626386.133570205,626386.6268838116,626386.1885153507,626386.6990846226,626386.1429289731,True,False,False,False,245.45746442923203,,
1054,626387.0007141,626387.6824045628,626387.1334725514,626387.627315347,626387.1884955083,626387.7004057646,626387.1434986179,True,False,False,False,245.17160735208867,,
1055,626388.0007141,626388.6829109997,626388.1333902525,626388.6277463234,626388.1884901603,626388.7017241155,626388.1440960725,True,False,False,False,244.89815389847803,,
1056,626389.0007141,626389.6834151095,626389.1333232981,626389.6281764811,626389.1884987385,626389.7030387984,626389.1447213353,True,False,False,False,244.63734995521025,,
1057,626390.0007141,626390.6839164996,626390.1332716667,626390.6286055532,626390.1885210813,626390.7043489146,626390.1453743628,True,False,False,False,244.38935944682544,,
1058,626391.0007141,626391.6844147781,626391.1332353277,626391.629033269,626391.1885570382,626391.7056535466,626391.1460550684,True,False,False,False,244.154400939377,,
1059,626392.0007141,626392.6849095542,626392.1332142409,626392.6294593654,626392.1886064532,626392.7069517614,626392.1467633212,True,False,False,False,243.93263835740504,,
1060,626393.0007141,626393.685400441,626393.1332083584,626393.6298835682,626393.188669145,626393.7082426138,626393.1474989478,True,False,False,False,243.72426294620627,,
1061,626394.0007141,626394.6858870557,626394.1332177303,626394.6303056042,626394.1887449534,626394.7095251498,626394.1482617296,True,False,False,False,243.52943863032084,,
1062,626395.0007141,626395.6863690172,626395.1332419713,626395.6307252106,626395.1888336908,626395.7107972587,626395.149051402,True,False,False,False,243.34832933428876,,
1063,626396.0007141,626396.6868459457,626396.1332813252,626396.6311421174,626396.1889351724,626396.7120602829,626396.1498676529,True,False,False,False,243.1810443411368,,
1064,626397.0007141,626397.6873174584,626397.133335598,626397.6315560384,626397.1890492096,626397.7133120834,626397.1507101222,True,False,False,False,243.02774757540504,,
1065,626398.0007141,626398.6877831698,626398.133404691,626398.6319666976,626398.1891755933,626398.7145516805,626398.1515784035,True,False,False,False,242.88852099936352,,
1066,626399.0007141,626399.6882426906,626399.1334884972,626399.6323737985,626399.1893141208,626399.7157780968,626399.1524720492,True,False,False,False,242.76352853755228,,
1067,626400.0007141,626400.6886956294,626400.1335869033,626400.6327770542,626400.1894645847,626400.7169903617,626400.1533905743,True,False,False,False,242.65287947299808,,
1068,626401.0007141,626401.6891415906,626401.1336997864,626401.6331761456,626401.1896267596,626401.7181875145,626401.1543334574,True,False,False,False,242.55660112645756,,
1069,626402.0007141,626402.6895801707,626402.1338270085,626402.633570774,626402.1898004184,626402.719368604,626402.1553001374,True,False,False,False,242.47485742247088,,
1070,626403.0010706,626403.6900109528,626403.1339684064,626403.6339605924,626403.1899853172,626403.7205326885,626403.156290007,True,False,False,False,242.40767568179461,,
1071,626404.0010706,626404.6904335045,626404.1341237836,626404.634345253,626404.1901811702,626404.721678833,626404.1573024052,True,False,False,False,242.35513786669887,,
1072,626405.0010706,626405.6908473771,626405.1342929055,626405.6347243754,626405.1903876798,626405.7228061145,626405.1583366154,True,False,False,False,242.31727129794032,,
1073,626406.0010706,626406.6912521077,626406.1344754992,626406.6350975588,626406.1906044892,626406.7239136221,626406.1593918668,True,False,False,False,242.29413061703232,,
1074,626407.0010706,626407.6916472246,626407.1346712571,626407.6354643949,626407.1908312446,626407.7250004637,626407.1604673369,True,False,False,False,242.28571582397487,,
1075,626408.0010706,626408.692032252,626408.1348798422,626408.6358244501,626408.1910675426,626408.7260657712,626408.1615621592,True,False,False,False,242.29202691876796,,
1076,626409.0010706,626409.6924067149,626409.1351008941,626409.6361772957,626409.1913129789,626409.7271087053,626409.1626754287,True,False,False,False,242.3130365806549,,
1077,626410.0010706,626410.6927701458,626410.1353340358,626410.6365225,626410.1915671391,626410.7281284612,626410.16380621,True,False,False,False,242.34874480963575,,
1078,626411.0010706,626411.6931220866,626411.1355788785,626411.6368596299,626411.1918296021,626411.7291242718,626411.1649535436,True,False,False,False,242.39912428495376,,
1079,626412.0010706,626412.6934620927,626412.1358350257,626412.6371882705,626412.192099939,626412.730095413,626412.1661164504,True,False,False,False,242.46409304433894,,
1080,626413.0010706,626413.693789734,626413.1361020743,626413.6375080036,626413.1923777269,626413.7310412042,626413.1672939367,True,False,False,False,242.5435691255212,,
1081,626414.0010706,626414.694104596,626414.136379617,626414.6378184228,626414.1926625503,626414.7319610117,626414.1684849982,True,False,False,False,242.63755252850058,,
1082,626415.0010706,626415.6944062794,626415.1366672406,626415.6381191275,626415.1929539797,626415.732854248,626415.1696886213,True,False,False,False,242.74587932873698,,
1083,626416.0010706,626416.6946944005,626416.1369645272,626416.6384097348,626416.1932516141,626416.7337203734,626416.1709037868,True,False,False,False,242.86849488471705,,
1084,626417.0010706,626417.6949685921,626417.1372710529,626417.6386898663,626417.1935550175,626417.7345588971,626417.1721294713,True,False,False,False,243.00526259265737,,
1085,626418.0010706,626418.6952285042,626418.1375863897,626418.6389591476,626418.193863791,626418.7353693771,626418.1733646514,True,False,False,False,243.15607316953125,,
1086,626419.0010706,626419.6954738072,626419.137910106,626419.6392172242,626419.1941775224,626419.7361514226,626419.1746083072,True,False,False,False,243.3207900115553,,
1087,626420.0010706,626420.6957041929,626420.1382417711,626420.6394637603,626420.194495798,626420.7369046947,626420.1758594257,True,False,False,False,243.4992491941894,,
1088,626421.0010706,626421.695919378,626421.1385809563,626421.6396984291,626421.194818237,626421.7376289067,626421.1771170062,True,False,False,False,243.6913414344068,,
1089,626422.0010706,626422.696119104,626422.1389272371,626422.6399209234,626422.1951444518,626422.7383238256,626422.1783800626,True,False,False,False,243.89684816615417,,
1090,626423.0010706,626423.6963031387,626423.1392801967,626423.6401309657,626423.1954740719,626423.7389892705,626423.1796476282,True,False,False,False,244.11563278564802,,
1091,626424.0010706,626424.6964712732,626424.1396394242,626424.640328286,626424.1958067412,626424.739625111,626424.1809187566,True,False,False,False,244.3475040475916,,
1092,626425.0010706,626425.6966233207,626425.1400045161,626425.640512632,626425.1961421156,626425.7402312658,626425.1821925247,True,False,False,False,244.59227070668817,,
1093,626426.0010706,626426.6967591145,626426.1403750775,626426.6406837797,626426.1964798633,626426.7408077011,626426.1834680375,True,False,False,False,244.8496868761276,,
1094,626427.0010706,626427.6968785091,626427.1407507265,626427.6408415006,626427.1968196747,626427.7413544334,626427.1847444344,True,False,False,False,245.1196159521265,,
1095,626428.0010706,626428.6969813795,626428.141131096,626428.6409856045,626428.1971612526,626428.7418715281,626428.1860208968,True,False,False,False,245.40181204787476,,
1096,626429.0010706,626429.6970676186,626429.1415158338,626429.6411158991,626429.1975043196,626429.7423590978,626429.1872966487,True,False,False,False,245.6960839180756,,
1097,626430.0010706,626430.6971371304,626430.141904593,626430.6412322184,626430.197848605,626430.7428172948,626430.1885709548,True,False,False,False,246.0021856759189,,
1098,626431.0010706,626431.6971898233,626431.1422970202,626431.6413343732,626431.198193841,626431.743246305,626431.1898431093,True,False,False,False,246.3199260761079,,
1099,626432.0010706,626432.6972256051,626432.1426927459,626432.6414221888,626432.1985397479,626432.7436463421,626432.1911124287,True,False,False,False,246.64905923183247,,
1100,626433.0010706,626433.6972443827,626433.1430913792,626433.6414954701,626433.1988860244,626433.744017646,626433.1923782479,True,False,False,False,246.98939389779585,,
1101,626434.0010706,626434.6972460635,626434.1434925091,626434.6415540259,626434.1992323615,626434.7443604814,626434.193639922,True,False,False,False,247.3406295456746,,
1102,626435.0010706,626435.6972305595,626435.143895711,626435.6415976665,626435.1995784298,626435.7446751399,626435.1948968293,True,False,False,False,247.70254760941523,,
1103,626436.0010706,626436.697197791,626436.1443005519,626436.6416262024,626436.1999239015,626436.7449619381,626436.1961483767,True,False,False,False,248.0749295229643,,
1104,626437.0010706,626437.6971476891,626437.1447065957,626437.6416394502,626437.2002684554,626437.7452212193,626437.197394002,True,False,False,False,248.4574747579984,,
1105,626438.0010706,626438.6970801989,626438.1451134109,626438.6416372412,626438.2006117709,626438.7454533521,626438.1986331786,True,False,False,False,248.84993742770732,,
1106,626439.0010706,626439.6969952821,626439.1455205742,626439.641619427,626439.200953539,626439.7456587311,626439.199865418,True,False,False,False,249.25209896603766,,
1107,626440.0010706,626440.6968929172,626440.1459276727,626440.6415858642,626440.2012934652,626440.7458377741,626440.2010902718,True,False,False,False,249.6636315239093,,
1108,626441.0010706,626441.6967731004,626441.1463343082,626441.6415364328,626441.2016312686,626441.7459909269,626441.202306804,True,True,False,False,250.08434385602538,249.98579788668044,0.17192828114773126
1109,626442.0010706,626442.6966358449,626442.1467400966,626442.6414710257,626442.2019666802,626442.7461186433,626442.2035165175,True,True,False,False,250.51393543406252,250.2875829649683,0.4009168163953953
1110,626443.0010706,626443.6964811797,626443.1471446676,626443.641389547,626443.2022994561,626443.7462214115,626443.2047169234,True,True,False,False,250.95213305045385,250.59841121371724,0.6337022831511385
1111,626444.0010706,626444.6963091493,626444.1475476648,626444.6412919217,626444.2026293606,626444.7462997311,626444.2059085511,True,True,False,False,251.39871813914596,250.91800942536048,0.8698490300717477
1112,626445.0010706,626445.6961198119,626445.147948744,626445.6411773984,626445.2029562462,626445.7463541175,626445.2070911487,True,True,False,False,251.85341749257205,251.24615903384455,1.108914402202068
1113,626446.0010706,626446.6959132403,626446.1483475745,626446.641045945,626446.2032810998,626446.7463851005,626446.2082644987,True,True,False,False,252.31595790316533,251.5828600391695,1.3500915834463918
1114,626447.0010706,626447.6956895224,626447.1487438385,626447.6409039068,626447.2036025253,626447.7463932231,626447.2094284189,True,True,False,False,252.78609348411564,251.92767530922842,1.5933908190884738
1115,626448.0010706,626448.6954487625,626448.1491372343,626448.6407397032,626448.2039145558,626448.7463790411,626448.2105827609,True,True,False,False,253.2635783486129,252.27951201375413,1.8400977855178633
1116,626449.0010706,626449.6951910821,626449.1495274771,626449.6405591172,626449.2042286005,626449.7463431219,626449.2117274096,True,True,False,False,253.7481119683336,252.639872794364,2.0866424282327594
1117,626450.0010706,626450.6949166206,626450.1499143029,626450.6403621059,626450.2045387655,626450.7462860453,626450.2128622846,True,True,False,False,254.2394757772243,253.00766482079084,2.3343424401344453
1118,626451.0010706,626451.6946255383,626451.1502974702,626451.6401544857,626451.2048391853,626451.7462084037,626451.213987339,True,True,False,False,254.73739656771824,253.38179526276747,2.584702383831028
1119,626452.0010706,626452.6943180135,626452.1506767608,626452.639925428,626452.20514134,626452.7461108009,626452.2151025601,True,True,False,False,255.24162845300526,253.76373944115457,2.834081555051479
1120,626453.0010706,626453.6939942432,626453.1510519821,626453.6396816105,626453.2054373539,626453.7459938526,626453.2162079695,True,True,False,False,255.75192554627526,254.15218595963154,3.0845499280011355
1121,626454.0010706,626454.6936544422,626454.1514229677,626454.6394217941,626454.2057288986,626454.7458581876,626454.2173036241,True,True,False,False,256.2680146399614,254.5470528559283,3.3355147703260877
1122,626455.0010706,626455.6932988435,626455.1517895812,626455.6391460919,626455.2060160888,626455.7457044506,626455.2183896205,True,True,False,False,256.7896771680103,254.94820352626152,3.586734250641034
1123,626456.0010706,626456.6929276977,626456.1521517183,626456.6388546495,626456.2062989288,626456.7455333006,626456.219466099,True,True,False,False,257.31663992285513,255.3553647630643,3.838114667288299
1124,626457.0010706,626457.6925412682,626457.1525093042,626457.6385476213,626457.2065774514,626457.7453454081,626457.2205332413,True,True,False,False,257.8487116591991,255.76834532103996,4.08949593770921
1125,626458.0010706,626458.6921398237,626458.152862285,626458.6382251784,626458.2068517047,626458.7451414478,626458.221591264,True,True,False,False,258.3856191694755,256.18692663413503,4.340860559544019
1126,626459.0010706,626459.6917236301,626459.1532106118,626459.637887484,626459.2071217466,626459.744922091,626459.2226404047,True,True,False,False,258.9271438876308,256.61086281553935,4.592061683725571
1127,626460.0010706,626460.6912929451,626460.15355423,626460.6375346904,626460.2073876286,626460.7446880022,626460.2236809123,True,True,False,False,259.47306724761154,257.03993529919956,4.843068574402602
1128,626461.0010706,626461.6908480192,626461.1538930729,626461.6371669541,626461.207649375,626461.7444398403,626461.2247130407,True,True,False,False,260.0231433626077,257.4739528398189,5.093809514588823
1129,626462.0010706,626462.6903890967,626462.1542270631,626462.6367844191,626462.2079070096,626462.7441782604,626462.2257370485,True,True,False,False,260.5771536665658,257.91264222983045,5.3442810891896535
1130,626463.0010706,626463.6899164184,626463.1545561156,626463.6363872221,626463.2081605488,626463.7439039156,626463.2267532006,True,True,False,False,261.13487959343234,258.35578490318085,5.594423107163031
1131,626464.0010706,626464.6894302233,626464.1548801446,626464.6359755154,626464.2084100053,626464.7436174566,626464.2277617704,True,True,False,False,261.69607525639725,258.80313497306,5.84418306142971
1132,626465.0010706,626465.6889307508,626465.1551990642,626465.6355494395,626465.2086553853,626465.7433195314,626465.2287630395,True,True,False,False,262.26049476865046,259.2544738734145,6.093577173688971
1133,626466.0010706,626466.6884182408,626466.1555127946,626466.6351091382,626466.2088967046,626466.7430107864,626466.229757299,True,True,False,False,262.8279468848951,259.7095283966774,6.34259690620435
1134,626467.0010706,626467.6878929366,626467.1558212633,626467.6346547761,626467.2091339801,626467.7426918661,626467.2307448487,True,True,False,False,263.39815839756443,260.16807997679535,6.591208961803644
1135,626468.0010706,626468.6873550853,626468.1561244084,626468.6341865086,626468.2093672405,626468.7423634131,626468.2317259999,True,True,False,False,263.97091074060506,260.6298827269583,6.83944834520635
1136,626469.0010706,626469.6868049374,626469.1564221799,626469.6337045004,626469.2095965178,626469.7420260687,626469.2327010729,True,True,False,False,264.54598534796344,261.09471808111266,7.087260414899106
1137,626470.0010706,626470.6862427483,626470.1567145404,626470.6332089244,626470.2098218675,626470.7416804724,626470.2336703981,True,True,False,False,265.1231363328295,261.5623128316917,7.334660965694369
1138,626471.0010706,626471.6856687756,626471.1570014642,626471.632699962,626471.2100433339,626471.7413272613,626471.234634314,True,True,False,False,265.7021724499065,262.03244841264205,7.581701224010914
1139,626472.0010706,626472.6850832801,626472.1572829357,626472.6321777939,626472.2102609826,626472.74096707,626472.2355931662,True,True,False,False,266.2828478123843,262.5049062579102,7.828309472862456
1140,626473.0010706,626473.6844865233,626473.1575589494,626473.631642609,626473.210474893,626473.7406005289,626473.236547305,True,True,False,False,266.8649711749662,262.9794131599293,8.074545476404232
1141,626474.0010706,626474.6838787682,626474.1578295073,626474.6310946003,626474.2106851259,626474.7402282644,626474.2374970831,True,True,False,False,267.4482693300852,263.455750552646,8.320409234636243
1142,626475.0010706,626475.6832602797,626475.1580946189,626475.6305339633,626475.210891777,626475.7398508983,626475.2384428547,True,True,False,False,268.0325510324448,263.9337271907635,8.565866596612636
1143,626476.0010706,626476.6826313247,626476.1583543024,626476.6299608959,626476.2110949245,626476.7394690481,626476.2393849734,True,True,False,False,268.61759771599145,264.413069866715,8.81098671799876
1144,626477.0010706,626477.6819921741,626477.1586085856,626477.6293756027,626477.2112946628,626477.7390833274,626477.2403237922,True,True,False,False,269.2032181354283,264.893560014447,9.055708980865733
1145,626478.0010706,626478.6813431045,626478.1588575076,626478.6287783019,626478.2114910946,626478.7386943477,626478.2412596627,True,True,False,False,269.7891390831887,265.3749517471495,9.300102540878898
1146,626479.0010706,626479.6806843996,626479.1591011225,626479.6281692092,626479.2116843456,626479.7383027195,626479.2421929378,True,True,False,False,270.3751693139758,265.85705381952573,9.544143492376161
1147,626480.0010706,626480.680016353,626480.159339502,626480.6275485724,626480.2118745317,626480.7379090562,626480.2431239712,True,True,False,False,270.9611175824928,266.3396203447655,9.78780963724272
1148,626481.0010706,626481.6793392699,626481.1595727373,626481.6269166264,626481.2120618179,626481.7375139755,626481.2440531214,True,True,False,False,271.54671068117307,266.8224327568153,10.031112928309621
1149,626482.0010706,626482.6786534677,626482.1598009432,626482.6262736507,626482.2122463608,626482.737118104,626482.2449807548,True,True,False,False,272.13178468547636,267.30527248962187,10.274040558972173
1150,626483.0010706,626483.6779592778,626483.1600242606,626483.6256199144,626483.2124283612,626483.7367220805,626483.2459072496,True,True,False,False,272.7160937085926,267.78792097713165,10.516615581118822
1151,626484.0010706,626484.6772570447,626484.1602428586,626484.6249557169,626484.2126080329,626484.736326556,626484.246833001,True,True,False,False,273.29944650522503,268.2701596532912,10.75883543342863
1152,626485.0010706,626485.6765471213,626485.1604569321,626485.6242813691,626485.2127856236,626485.7359321881,626485.2477584186,True,True,False,False,273.88162450932026,268.75176995204714,11.000642059293654
1153,626486.0010706,626486.6758298597,626486.1606666923,626486.6235971722,626486.212961393,626486.7355396354,626486.2486839204,True,True,False,False,274.4624091548248,269.23258794885936,11.242045703997645
1154,626487.0010706,626487.6751056053,626487.1608723528,626487.6229034379,626487.2131355882,626487.7351495486,626487.2496099209,True,True,False,False,275.0416365171985,269.71239507767444,11.483057466598007
1155,626488.0010706,626488.6743746931,626488.1610741194,626488.6222004548,626488.2133084638,626488.7347625704,626488.250536822,True,True,False,False,275.6190880303881,270.1909454516822,11.723655148979937
1156,626489.0010706,626489.6736374476,626489.1612721826,626489.6214885167,626489.213480245,626489.7343793355,626489.251465007,True,True,False,False,276.19454512834,270.66807514634263,11.963878024731164
1157,626490.0010706,626490.6728941866,626490.1614667193,626490.6207678923,626490.2136511494,626490.7340004775,626490.2523948408,True,True,False,False,276.7678165657575,271.14356559560224,12.203664622149155
1158,626491.0010706,626491.6721452223,626491.1616578957,626491.6200388675,626491.2138213812,626491.7336266278,626491.2533266724,True,True,False,False,277.3386837765872,271.6172255541643,12.443014087460266
1159,626492.0010706,626492.6713908624,626492.1618458705,626492.6193017067,626492.2139911278,626492.7332584164,626492.2542608341,True,True,False,False,277.9069555155323,272.0887818144619,12.68199130746161
1160,626493.0010706,626493.6706314089,626493.1620307954,626493.618556693,626493.2141605788,626493.7328964695,626493.255197641,True,True,False,False,278.47238589578257,272.5580704519552,12.920524565166904
1161,626494.0010706,626494.6698671593,626494.1622128175,626494.6178040754,626494.2143299131,626494.7325414077,626494.2561373888,True,True,False,False,279.03478367204144,273.0248455798339,13.15867277095774
1162,626495.0010706,626495.6690984073,626495.1623920808,626495.6170441365,626495.2144992986,626495.7321938467,626495.257080354,True,True,False,False,279.5939029574987,273.4889159528012,13.396393236151802
1163,626496.0010706,626496.6683254438,626496.1625687287,626496.6162771243,626496.2146689219,626496.7318543966,626496.2580267941,True,True,False,False,280.14955250685756,273.9500083632904,13.633703036222018
1164,626497.0010706,626497.6675485573,626497.1627429053,626497.6155033122,626497.2148389381,626497.7315236616,626497.2589769473,True,True,False,False,280.70151375406465,274.40795888676143,13.870586803242754
1165,626498.0010706,626498.6667680349,626498.1629147567,626498.6147229627,626498.215009528,626498.7312022406,626498.2599310321,True,True,False,False,281.24954081230976,274.8625489571608,14.107025754193792
1166,626499.0010706,626499.6659841617,626499.1630844297,626499.6139363347,626499.2151808568,626499.730890725,626499.2608892466,True,True,False,False,281.7934151155396,275.31350536692173,14.342997690960331
1167,626500.0010706,626500.6651972206,626500.1632520731,626500.6131436882,626500.2153530923,626500.7305896997,626500.2618517671,True,True,False,False,282.33291809770054,275.76066419150413,14.578627264494724
1168,626501.0010706,626501.6644074912,626501.1634178348,626501.6123452921,626501.2155264119,626501.7302997399,626501.262818747,True,True,False,False,282.86783119273923,276.20377954409787,14.813915328570616
1169,626502.0010706,626502.66361525,626502.1635818616,626502.6115414003,626502.2157009717,626502.7300214106,626502.2637903127,True,True,False,False,283.3979085138456,276.6426875001629,15.048650147323736
1170,626503.0010706,626503.6628207699,626503.1637442978,626503.6107322751,626503.2158769286,626503.7297552654,626503.2647665627,True,True,False,False,283.9229588157228,277.0770875313757,15.28286245660535
1171,626504.0010706,626504.6620243215,626504.1639052855,626504.6099181694,626504.2160544482,626504.7295018446,626504.2657475648,True,True,False,False,284.44276353231743,277.5068430339529,15.516472001692712
1172,626505.0010706,626505.6612261739,626505.1640649657,626505.6091051302,626505.2162278924,626505.7292616763,626505.2667333549,True,True,False,False,284.95704945606275,277.93094313989735,15.751141933648718
1173,626506.0010706,626506.660426598,626506.16422348,626506.608281842,626506.2164089928,626506.7290352769,626506.267723937,True,True,False,False,285.4655980209052,278.3507265662863,15.983335922030594
1174,626507.0010706,626507.659625869,626507.1643809748,626507.607454358,626507.2165921121,626507.7288231535,626507.2687192853,True,True,False,False,285.9682179815481,278.7652097658794,16.214865674515686
1175,626508.0010706,626508.6588242701,626508.1645376042,626508.606622953,626508.2167774157,626508.7286258081,626508.2697193443,True,True,False,False,286.46463613042465,279.17417417262305,16.445671426948756
1176,626509.0010706,626509.6580220952,626509.1646935358,626509.6057879222,626509.216965075,626509.7284437392,626509.2707240365,True,True,False,False,286.95466122223803,279.5774285412206,16.67568829253269
1177,626510.0010706,626510.6572196519,626510.1648489546,626510.6049495556,626510.2171552866,626510.7282774476,626510.2717332635,True,True,False,False,287.4380200494215,279.9747543056186,16.904880412774347
1178,626511.0010706,626511.656417263,626511.1650040664,626511.604108186,626511.2173482532,626511.7281274374,626511.2727469136,True,True,False,False,287.9144940459216,280.36596022052026,17.133153872572635
1179,626512.0010706,626512.6556152636,626512.165159099,626512.6032641333,626512.2175442127,626512.7279942145,626512.2737648629,True,True,False,False,288.38386464568487,280.7508550406288,17.360474520981708
1180,626513.0010706,626513.6548139972,626513.165314299,626513.6024177517,626513.2177434086,626513.7278782825,626513.2747869769,True,True,False,False,288.8459132826579,281.1292201998908,17.5867194145965
1181,626514.0010706,626514.6540138084,626514.1654699247,626514.6015693789,626514.2179461039,626514.7277801333,626514.2758131032,True,True,False,False,289.3003940700305,281.50086445300957,17.81182708171449
1182,626515.0010706,626515.6532150358,626515.1656262339,626515.6007193594,626515.2181525533,626515.7277002411,626515.2768430642,True,True,False,False,289.7470884417494,281.8656511962016,18.03570189968729
1183,626516.0010706,626516.6524180113,626516.1657834761,626516.5998680288,626516.2183629985,626516.7276390607,626516.2778766484,True,True,False,False,290.1858051525176,282.22330722190014,18.25830801002176
1184,626517.0010706,626517.6516230612,626517.1659418859,626517.5990157215,626517.2185776709,626517.7275970276,626517.2789136067,True,True,False,False,290.61629831552517,282.5737505678352,18.479503686292624
1185,626518.0010706,626518.6508305084,626518.1661016832,626518.5981627633,626518.2187967887,626518.7275745617,626518.2799536528,True,True,False,False,291.03837668547527,282.91670802643984,18.699244532270274
1186,626519.0010706,626519.6500406745,626519.166263076,626519.5973094911,626519.2190205369,626519.7275720681,626519.280996463,True,True,False,False,291.4517670548011,283.2520156731741,18.917440047948208
1187,626520.0010706,626520.649253878,626520.1664262617,626520.5964562302,626520.219249113,626520.7275899332,626520.2820416763,True,True,False,False,291.8563054989626,283.5795095834979,19.13396728992137
1188,626521.0010706,626521.6484704337,626521.1665914247,626521.5956033149,626521.2194826821,626521.7276285205,626521.2830888918,True,True,False,False,292.2517734519064,283.8989711913577,19.348759663845343
1189,626522.0010706,626522.6476906496,626522.1667587389,626522.594751172,626522.2197213258,626522.7276881658,626522.2841376674,True,True,False,False,292.63789770606553,284.21020925145683,19.56177277349053
1190,626523.0010706,626523.6469148283,626523.1669283661,626523.593900093,626523.2199651599,626523.7277691751,626523.2851875182,True,True,False,False,293.0144870161434,284.51303251849856,19.772859769789775
1191,626524.0010706,626524.6461432676,626524.1671004589,626524.5930503303,626524.2202144152,626524.7278718224,626524.2862379176,True,True,False,False,293.3813228160864,284.807249747186,19.98196259613513
1192,626525.0010706,626525.6453762606,626525.1672751606,626525.5922021857,626525.2204692223,626525.7279963486,626525.2872882981,True,True,False,False,293.73818653984125,285.09269701297916,20.18891903553381
1193,626526.0010706,626526.6446140963,626526.1674526071,626526.5913559864,626526.2207296821,626526.7281429595,626526.2883380521,True,True,False,False,294.08485962135444,285.36921039133796,20.39361980495909
1194,626527.0010706,626527.6438570591,626527.1676329272,626527.5905120447,626527.2209959015,626527.7283118244,626527.289386533,True,True,False,False,294.42115081532916,285.636571316209,20.59598294214094
1195,626528.0010706,626528.6431054291,626528.1678162408,626528.5896706638,626528.221267967,626528.7285030731,626528.2904330562,True,True,False,False,294.746841555712,285.894615863052,20.795851352728434
1196,626529.0010706,626529.6423594814,626529.1680026602,626529.5888321573,626529.2215459622,626529.7287167944,626529.2914768988,True,True,False,False,295.0617405972063,286.1432074280838,20.993129414073206
1197,626530.0010706,626530.6416194846,626530.1681922872,626530.5879968284,626530.2218299473,626530.728953032,626530.2925172998,True,True,False,False,295.3656293737585,286.3821274452509,21.187704428053944
1198,626531.0010706,626531.6408857012,626531.1683852132,626531.5871649806,626531.222119978,626531.7292117809,626531.2935534578,True,True,False,False,295.6583439608286,286.6112939522831,21.379362951259086
1199,626532.0010706,626532.6401583881,626532.1685815174,626532.5863369115,626532.2224160973,626532.7294929866,626532.2945845325,True,True,False,False,295.93969311311974,286.8304883831272,21.568041804438813
1200,626533.0010706,626533.6394377982,626533.1687812689,626533.5855129197,626533.2227183204,626533.7297965437,626533.2956096453,True,True,False,False,296.20948558533524,287.0395741339996,21.753566817769283
1201,626534.0010706,626534.6387241841,626534.1689845282,626534.5846932993,626534.2230266699,626534.730122298,626534.296627881,True,True,False,False,296.467557452935,287.2384419218737,21.935756991237497
1202,626535.0010706,626535.6380178023,626535.1691913526,626535.5838783656,626535.2233411497,626535.7304700492,626535.2976382934,True,True,False,False,296.71377211213564,287.4269278222094,22.114518409742363
1203,626536.0010706,626536.6373189171,626536.1694017998,626536.5830684257,626536.2236617593,626536.7308395552,626536.2986399108,True,True,False,False,296.94793831764036,287.6049498727366,22.289588111000835
1204,626537.0010706,626537.636627804,626537.1696159346,626537.5822638174,626537.2239885215,626537.7312305367,626537.2996317444,True,True,False,False,297.1698921449091,287.7723441489153,22.46088584029017
1205,626538.0010706,626538.6359447527,626538.1698338327,626538.5814648872,626538.2243214436,626538.7316426814,626538.3006127961,True,True,False,False,297.37952431091514,287.92902868847534,22.628172540989414
1206,626539.0010706,626539.6352700663,626539.170055584,626539.5806720036,626539.2246605618,626539.7320756458,626539.3015820668,True,True,False,False,297.5766708911184,288.0749215291468,22.79123476968701
1207,626540.0010706,626540.6346040594,626540.1702812931,626540.579885535,626540.2250059088,626540.7325290553,626540.3025385619,True,True,False,False,297.7612226024921,288.2098587463896,22.949956413167058
1208,626541.0010706,626541.6339470528,626541.1705110755,626541.5791058724,626541.225357548,626541.7330025006,626541.3034812945,True,True,False,False,297.93307016200964,288.333813019447,23.104088169524857
1209,626542.0010706,626542.6332993677,626542.1707450515,626542.5783334024,626542.2257155239,626542.7334955339,626542.3044092869,True,True,False,False,298.09207696588754,288.44670238604897,23.253414887801554
1210,626543.0010706,626543.6326613224,626543.1709833376,626543.5775685215,626543.2260798874,626543.7340076657,626543.3053215677,True,True,False,False,298.23818837261246,288.54849952543884,23.39774703024768
1211,626544.0010706,626544.6320332307,626544.1712260402,626544.5768116124,626544.226450662,626544.7345383649,626544.3062171699,True,True,False,False,298.37132241991435,288.6390951545899,23.536891644019178
1212,626545.0010706,626545.631415403,626545.1714732514,626545.5760630668,626545.226827874,626545.7350870618,626545.3070951323,True,True,False,False,298.49142446627985,288.71848927350214,23.670650653630123
1213,626546.0010706,626546.630808149,626546.1717250485,626546.575323276,626546.227211503,626546.7356531513,626546.3079545002,True,True,False,False,298.5983852286822,288.78665456141886,23.798820860952706
1214,626547.0010706,626547.6302117773,626547.1719814928,626547.5745926471,626547.2276015171,626547.7362359939,626547.3087943282,True,True,False,False,298.69220470712156,288.84356369758336,23.92119565276453
1215,626548.0010706,626548.6296265936,626548.1722426317,626548.573871991,626548.227997469,626548.736834914,626548.3096136812,True,True,False,False,298.7728009393277,288.8891347197257,24.037684529059096
1216,626549.0010706,626549.6290528977,626549.1725084959,626549.5731613451,626549.2283996438,626549.7374491973,626549.3104116344,True,True,False,False,298.8401739253007,288.92342226935915,24.148043310573577
1217,626550.0010706,626550.6284909814,626550.1727790979,626550.5724611125,626550.2288079483,626550.738078088,626550.3111872727,True,True,False,False,298.8942963442839,288.9464263464838,24.252014157666807
1218,626551.0010706,626551.6279411262,626551.173054432,626551.5717716808,626551.2292222672,626551.7387207877,626551.3119396921,True,True,False,False,298.93516819627723,288.9582015926129,24.34940070240014
1219,626552.0010706,626552.6274036039,626552.1733344749,626552.5710934411,626552.2296424574,626552.739376456,626552.3126680022,True,True,False,False,298.9627621605241,288.95869336623315,24.44005951080101
1220,626553.0010706,626553.6268786758,626553.1736191853,626553.5704209907,626553.2300741388,626553.7400442122,626553.3133713268,True,True,False,False,298.9771055577811,288.9485573655048,24.522009828010116
1221,626554.0010706,626554.626366593,626554.1739085054,626554.5697662776,626554.2305055672,626554.7407231359,626554.3140488081,True,True,False,False,298.978225708805,288.92670076016077,24.59857624860596
1222,626555.0010706,626555.6258675961,626555.1742023604,626555.569123884,626555.2309423175,626555.7414122694,626555.3146996079,True,True,False,False,298.9661772551091,288.89377924836134,24.667859979999275
1223,626556.0010706,626556.625381914,626556.1745006589,626556.5684941808,626556.2313841652,626556.7421106184,626556.3153229095,True,True,False,False,298.9409601966934,288.8498474716198,24.729606597643485
1224,626557.0010706,626557.6249097625,626557.174803291,626557.5678775139,626557.2318308599,626557.7428171516,626557.3159179173,True,True,False,False,298.9027111373413,288.7950420337196,24.783676082660598
1225,626558.0010706,626558.6244513432,626558.1751101278,626558.5672742355,626558.2322821388,626558.7435307999,626558.3164838583,True,True,False,False,298.8514300770529,288.7294175761741,24.829897680321366
1226,626559.0010706,626559.6240068418,626559.1754210205,626559.5666788808,626559.2327434856,626559.744250457,626559.3170199785,True,True,False,False,298.7872536196114,288.65371175941374,24.866227456516665
1227,626560.0010706,626560.6235764299,626560.1757357982,626560.5661033541,626560.2332030084,626560.7449749787,626560.3175255444,True,True,False,False,298.71026372728704,288.5669137154412,24.896148807723197
1228,626561.0010706,626561.6231602661,626561.1760542712,626561.5655413498,626561.2336669929,626561.7457031878,626561.317999841,True,True,False,False,298.6205970038631,288.4698703877136,24.91739240358923
1229,626562.0010706,626562.6227585017,626562.1763762329,626562.5649933048,626562.2341349192,626562.7464338776,626562.318442174,True,True,False,False,298.51836273236637,288.3626910592578,24.929857498824504
1230,626563.0010706,626563.6223712852,626563.1767014654,626563.5644601291,626563.2346058225,626563.7471658217,626563.318851873,True,True,False,False,298.4036975165802,288.24551233385705,24.933535555692554
1231,626564.0010706,626564.6219987683,626564.1770297457,626564.56394214,626564.2350793103,626564.7478977819,626564.3192282966,True,True,False,False,298.276737960288,288.11858009832156,24.92826094210601
1232,626565.0010706,626565.6216411083,626565.1773608525,626565.5634396627,626565.2355550012,626565.7486285155,626565.3195708366,True,True,False,False,298.1376753087865,287.982085597948,24.913868025977504
1233,626566.0010706,626566.6212984696,626566.1776945705,626566.562953021,626566.236032505,626566.7493567832,626566.3198789244,True,True,False,False,297.9866461658592,287.8362473987899,24.890198005408823
1234,626567.0010706,626567.620971021,626567.178030692,626567.5624825713,626567.2365114435,626567.7500813531,626567.3201520343,True,True,False,False,297.8238417768028,287.68133870841405,24.857093786049063
1235,626568.0010706,626568.6206589348,626568.1783690176,626568.5620286501,626568.236991448,626568.7508010033,626568.3203896855,True,True,False,False,297.64942606615733,287.51760541363046,24.814376075432513
1236,626569.0010706,626569.6203623805,626569.1787093529,626569.5615915952,626569.23747215,626569.7515145252,626569.3205914441,True,True,False,False,297.4636175999763,287.3453207220061,24.761872411282624
1237,626570.0010706,626570.620081523,626570.1790515038,626570.5611717595,626570.2379531707,626570.7522207242,626570.3207569208,True,True,False,False,297.26660762355647,287.1647851618643,24.699509369065822
1238,626571.0010706,626571.6198165191,626571.1793952722,626571.5607694738,626571.2384341476,626571.7529184215,626571.32088577,True,True,False,False,297.05864202370793,286.97627194077194,24.62713156197849
1239,626572.0010706,626572.6195675188,626572.1797404517,626572.5603850605,626572.2389146832,626572.7536064566,626572.3209776857,True,True,False,False,296.8398847249708,286.78010890780916,24.544559697554913
1240,626573.0010706,626573.6193346635,626573.1800868248,626573.5600188517,626573.2393943882,626573.7542836894,626573.3210324012,True,True,False,False,296.61049965188505,286.5765692705428,24.451745964470902
1241,626574.0010706,626574.6191180884,626574.1804341613,626574.5596711601,626574.239872838,626574.7549490023,626574.3210507839,True,True,False,False,296.3710332195844,286.3660355195663,24.34859132498349
1242,626575.0010706,626575.6189179192,626575.1807822189,626575.5593423048,626575.2403496073,626575.755601299,626575.3210293322,True,True,False,False,296.1214034657988,286.1487808624466,24.234972835687625
1243,626576.0010706,626576.6187342724,626576.181130741,626576.5590325936,626576.240824248,626576.7562395022,626576.3209711739,True,True,False,False,295.8619382396083,285.9251331482637,24.110866590921198
1244,626577.0010706,626577.618567249,626577.1814794561,626577.5587423058,626577.2412963053,626577.7568625496,626577.3208750586,True,True,False,False,295.59291074857987,285.69547486761115,23.9761633076575
1245,626578.0010706,626578.618416934,626578.1818280781,626578.5584717316,626578.2417652947,626578.75746939,626578.3207408544,True,True,False,False,295.3145668795235,285.4601065488125,23.830856155707355
1246,626579.0010706,626579.6182833931,626579.1821763045,626579.5582211135,626579.2422307233,626579.7580589817,626579.3205684437,True,True,False,False,295.0271525192494,285.2193560409479,23.67491269167221
1247,626580.0010706,626580.6181666714,626580.1825238175,626580.5579906958,626580.2426920849,626580.7586302895,626580.3203577213,True,True,False,False,294.73091355456756,284.97360583461085,23.50826973630224
1248,626581.0010706,626581.6180667942,626581.1828702854,626581.557780686,626581.243148858,626581.7591822846,626581.3201085911,True,True,False,False,294.4261778345583,284.7231837788815,23.330937534881198
1249,626582.0010706,626582.6179837652,626582.1832153613,626582.5575912759,626582.2436005208,626582.7597139431,626582.3198209647,True,True,False,False,294.1131366045183,284.4684450435967,23.142928040240136
1250,626583.0010706,626583.6179175661,626583.1835586864,626583.5574226294,626583.2440465166,626583.7602242446,626583.3194947585,True,True,False,False,293.79211771352766,284.20977211934996,22.944198563696737
1251,626584.0010706,626584.6178681555,626584.1838998876,626584.5572748804,626584.2444863034,626584.7607121677,626584.3191298905,True,True,False,False,293.4633943691533,283.94749285522147,22.7347730109131
1252,626585.0010706,626585.617835466,626585.184238578,626585.5571481362,626585.2449193127,626585.7611766872,626585.3187262767,True,True,False,False,293.12723977896195,283.68201706256144,22.514676995098608
1253,626586.0010706,626586.6178194033,626586.1845743554,626586.557042469,626586.2453449857,626586.7616167669,626586.3182838252,True,True,False,False,292.7839817920338,283.41369991120666,22.28390880870597
1254,626587.0010706,626587.6178198436,626587.1849068028,626587.5569579197,626587.2457627311,626587.7620313542,626587.3178024318,True,True,False,False,292.43389361593563,283.1428692502373,22.042535046079596
1255,626588.0010706,626588.6178366351,626588.1852354866,626588.5568944927,626588.2461719577,626588.7624193737,626588.3172819742,True,True,False,False,292.0772757789909,282.86998953251697,21.79052155627364
1256,626589.0010706,626589.6178696004,626589.1855599592,626589.5568521614,626589.2465720738,626589.7627797262,626589.316722308,True,True,False,False,291.7144561302798,282.59541592788247,21.527963961936468
1257,626590.0010706,626590.617918544,626590.1858797625,626590.5568308706,626590.2469624747,626590.7631112884,626590.3161232641,True,True,False,False,291.34573519812585,282.3195309269273,21.25485884797351
1258,626591.0010706,626591.6179832593,626591.1861944357,626591.5568305483,626591.2473425624,626591.7634129168,626591.3154846488,True,True,False,False,290.97146815236584,282.042717020245,20.971236950236023
1259,626592.0010706,626592.6180635355,626592.1865035223,626592.5568511173,626592.2477117449,626592.7636834518,626592.3148062464,True,True,False,False,290.59201016283663,281.76543866069915,20.677158032879245
1260,626593.0010706,626593.6181591619,626593.1868065775,626593.5568924722,626593.2480694744,626593.7639217216,626593.3140878205,True,True,False,False,290.20763443710496,281.4880510181266,20.37255550155877
1261,626594.0010706,626594.6182699269,626594.187103173,626594.5569545275,626594.2484151905,626594.7641265418,626594.3133291148,True,True,False,False,289.81872346576444,281.2109912246342,20.057526686470275
1262,626595.0010706,626595.6183956168,626595.1873928991,626595.5570371595,626595.2487484001,626595.7642967172,626595.3125298561,True,True,False,False,289.4256050978952,280.9346690915722,19.732039144215193
1263,626596.0010706,626596.618536013,626596.1876753629,626596.5571402439,626596.2490686156,626596.7644310421,626596.3116897538,True,True,False,False,289.02866182409076,280.65954907180407,19.396097997435408
1264,626597.0010706,626597.6186908924,626597.1879501897,626597.5572636324,626597.2493753824,626597.764528302,626597.3108085021,True,True,False,False,288.6282214934312,280.3859863351667,19.049677632921533
1265,626598.0010706,626598.6188600257,626598.1882170194,626598.5574071511,626598.249668269,626598.7645872748,626598.3098857827,True,True,False,False,288.2246665965102,280.11449997603705,18.692786588410026
1266,626599.0010706,626599.6190431786,626599.1884755057,626599.5575706383,626599.2499468792,626599.7646067324,626599.3089212626,True,True,False,False,287.8183249824078,279.8454451642519,18.325409495975258
1267,626600.0010706,626600.6192401117,626600.1887253136,626600.5577538876,626600.2502108346,626600.7645854387,626600.3079145963,True,True,False,False,287.40960646247424,279.57931367343156,17.947532695238888
1268,626601.0010706,626601.6194505803,626601.1889661185,626601.5579566876,626601.2504597665,626601.7645221469,626601.3068654218,True,True,False,False,286.9988662065463,279.3165153149261,17.55907593147817
1269,626602.0010706,626602.6196743338,626602.1891976031,626602.558178826,626602.2506933324,626602.764415595,626602.3057733581,True,True,False,False,286.58645938446097,279.05751454159923,17.16010067639563
1270,626603.0010706,626603.6199111145,626603.1894194577,626603.5584200477,626603.2509112097,626603.7642644986,626603.3046380002,True,True,False,False,286.172823128325,278.8027211648011,16.750495939417256
1271,626604.0010706,626604.620160654,626604.189631378,626604.5586800983,626604.251113092,626604.7640675432,626604.3034589146,True,True,False,False,285.7582852872186,278.55265427890856,16.33025318280659
1272,626605.0010706,626605.620422673,626605.1898330653,626605.5589586844,626605.251298676,626605.7638233756,626605.3022356336,True,True,False,False,285.34328299324864,278.3076963745152,15.89932630278673
1273,626606.0010706,626606.6206968792,626606.1900242257,626606.5592555024,626606.251467684,626606.7635305978,626606.3009676524,True,True,False,False,284.9281714162519,278.06831190448463,15.457631629540344
1274,626607.0010706,626607.6209829662,626607.1902045712,626607.5595702098,626607.2516198615,626607.7631877596,626607.2996544235,True,True,False,False,284.5133876883354,277.8350199631937,15.004714955487628
1275,626608.0010706,626608.6212806134,626608.1903738191,626608.5599024592,626608.2517549634,626608.7627933556,626608.2982953575,True,True,False,False,284.0993416208492,277.60825768274924,14.54077264856722
1276,626609.0010706,626609.6215894865,626609.1905316936,626609.560251856,626609.2518727619,626609.7623458195,626609.2968898187,True,True,False,False,283.68647034590026,277.388571478285,14.066231595602245
1277,626610.0010706,626610.6219092382,626610.1906779264,626610.5606179868,626610.2519730502,626610.7618435221,626610.2954371271,True,True,False,False,283.2751836748388,277.1763984819077,13.580619659766324
1278,626611.0010706,626611.6222395066,626611.1908122567,626611.5610004186,626611.2520556432,626611.7612847653,626611.2939365548,True,True,False,False,282.8659460605283,276.9723124295077,13.083813043880753
1279,626612.0010706,626612.6225799152,626612.1909344303,626612.5613986833,626612.2521203733,626612.7606677767,626612.2923873246,True,True,False,False,282.4592219558324,276.77683241546197,12.575590620571152
1280,626613.0010706,626613.6229300702,626613.1910441988,626613.5618122953,626613.2521670877,626613.7599906998,626613.2907886067,True,True,False,False,282.0554758136146,276.59055949641737,12.055884941719466
1281,626614.0010706,626614.6232895593,626614.1911413176,626614.562240729,626614.2521956507,626614.7592515852,626614.2891395141,True,True,False,False,281.6552267282519,276.4140127667509,11.524490247876951
1282,626615.0010706,626615.6236579502,626615.191225545,626615.5626834376,626615.2522059323,626615.7584483798,626615.2874390977,True,True,False,False,281.2589391526077,276.2478206038661,10.9812938409223
1283,626616.0010706,626616.6240347899,626616.1912966408,626616.5631398328,626616.2521978307,626616.7575789173,626616.2856863425,True,True,False,False,280.8671868225725,276.09263870592343,10.426042150082575
1284,626617.0010706,626617.6244196102,626617.1913543665,626617.5636093086,626617.2521712409,626617.7566409127,626617.2838801637,True,True,False,False,280.4805161532797,275.9490954503264,9.858576373459575
1285,626618.0010706,626618.6248119331,626618.1913984888,626618.5640912433,626618.2521260771,626618.7556319616,626618.2820194075,True,True,False,False,280.0995008806197,275.81792849750553,9.278672822357983
1286,626619.0010706,626619.6252112826,626619.1914283878,626619.5645849945,626619.2520622696,626619.7545495457,626619.2801028546,True,True,False,False,279.72474206123945,275.69982086637765,8.68618037884241
1287,626620.0010706,626620.6256171912,626620.1914450452,626620.56508994,626620.2519797777,626620.7533910407,626620.2781292275,True,True,False,False,279.35686807254257,275.5955648588866,8.080900967426928
1288,626621.0010706,626621.6260292062,626621.1914470894,626621.565605454,626621.2518785752,626621.7521537244,626621.2760971978,True,True,False,False,278.99669853722946,275.505952776976,7.462671517345102
1289,626622.0010706,626622.6264468876,626622.1914347582,626622.5661309263,626622.2517586928,626622.750834787,626622.2740053968,True,True,False,False,278.64456130438026,275.43180424334633,6.8313891488725575
1290,626623.0010706,626623.6268698077,626623.1914079192,626623.5666657438,626623.2516201617,626623.7494313437,626623.271852426,True,True,False,False,278.3013306382088,275.3739935222114,6.1870056237982824
1291,626624.0010706,626624.6272975495,626624.1913664648,626624.5672093022,626624.2514630726,626624.7479404537,626624.2696368741,True,True,False,False,277.967689557632,275.3334221985415,5.52964559307463
1292,626625.0010706,626625.6277297102,626625.1913103124,626625.5677610221,626625.2512875298,626625.7463603893,626625.2673573361,True,True,False,False,277.64443036459363,275.31099185730716,4.859614280780134
1293,626626.0010706,626626.6281659042,626626.1912394054,626626.5683203047,626626.2510936579,626626.7446858273,626626.2650124361,True,True,False,False,277.3322633987674,275.3076860457489,4.1775123166749335
1294,626627.0010706,626627.6286057646,626627.1911537121,626627.5688866026,626627.2508816369,626627.7429149167,626627.2626008473,True,True,False,False,277.0320082828536,275.3244609903504,3.484495069945817
1295,626628.0010706,626628.6290489442,626628.1910532254,626628.5694593625,626628.2506516441,626628.7410447379,626628.260121312,True,True,False,False,276.7444299980394,275.3623548798657,2.7824098933198633
1296,626629.0010706,626629.6294951134,626629.1909379589,626629.5700380577,626629.250403905,626629.7390724362,626629.2575726607,True,True,False,False,276.4703481670251,275.42232394077837,2.0743707127283617
1297,626630.0010706,626630.6299439578,626630.1908079449,626630.5706221784,626630.2501386356,626630.7369952435,626630.2549538282,True,True,False,False,276.2105824125112,275.5054610033558,1.3654005986973292
1298,626631.0010706,626631.6303951757,626631.1906632311,626631.5712112229,626631.2498560864,626631.7348105004,626631.2522638729,True,True,False,False,275.9659796779547,275.61277693559504,0.6631334082021648
1299,626632.0010706,626632.6308484757,626632.1905038788,626632.571804706,626632.2495565201,626632.7325156885,626632.2495020011,True,False,False,False,275.73733226529936,,
1300,626633.0010706,626633.6313035747,626633.1903299605,626633.5724021355,626633.2492401965,626633.7301084481,626633.2466675483,True,False,False,False,275.52551443875893,,
1301,626634.0010706,626634.6317601972,626634.1901415593,626634.573003054,626634.2489074097,626634.727586634,626634.2437600957,True,False,False,False,275.3313458210338,,
1302,626635.0010706,626635.632218075,626635.189938769,626635.5736069819,626635.2485584401,626635.7249483487,626635.2407794213,True,False,False,False,275.1556460348244,,
1303,626636.0010706,626636.6326769462,626636.1897216924,626636.574213477,626636.2481935847,626636.7221919941,626636.2377255573,True,False,False,False,274.99928934434445,,
1304,626637.0010706,626637.6331365567,626637.1894904433,626637.574822077,626637.2478131568,626637.7193163265,626637.2345988236,True,False,False,False,274.86304073078105,,
1305,626638.0010706,626638.6335966594,626638.1892451448,626638.5754323513,626638.2474174731,626638.7163205133,626638.2313998658,True,False,False,False,274.7476924960779,,
1306,626639.0010706,626639.6340570138,626639.1889859294,626639.5760438683,626639.247006847,626639.7132041901,626639.2281296887,True,False,False,False,274.65395497990863,,
1307,626640.0010706,626640.6345173842,626640.1887129382,626640.5766561953,626640.2465816127,626640.7099675161,626640.2247896895,True,False,False,False,274.58253852194696,,
1308,626641.0010706,626641.6349775365,626641.1884263179,626641.5772689204,626641.2461421101,626641.7066112233,626641.2213816864,True,False,False,False,274.53404417883985,,
1309,626642.0010706,626642.6354372355,626642.188126219,626642.577881624,626642.2456886648,626642.7031366648,626642.2179079414,True,False,False,False,274.50904568647763,,
1310,626643.0010706,626643.6358962425,626643.1878127928,626643.5784927489,626643.2452227667,626643.6995458561,626643.2143711811,True,False,False,False,274.5080074977238,,
1311,626644.0010706,626644.636354313,626644.1874861908,626644.5791027726,626644.2447438044,626644.6958415138,626644.2107746091,True,False,False,False,274.53131210317184,,
1312,626645.0010706,626645.6368111994,626645.1871465622,626645.5797173905,626645.2442460066,626645.6920270931,626645.2071219198,True,False,False,False,274.5792327103887,,
1313,626646.0010706,626646.6372666545,626646.1867940549,626646.5803246044,626646.2437412771,626646.6881068251,626646.2034173047,True,False,False,False,274.65190592315764,,
1314,626647.0010706,626647.6377204403,626647.1864288202,626647.5809297988,626647.2432241346,626647.68408575,626647.1996654603,True,False,False,False,274.74933174147867,,
1315,626648.0010706,626648.6381723348,626648.186051015,626648.5815325745,626648.2426949193,626648.679969748,626648.1958715899,True,False,False,False,274.87142820308185,,
1316,626649.0010706,626649.6386221352,626649.1856608067,626649.5821325739,626649.2421539588,626649.6757655533,626649.1920413994,True,False,False,False,275.0178674588869,,
1317,626650.0010706,626650.6390696566,626650.1852583727,626650.5827352381,626650.2415957993,626650.6714807567,626650.1881810825,True,False,False,False,275.188212376787,,
1318,626651.0010706,626651.6395147278,626651.184843899,626651.5833286652,626651.2410323533,626651.667123789,626651.1842972971,False,False,False,False,361.0,,
1319,626652.0010706,626652.639957194,626652.1844175812,626652.5839183449,626652.2404581758,626652.6627038913,626652.1803971322,False,False,False,False,361.0,,
1320,626653.0010706,626653.64039692,626653.1839796267,626653.5845039972,626653.2398736198,626653.6582310651,626653.1764880635,False,False,False,False,361.0,,
1321,626654.0010706,626654.6408337967,626654.1835302596,626654.5850853786,626654.239279053,626654.6537159975,626654.1725778943,False,False,False,False,361.0,,
1322,626655.0010706,626655.6412677444,626655.1830697211,626655.5856623196,626655.238674781,626655.6491699594,626655.1686746806,False,False,False,False,361.0,,
1323,626656.0010706,626656.6416987113,626656.1825982707,626656.5862349318,626656.2380609355,626656.6446046783,626656.1647866387,False,False,False,False,361.0,,
1324,626657.0010706,626657.6421266717,626657.1821161825,626657.5868026683,626657.2374382851,626657.6400321899,626657.1609220423,False,False,True,False,82.87286403010994,,
1325,626658.0010706,626658.6425516198,626658.1816237425,626658.587365418,626658.2368072337,626658.6354646774,626658.1570891126,False,False,True,False,82.54356694984529,,
1326,626659.0010706,626659.6429735678,626659.181121245,626659.5879230843,626659.2361681855,626659.630914307,626659.1532959074,False,False,True,False,82.20322545369272,,
1327,626660.0010706,626660.6433925412,626660.1806089911,626660.588475588,626660.2355215403,626660.6263930683,626660.1495502158,False,False,True,False,81.85382029651154,,
1328,626661.0010706,626661.6438085767,626661.1800872856,626661.5890228723,626661.2348677028,626661.6219126224,626661.145859461,False,False,True,False,81.49735272372858,,
1329,626662.0010706,626662.6442217203,626662.1795564361,626662.5895648894,626662.2342070732,626662.6174841654,626662.1422306148,False,False,True,False,81.13583764114898,,
1330,626663.0010706,626663.6446320259,626663.1790167529,626663.5901016033,626663.2335400468,626663.6131183109,626663.1386701269,False,False,True,False,80.77124897344287,,
1331,626664.0010706,626664.6450395556,626664.178468548,626664.5906329949,626664.2328670284,626664.6088249893,626664.1351838668,False,False,True,False,80.40551966414536,,
1332,626665.0010706,626665.6454443799,626665.1779121361,626665.5911590534,626665.232188403,626665.6046133677,626665.1317770807,False,False,True,False,80.04052118508905,,
1333,626666.0010706,626666.6458465762,626666.1773478335,626666.5916797746,626666.231504575,626666.6004917847,626666.1284543602,False,False,True,False,79.67802255526897,,
1334,626667.0010706,626667.6462462284,626667.1767759596,626667.5921951798,626667.2308159362,626667.5964677052,626667.1252196236,False,False,True,False,79.31971766159927,,
1335,626668.0010706,626668.6466434251,626668.176196835,626668.5927052795,626668.2301228661,626669.5887373912,626669.1190263736,False,False,True,True,78.96715695702154,78.99036593982126,0.03394404247803327
1336,626669.0010706,626669.647038257,626669.1756107816,626669.5932100986,626669.2294257646,626670.585041482,626670.1160722836,False,False,True,True,78.62179527182903,79.27688554531412,1.245944111930097
1337,626670.0010706,626670.6474308127,626670.1750181187,626670.5937096699,626670.2287250062,626671.5814637931,626671.1132150807,False,False,True,True,78.28495766272067,79.54813284782283,2.5001452822365047
1338,626671.0010706,626671.6478211756,626671.174419163,626671.5942040189,626671.2280209715,626672.5780072585,626672.1104553761,False,False,True,True,77.95782575242292,79.80537143234386,3.75604097978731
1339,626672.0010706,626672.6482094221,626672.173814225,626672.5946931596,626672.2273140219,626673.5746739882,626673.1077932012,False,False,True,True,77.64147188063544,80.04991269519782,4.992858037995566
1340,626673.0010706,626673.64859562,626673.1732036097,626673.5951771121,626673.2266045259,626674.5714653316,626674.1052280562,False,False,True,True,77.3368386134637,80.28294508930031,6.200143065779979
1341,626674.0010706,626674.6489798308,626674.172587615,626674.5956558884,626674.2258928171,626675.5683819524,626675.1027589666,False,False,True,True,77.04473874341893,80.50571170908029,7.372489968412484
1342,626675.0010706,626675.6493621157,626675.1719665334,626675.596129499,626675.2251792465,626676.56542391,626676.1003845455,False,False,True,True,76.76588944036399,80.7193531961291,8.506947677284813
1343,626676.0010706,626676.6497425376,626676.1713406551,626676.59659797,626676.2244641465,626677.5625907378,626677.0981030541,False,False,True,True,76.50089859113501,80.92501702222737,9.601996902193461
1344,626677.0010706,626677.6501211645,626677.1707102666,626677.597061326,626677.2237478339,626678.5598815132,626678.0959124584,False,False,True,True,76.25029895048723,81.12377552707474,10.656859855346694
1345,626678.0010706,626678.6504980654,626678.1700756506,626678.5975196062,626678.2230306383,626679.5572949254,626679.0938104836,False,False,True,True,76.01453448071673,81.31672154093843,11.67136748956255
1346,626679.0010706,626679.6508733092,626679.1694370834,626679.5979728488,626679.2223128668,626680.5548293346,626680.0917946594,False,False,True,True,75.79396718184951,81.5048454412481,12.645599205790136
1347,626680.0010706,626680.651246967,626680.1687948373,626680.5984212509,626680.2215946751,626681.5524828304,626681.089862366,False,False,True,True,75.58890441239822,81.68917175637922,13.580038239913227
1348,626681.0010706,626681.6516191179,626681.1681491856,626681.5988647431,626681.2208764465,626682.5502532807,626682.0880108718,False,False,True,True,75.39959888936215,81.8705952411131,14.475083304224622
1349,626682.0010706,626682.6519898593,626682.1675004116,626682.5993033608,626682.220158554,626683.5481383714,626683.0862373635,False,False,True,True,75.22624868822723,82.05004480117684,15.332234479020787
1350,626683.0010706,626683.6523593098,626683.1668488123,626683.5997372031,626683.2194413043,626684.546135633,626684.0845389699,False,False,True,True,75.0690040731552,82.22836738002754,16.150685801979662
1351,626684.0010706,626684.6527276116,626684.1661946999,626684.6001664003,626684.2187250353,626685.54424246,626685.0829127755,False,False,True,True,74.92797432717276,82.4064030909331,16.932023584535976
1352,626685.0010706,626685.6530949257,626685.1655383992,626685.6005910898,626685.2180100856,626686.5424561284,626686.0813558348,False,False,True,True,74.80324824273917,82.58495106602639,17.677297968274626
1353,626686.0010706,626686.6534614277,626686.1648802443,626686.6010114504,626686.2172967965,626687.5407738108,626687.0798641022,False,False,True,True,74.6948668009894,82.76476945630532,18.387502745719843
1354,626687.0010706,626687.6538273045,626687.1642205755,626687.6014276462,626687.2165855286,626688.5391925948,626688.0784368687,False,False,True,True,74.60283683211266,82.94656177125438,19.06359755845002
1355,626688.0010706,626688.6541927501,626688.1635597385,626688.6018398749,626688.2158766172,626689.5377095011,626689.077069991,False,False,True,True,74.52714467573057,83.1310520109256,19.70673500088759
1356,626689.0010706,626689.6545579629,626689.1628980807,626689.6022483244,626689.2151704255,626690.536321502,626690.0757605331,False,False,True,True,74.46757859597889,83.31883440177675,20.317888374989284
1357,626690.0010706,626690.6549231443,626690.1622359506,626690.6026532112,626690.2144672967,626691.5350255405,626691.0745055943,False,False,True,True,74.42441863061357,83.51055098158984,20.898208567630245
1358,626691.0010706,626691.655288496,626691.1615736973,626691.6030547221,626691.2137675805,626692.5338185488,626692.0733023225,False,False,True,True,74.39738474187867,83.70674133530929,21.44874742794266
1359,626692.0010706,626692.6556542208,626692.16091167,626692.6034530756,626692.2130716209,626693.5326963391,626693.0721479252,False,False,True,True,74.38636081655827,83.90795187806869,21.970619984308534
1360,626693.0010706,626693.6560205221,626693.1602502172,626693.6038484826,626693.2123797642,626694.5316582706,626694.0710396771,False,False,True,True,74.39121708105814,84.11464023254246,22.464862717934412
1361,626694.0010706,626694.6563876027,626694.1595896888,626694.6042411447,626694.2116923479,626695.530700013,626695.0699749277,False,False,True,True,74.41180327121657,84.32725719121578,22.932534308141648
1362,626695.0010706,626695.6567556646,626695.1589304346,626695.6046255018,626695.2110154969,626696.5298185709,626696.0689511043,False,False,True,True,74.44795546249344,84.54546807481934,23.372844160533813
1363,626696.0010706,626696.6571249086,626696.1582728054,626696.6050133301,626696.2103379823,626697.5290109804,626697.0679657136,False,False,True,True,74.49949606997036,84.77114435518574,23.790540964131356
1364,626697.0010706,626697.6574955303,626697.157617152,626697.6053990651,626697.2096659205,626698.5282743115,626698.067016342,False,False,True,True,74.56622701816138,85.00388305115392,24.18479826604471
1365,626698.0010706,626698.657867719,626698.1569638245,626698.6057829087,626698.20899965,626699.5276056698,626699.0661006544,False,False,True,True,74.64795706176976,85.24395054010152,24.556531311622653
1366,626699.0010706,626699.6582416538,626699.1563131707,626699.606165066,626699.2083394913,626700.5270022014,626700.0652163955,False,False,True,True,74.74444714417453,85.49162685978453,24.906768044335276
1367,626700.0010706,626700.6586175011,626700.1556655348,626700.6065457219,626700.2076857733,626701.5264610993,626701.0643613907,False,False,True,True,74.85547869932225,85.7471237460672,25.23638102084904
1368,626701.0010706,626701.6589954128,626701.1550212549,626701.6069250525,626701.2070388054,626702.5259796132,626702.0635335473,False,False,True,True,74.98081267059199,86.0106529348138,25.546357203499024
1369,626702.0010706,626702.6593755262,626702.1543806635,626702.6073032322,626702.2063988947,626703.5255550621,626703.0627308616,False,False,True,True,75.12018268060609,86.28235102980774,25.837485479134354
1370,626703.0010706,626703.6597579657,626703.1537440857,626703.6076804101,626703.205766334,626704.525184847,626704.0619514221,False,False,True,True,75.27334967274363,86.56238195558909,26.110694753482157
1371,626704.0010706,626704.6601428431,626704.1531118385,626704.6080567362,626704.205141415,626705.5248664594,626705.0611934157,False,False,True,True,75.44004726962696,86.85082084423873,26.36674659263489
1372,626705.0010706,626705.660530257,626705.1524842288,626705.6084323435,626705.2045244041,626706.5245974874,626706.0604551288,False,False,True,True,75.62001592406763,87.14777697878337,26.606438421178144
1373,626706.0010706,626706.6609202905,626706.1518615496,626706.6088073521,626706.2039155554,626707.5243756177,626707.0597349505,False,False,True,True,75.812989258688,87.45329817054721,26.830524975015216
1374,626707.0010706,626707.6613130104,626707.151244079,626707.609181872,626707.2033151062,626708.524198639,626708.0590313727,False,False,True,True,76.01871455648879,87.76739807990859,27.039631216455156
1375,626708.0010706,626708.6617084697,626708.1506320825,626708.6095559985,626708.202723286,626709.5240644482,626709.0583429919,False,False,True,True,76.23692544009235,88.09009036724584,27.234440164414966
1376,626709.0010706,626709.662106717,626709.1500258206,626709.6099298315,626709.2021403074,626710.5239710545,626710.0576685139,False,False,True,True,76.46736236231024,88.4213682023698,27.41556653591995
1377,626710.0010706,626710.6625078048,626710.1494255587,626710.6103034735,626710.2015663858,626711.5239165791,626711.0570067514,False,False,True,True,76.70975894576483,88.76121792490213,27.583616510258945
1378,626711.0010706,626711.6629117981,626711.1488315742,626711.6106770298,626711.2010017511,626712.52389925,626712.0563566193,False,False,True,True,76.96391711497017,89.1095507423836,27.739063078031972
1379,626712.0010706,626712.6633187737,626712.1482441584,626712.6110506351,626712.2004466389,626713.5239173914,626713.0557171265,False,False,True,True,77.22941339819774,89.46632567367922,27.88246802229827
1380,626713.0010706,626713.6637288197,626713.147663614,626713.6114244349,626713.1999013057,626714.523969413,626714.0550873659,False,False,True,True,77.50615900298831,89.83145392632976,28.01430091856327
1381,626714.0010706,626714.6641420301,626714.147090253,626714.6117985818,626714.1993660072,626715.5240538015,626715.0544665069,False,False,True,True,77.79383974064008,90.20486036825436,28.135034757427
1382,626715.0010706,626715.6645585024,626715.1465243925,626715.6121732305,626715.198840989,626716.5241691135,626716.0538537898,False,False,True,True,78.09220289415374,90.58640156548044,28.245050321935686
1383,626716.0010706,626716.6649783344,626716.1459663541,626716.612548548,626716.1983265261,626717.5243139716,626717.0532485191,False,False,True,True,78.40098891634085,90.97597506517046,28.344805234763722
1384,626717.0010706,626717.665401622,626717.1454164605,626717.6129246957,626717.1978228635,626718.5244870612,626718.0526500614,False,False,True,True,78.71993826001294,91.37345792391935,28.434705892166722
1385,626718.0010706,626718.6658284557,626718.1448750349,626718.6133018289,626718.1973302651,626719.5246871284,626719.0520578413,False,False,True,True,79.04879820817071,91.7786725568087,28.515069897941093
1386,626719.0010706,626719.6662589202,626719.1443424004,626719.6136801038,626719.1968489815,626720.5249129797,626720.05147134,False,False,True,True,79.3872887230582,92.19147552986593,28.586295110605988
1387,626720.0010706,626720.666693093,626720.1438188781,626720.614059677,626720.1963792578,626721.5251634808,626721.0508900934,False,False,True,True,79.73515025748695,92.61168242798345,28.64869913395781
1388,626721.0010706,626721.6671310447,626721.1433047876,626721.6144406892,626721.1959213484,626722.5254375539,626722.0503136895,False,False,True,True,80.0921232642685,93.0391020058645,28.702582496320037
1389,626722.0010706,626722.6675728373,626722.1428004464,626722.6148232849,626722.1954754852,626723.5257341748,626723.0497417657,False,False,True,True,80.45792770564687,93.47354984840152,28.748255971299916
1390,626723.0010706,626723.6680185243,626723.1423061707,626723.6152075974,626723.1950419102,626724.52605237,626724.0491740061,False,False,True,True,80.83229037405528,93.91479372916268,28.785992766464233
1391,626724.0010706,626724.6684681487,626724.1418222741,626724.6155937602,626724.1946208487,626725.526391211,626725.0486101387,False,False,True,True,81.21495172230523,94.36263557266207,28.816079749758142
1392,626725.0010706,626725.6689217426,626725.1413490695,626725.6159818827,626725.1942125318,626726.5267498123,626726.04804993,False,False,True,True,81.60562488245162,94.8168226619004,28.838728657045902
1393,626726.0010706,626726.6693793247,626726.1408868672,626726.6163720844,626726.1938171851,626727.5271273255,626727.0474931835,False,False,True,True,82.00402981673847,95.27712277044591,28.85420245061057
1394,626727.0010706,626727.6698408981,626727.1404359746,626727.6167644572,626727.1934350181,626728.5275229393,626728.0469397341,False,False,True,True,82.40988648740979,95.74328318129928,28.86273335688391
1395,626728.0010706,626728.6703064477,626728.1399966946,626728.6171590809,626728.1930662445,626729.5279358767,626729.0463894468,False,False,True,True,82.82290802652047,96.21503068689373,28.86450579097353
1396,626729.0010706,626729.6707759371,626729.1395693226,626729.6175560266,626729.1927110583,626730.5283653974,626730.0458422133,False,False,True,True,83.24280073593617,96.69209207966243,28.85973148874369
1397,626730.0010706,626730.6712493084,626730.1391541443,626730.6179553306,626730.1923696442,626731.5288107989,626731.0452979521,False,False,True,True,83.6692914080901,97.17420781241695,28.848611940774912
1398,626731.0010706,626731.6717264785,626731.1387514323,626731.6183570285,626731.1920421692,626732.5292714187,626732.0447566069,False,False,True,True,84.1020795146588,97.66107052664464,28.83131790179644
1399,626732.0010706,626732.6722073385,626732.1383614412,626732.6187611081,626732.1917287834,626733.529746636,626733.044218146,False,False,True,True,84.54088501788627,98.1524001845895,28.8080030510646
1400,626733.0010706,626733.6726917517,626733.1379844041,626733.6191675552,626733.1914296092,626734.5302358724,626734.0436825624,False,False,True,True,84.98542104982738,98.6478894277389,28.77881423764655
1401,626734.0010706,626734.6731795515,626734.1376205285,626734.619576309,626734.1911447423,626735.5307385912,626735.0431498745,False,False,True,True,85.43541440291533,99.14721723720186,28.74383342381233
1402,626735.0010706,626735.673670542,626735.1372699945,626735.6199872942,626735.1908742456,626736.5312543022,626736.0426201287,False,False,True,True,85.89057820920497,99.65008991484405,28.70321770391285
1403,626736.0010706,626736.674164502,626736.1369329595,626736.6204004101,626736.1906181563,626737.5317825656,626737.0420934043,False,False,True,True,86.35063926112953,100.15617278139614,28.657031964745222
1404,626737.0010706,626737.674661193,626737.136609565,626737.620815535,626737.1903765079,626738.532322997,626738.0415698194,False,False,True,True,86.81533118131134,100.66514481796715,28.605353045937616
1405,626738.0010706,626738.6751603703,626738.1362999461,626738.6212325462,626738.1901493062,626739.5328752692,626739.041049533,False,False,True,True,87.28438076218363,101.17667817547691,28.548249249381723
1406,626739.0010706,626739.6756617874,626739.1360042405,626739.6216513211,626739.1899365654,626740.5334391098,626740.0405327438,False,False,True,True,87.75752162636876,101.69042451427777,28.48577521659091
1407,626740.0010706,626740.6761652001,626740.1357225899,626740.6220717441,626740.1897383137,626741.5340142946,626741.0400196859,False,False,True,True,88.23449422667825,102.2060423249112,28.41794290039622
1408,626741.0010706,626741.6766703664,626741.1354551399,626741.6224936928,626741.1895545622,626742.5346006402,626742.0395106238,False,False,True,True,88.71503901592367,102.72319692810788,28.344820602689357
1409,626742.0010706,626742.6771770434,626742.1352020367,626742.622917051,626742.1893853379,626743.5351979972,626743.0390058465,False,False,True,True,89.19889644691654,103.24153998422015,28.266401493281148
1410,626743.0010706,626743.6776849863,626743.1349634237,626743.6233417112,626743.1892306494,626744.5358062456,626744.0385056646,False,False,True,True,89.68582063284676,103.76069583284365,28.182680449529716
1411,626744.0010706,626744.6781939454,626744.1347394406,626744.6237675417,626744.1890905129,626745.5364252906,626745.0380104079,False,False,True,True,90.17555202652584,104.28033662489821,28.093706990306544
1412,626745.0010706,626745.678703666,626745.1345302213,626745.6241959794,626745.1889642096,626746.5370550593,626746.0375204231,False,False,True,True,90.66784474114367,104.80042137924883,28.000008747725015
1413,626746.0010706,626746.6792138855,626746.134335892,626746.6246199568,626746.1888511698,626747.5376954994,626747.037036072,False,False,True,True,91.16244605970098,105.319242548603,27.89935395747383
1414,626747.0010706,626747.6797243343,626747.1341565703,626747.6250503284,626747.1887586215,626748.538346576,626748.0365577315,False,False,True,True,91.65911009538762,105.83854183119908,27.79521577074594
1415,626748.0010706,626748.6802347351,626748.1339923653,626748.6254811977,626748.1886749646,626749.539008271,626749.0360857919,False,False,True,True,92.15758413120433,106.35689171750052,27.685835413830063
1416,626749.0010706,626749.6807448028,626749.1338433763,626749.6259124689,626749.1886058875,626750.5396805799,626750.0356206566,False,False,True,True,92.65762228034096,106.87391654710297,27.57120434898974
1417,626750.0010706,626750.6812542446,626750.1337096926,626750.6263381909,626750.18855712,626751.5403635092,626751.0351627406,False,False,True,True,93.15896499560907,107.3881000180107,27.44949720816928
1418,626751.0010706,626751.6817627589,626751.1335913932,626751.626769759,626751.1885170406,626752.5410570723,626752.0347124692,False,False,True,True,93.66137322038769,107.90138873413716,27.324380095405697
1419,626752.0010706,626752.6822700361,626752.1334885473,626752.6272000383,626752.1884919398,626753.541761288,626753.0342702772,False,False,True,True,94.16459423767755,108.4119931859198,27.193624661482264
1420,626753.0010706,626753.6827757568,626753.1334012137,626753.627629936,626753.1884818889,626754.5424761758,626754.0338366078,False,False,True,True,94.66836850029019,108.91980409033191,27.057645840391064
1421,626754.0010706,626754.6832795928,626754.1333294425,626754.628059411,626754.1884860242,626755.5432017557,626755.0334119117,False,False,True,True,95.17244329122629,109.42447310772582,26.91648461326712
1422,626755.0010706,626755.6837812047,626755.1332732735,626755.6284882497,626755.1885042535,626756.543938044,626756.032996644,False,False,True,True,95.67655906329742,109.92560408712964,26.770130734826672
1423,626756.0010706,626756.6842802414,626756.133232736,626756.6289162227,626756.1885364878,626757.5446850527,626757.0325912635,False,False,True,True,96.18045626931512,110.42286234927408,26.618637139035787
1424,626757.0010706,626757.6847763371,626757.1332078446,626757.6293430965,626757.1885826034,626758.545442787,626758.0321962279,False,False,True,True,96.68386853190174,110.91585174318726,26.462008948536347
1425,626758.0010706,626758.6852691104,626758.133198594,626758.6297686128,626758.1886424848,626759.5462112431,626759.0318119919,False,False,True,True,97.186543134058,111.40419660846483,26.300256408612107
1426,626759.0010706,626759.6857581588,626759.1332054101,626759.6301924842,626759.1887159683,626760.5469904079,626760.031439004,False,False,True,True,97.6882068682171,111.88754860545913,26.133429038134544
1427,626760.0010706,626760.6862430586,626760.1332268598,626760.6306144089,626760.1888028707,626761.547780257,626761.0310777044,False,False,True,True,98.18860018719056,112.36551841338745,25.96152512955637
1428,626761.0010706,626761.6867233624,626761.1332642147,626761.6310340595,626761.1889029843,626762.5485807564,626762.0307285264,False,False,True,True,98.68747037397912,112.83777818316965,25.784611277221995
1429,626762.0010706,626762.6871985998,626762.1333168794,626762.6314510615,626762.1890160502,626763.5493918646,626763.0303918978,False,False,True,True,99.18455105120515,113.30393176383384,25.602668698111195
1430,626763.0010706,626763.6876682802,626763.1333846762,626763.631865045,626763.1891417835,626764.5502135358,626764.0300682464,False,False,True,True,99.67958950186933,113.76363081573238,25.41572129788607
1431,626764.0010706,626764.6881318977,626764.1334673946,626764.6322755935,626764.1892798713,626765.551045726,626765.0297580066,False,False,True,True,100.17232617878322,114.2165474897851,25.223851038816655
1432,626765.0010706,626765.6885889398,626765.1335647986,626765.6326822889,626765.1894299849,626766.5518883974,626766.0294616239,False,False,True,True,100.66250153475835,114.66230612558763,25.027032307693567
1433,626766.0010706,626766.6890388941,626766.1336766344,626766.6330847213,626766.1895917685,626767.5527415206,626767.02917956,False,False,True,True,101.14985602260627,115.100544723114,24.825292425273485
1434,626767.0010706,626767.6894812561,626767.1338026403,626767.6334824585,626767.1897648724,626768.5536050731,626768.0289122926,False,False,True,True,101.63414375551686,115.53095592385152,24.618697985900816
1435,626768.0014282,626768.6899155318,626768.133942548,626768.6338750925,626768.1899489479,626769.5544790374,626769.0286603125,False,False,True,True,102.11509835611247,115.95317089758503,24.4072182537243
1436,626769.0014282,626769.6903412398,626769.1340960858,626769.6342622197,626769.1901436511,626770.5553633948,626770.0284241198,False,False,True,True,102.59247393758301,116.36686179523436,24.190921530635627
1437,626770.0014282,626770.6907579117,626770.1342629755,626770.6346434338,626770.1903486183,626771.5562581217,626771.0282042206,False,False,True,True,103.06601095273999,116.77172808847604,23.969843675127947
1438,626771.0014282,626771.6911650908,626771.1344429327,626771.6350183465,626771.1905635103,626772.5571631866,626772.0280011243,False,False,True,True,103.53546351477331,117.16745558860823,23.744025668336278
1439,626772.0014282,626772.6915623324,626772.134635664,626772.6353865633,626772.1907879648,626773.5580785463,626773.0278153413,False,False,True,True,104.00058573687284,117.55374376730748,23.513539227246905
1440,626773.0014282,626773.6919492038,626773.1348408684,626773.6357477054,626773.191021628,626774.5590041443,626774.0276473814,False,False,True,True,104.46111807185011,117.9302647754936,23.27837239902878
1441,626774.0014282,626774.6923252854,626774.1350582356,626774.6361013928,626774.1912641441,626775.55993991,626775.0274977537,False,False,True,True,104.91681463289503,118.29678638673482,23.038639589350502
1442,626775.0014282,626775.6926901694,626775.1352874476,626775.6364472521,626775.1915151601,626776.560885756,626776.0273669648,False,False,True,True,105.36742270300827,118.65300807270766,22.79439373217814
1443,626776.0014282,626776.6930434629,626776.1355281789,626776.636784929,626776.1917743069,626777.5618415782,626777.0272555188,False,False,True,True,105.81270322556891,118.99865662584533,22.545667270910247
1444,626777.0014282,626777.6933847878,626777.1357800975,626777.6371140603,626777.1920412307,626778.5628072519,626778.0271639158,False,False,True,True,106.25239665338849,119.33352714047273,22.292608762161276
1445,626778.0014282,626778.693713781,626778.1360428666,626778.637434307,626778.1923155714,626779.5637826305,626779.0270926498,False,False,True,True,106.68625709965687,119.65733274864468,22.035228451214977
1446,626779.0014282,626779.6940300954,626779.1363161446,626779.6377453196,626779.1925969716,626780.5647675423,626780.0270422085,False,False,True,True,107.11403867756394,119.96988220506447,21.773652696571
1447,626780.0014282,626780.6943333987,626780.1365995863,626780.6380467799,626780.192885084,626781.5657617878,626781.0270130706,False,False,True,True,107.53548183992123,120.27095694367863,21.507987366161476
1448,626781.0014282,626781.6946233748,626781.1368928454,626781.6383383601,626781.1931795616,626782.5667651382,626782.0270057067,False,False,True,True,107.9503475301078,120.56032473805539,21.23831100716186
1449,626782.0014282,626782.694899722,626782.137195575,626782.6386197552,626782.1934800613,626783.5677773354,626783.0270205778,False,False,True,True,108.35836937074603,120.837794342898,20.96473461014617
1450,626783.0014282,626783.695162154,626783.1375074298,626783.6388906621,626783.1937862413,626784.5687980887,626784.0270581327,False,False,True,True,108.7592946448366,121.10320183366635,20.687374288330293
1451,626784.0014282,626784.6954103985,626784.1378280665,626784.6391507962,626784.1940977875,626785.569827074,626785.0271188044,False,False,True,True,109.15287063538025,121.3563559650637,20.406352985119288
1452,626785.0014282,626785.695644194,626785.1381571388,626785.6393998557,626785.1944143617,626786.5708639284,626786.0272030027,False,False,True,True,109.53883096499933,121.5971064729283,20.121817549580314
1453,626786.0014282,626786.6958632858,626786.138494292,626786.6396375645,626786.1947356466,626787.5719082481,626787.0273111071,False,False,True,True,109.9169365770729,121.82528943272008,19.833867019456328
1454,626787.0014282,626787.6960674217,626787.138839155,626787.6398636322,626787.1950613019,626788.5729595853,626788.0274434625,False,False,True,True,110.2869279244125,122.040781901034,19.54263629098345
1455,626788.0014282,626788.6962563493,626788.1391913341,626788.6400777544,626788.1953909758,626789.5740174493,626789.0276003745,False,False,True,True,110.64855229001881,122.24347459484329,19.248314901911137
1456,626789.0014282,626789.6964298144,626789.1395504083,626789.6402796323,626789.1957242918,626790.5750813077,626790.0277821119,False,False,True,True,111.00156378708175,122.43321724998624,18.950955786205462
1457,626790.0014282,626790.6965875614,626790.1399159301,626790.6404689448,626790.196060862,626791.5761505922,626791.0279889086,False,False,True,True,111.3457370193587,122.60994156457116,18.650760434446937
1458,626791.0014282,626791.6967293376,626791.1402874291,626791.6406453756,626791.1964002689,626792.5772247035,626792.0282209697,False,False,True,True,111.68081243966118,122.77357923670633,18.347868865513554
1459,626792.0014282,626792.6968548961,626792.1406644175,626792.6408086116,626792.1967421016,626793.5783030172,626793.028478476,False,False,True,True,112.00657148193577,122.92400732298668,18.042369871864516
1460,626793.0014282,626793.6969640029,626793.1410464,626793.6409583259,626793.1970859357,626794.5793848885,626794.0287615894,False,False,True,True,112.3227750895615,123.06118484227721,17.734429085587198
1461,626794.0014282,626794.6970564395,626794.1414328788,626794.6410942322,626794.1974313522,626795.5804696558,626795.0290704537,False,False,True,True,112.62919103610662,123.18504349268623,17.424183110465002
1462,626795.0014282,626795.697132007,626795.1418233633,626795.6412160432,626795.1977779438,626796.5815566415,626796.029405195,False,False,True,True,112.92560075551766,123.29552863270035,17.11176342763945
1463,626796.0014282,626796.697190529,626796.1422173709,626796.6413234813,626796.1981253184,626797.5826451529,626797.0297659202,False,False,True,True,113.21177885155203,123.39262660194126,16.79732200881957
1464,626797.0014282,626797.6972318518,626797.1426144312,626797.6414163095,626797.1984730947,626798.5837344804,626798.0301527118,False,False,True,True,113.48750675815627,123.47625543813889,16.48095276910646
1465,626798.0014282,626798.6972558438,626798.143014086,626798.6414942879,626798.198820912,626799.5848238978,626799.0305656269,False,False,True,True,113.75258639984447,123.54645612242828,16.162824755682067
1466,626799.0014282,626799.6972623954,626799.1434158878,626799.6415572134,626799.1991684289,626800.5859126616,626800.0310046924,False,False,True,True,114.00679921056317,123.60316035291773,15.843045544025824
1467,626800.0014282,626800.6972518694,626800.1438194013,626800.6416048844,626800.1995153076,626801.5870000117,626801.0314699044,False,False,True,True,114.2499607752048,123.64642277112058,15.521780766225104
1468,626801.0014282,626801.6972228435,626801.1442242018,626801.6416371289,626801.1998612285,626802.5880851725,626802.0319612259,False,False,True,True,114.48187301828341,123.67622971665853,15.198842592077732
1469,626802.0014282,626802.6971766248,626802.1446298761,626802.6416537958,626802.2002058888,626803.5891673558,626803.0324785875,False,False,True,True,114.70234469450226,123.69260851028821,14.874616927271811
1470,626803.0014282,626803.6971127344,626803.1450360243,626803.6416547336,626803.2005490003,626804.5902457619,626804.0330218864,False,False,True,True,114.91122553969959,123.69558647276634,14.549195979361139
1471,626804.0014282,626804.6970311666,626804.1454422593,626804.6416398274,626804.2008902923,626805.591319582,626805.0335909871,False,False,True,True,115.10831747838947,123.68520458522792,14.223074083286894
1472,626805.0014282,626805.6969319368,626805.1458482107,626805.6416089693,626805.2012295013,626806.5923879999,626806.0341857204,False,False,True,True,115.29347024641018,123.66153114956465,13.896165007910804
1473,626806.0014282,626806.6968150814,626806.1462535253,626806.6415620891,626806.2015664036,626807.5934501931,626807.0348058834,False,False,True,True,115.46653357959995,123.62460714691157,13.568516564557061
1474,626807.0014282,626807.6966806597,626807.1466578685,626807.6414991211,626807.201900775,626808.5945053338,626808.0354512397,False,False,True,True,115.62735721379708,123.57448721878201,13.240276456066466
1475,626808.0014282,626808.6965287505,626808.1470609261,626808.641420023,626808.2022324268,626809.5955525893,626809.0361215184,False,False,True,True,115.77580454521814,123.51126698782437,12.911584701317004
1476,626809.0014282,626809.696359454,626809.1474624062,626809.641324781,626809.2025611787,626810.5965911245,626810.0368164158,False,False,True,True,115.91173897007972,123.43501475593035,12.582577904092075
1477,626810.0014282,626810.69617289,626810.1478620397,626810.641213014,626810.2028868825,626811.5976201049,626811.0375355966,False,False,True,True,116.0350375449768,123.34574418347829,12.253252649297094
1478,626811.0014282,626811.6959691972,626811.1482595841,626811.6410841448,626811.2032105303,626812.5986386978,626812.0382786936,False,False,True,True,116.14559098688262,123.24344161008983,11.92359783787466
1479,626812.0014282,626812.6957485324,626812.1486548211,626812.6409449067,626812.2035312103,626813.5996460724,626813.0390453038,False,False,True,True,116.24329001277049,123.12944575284233,11.595595078457722
1480,626813.0014282,626813.6955110638,626813.1490475533,626813.640783774,626813.2038428267,626814.600641398,626814.0398349825,False,False,True,True,116.32802533961367,123.00170755498475,11.266191276487286
1481,626814.0014282,626814.6952569664,626814.1494375949,626814.6406065971,626814.2041568797,626815.6016238416,626815.0406472334,False,False,True,True,116.39971500514213,122.86141546943269,10.937085441519391
1482,626815.0014282,626815.6949864153,626815.1498247602,626815.640413378,626815.2044675376,626816.602592567,626816.0414815054,False,False,True,True,116.45827704708582,122.70867877921286,10.608417592432025
1483,626816.0014282,626816.694699582,626816.1502088571,626816.6402099362,626816.2047689923,626817.6035467403,626817.0423371913,False,False,True,True,116.50367048430971,122.5446312957275,10.281865394440068
1484,626817.0014282,626817.6943966332,626817.150589681,626817.6399849348,626817.2050727409,626818.6044855334,626818.0432136352,False,False,True,True,116.53582701492213,122.36738788676566,9.954463691670092
1485,626818.0014282,626818.6940777334,626818.1509670182,626818.6397459775,626818.2053714045,626819.6054081325,626819.0441101377,False,False,True,True,116.55473297854473,122.17843753356642,9.628410097487548
1486,626819.0014282,626819.6937430452,626819.1513406474,626819.6394913151,626819.2056655884,626820.6063137434,626820.0450259668,False,False,True,True,116.56033373366414,121.9775753304547,9.303287116579417
1487,626820.0014282,626820.6933927329,626820.1517103468,626820.6392209816,626820.2059558069,626821.6072015979,626821.0459603632,False,False,True,True,116.55262928028037,121.76496520197054,8.979252697070256
1488,626821.0014282,626821.6930269643,626821.1520758977,626821.6389350386,626821.2062419645,626822.6080709584,626822.0469125486,False,False,True,True,116.53163327877175,121.54071643114068,8.656376848399061
1489,626822.0014282,626822.6926459132,626822.1524370913,626822.6386335529,626822.2065239581,626823.6089211225,626823.0478817292,False,False,True,True,116.49733206875995,121.30502026326188,8.334835447936955
1490,626823.0014282,626823.6922497614,626823.1527937306,626823.6383165874,626823.2068017018,626824.6097514238,626824.0488670999,False,False,True,True,116.44975297100163,121.05797232098251,8.014660939082498
1491,626824.0014282,626824.6918386982,626824.1531456346,626824.637984228,626824.2070751236,626825.6105612346,626825.0498678454,False,False,True,True,116.3889233062535,120.79973652884267,7.695991633166384
1492,626825.0014282,626825.6914129222,626825.1534926384,626825.6376365667,626825.2073441742,626826.6113499664,626826.050883142,False,False,True,True,116.31488405565057,120.53047681138243,7.378959865103779
1493,626826.0014282,626826.6909726409,626826.1538345935,626826.6372737042,626826.2076088011,626827.6121170693,626827.051912159,False,False,True,True,116.22767620032783,120.25031611200686,7.063612592445229
1494,626827.0014282,626827.6905180688,626827.1541713681,626827.6368957658,626827.2078689754,626828.6128620338,626828.0529540586,False,False,True,True,116.12736804217704,119.95943201563435,6.750103067560236
1495,626828.0014282,626828.6900494285,626828.1545028451,626828.6365028669,626828.2081246878,626829.6135843894,626829.0540079991,False,False,True,True,116.01402788308984,119.65796112604832,6.438498311680029
1496,626829.0014282,626829.6895669489,626829.154828921,626829.6360951395,626829.2083759246,626830.614283707,626830.0550731355,False,False,True,True,115.8877376853363,119.34602638665385,6.128891386132052
1497,626830.0014282,626830.689070866,626830.1551495062,626830.6356727271,626830.2086226932,626831.614959599,626831.0561486245,False,False,True,True,115.74857941118647,119.02384636350433,5.821430847530752
1498,626831.0014282,626831.6885614218,626831.1554645239,626831.635235787,626831.208865012,626832.6156117208,626832.057233626,False,False,True,True,115.59667600404538,118.69153033962654,5.5162076227694525
1499,626832.0014282,626832.6880388665,626832.1557739121,626832.6347844704,626832.2091029128,626833.6162397708,626833.0583273075,False,False,True,True,115.43210942618309,118.34925589993887,5.213312211854659
1500,626833.0014282,626833.687503458,626833.1560776243,626833.6343189501,626833.2093364336,626834.6168434918,626834.0594288481,False,False,True,True,115.255016281383,117.99718696898138,4.9128654237573155
1501,626834.0014282,626834.6869554638,626834.1563756303,626834.6338394175,626834.2095656309,626835.617422671,626835.0605374409,False,False,True,True,115.06551951305018,117.63543282978083,4.614959466031216
1502,626835.0014282,626835.686395162,626835.1566679198,626835.6333460588,626835.2097905761,626836.6179771391,626836.0616522967,False,False,True,True,114.86375572496799,117.26422570876898,4.319805220766986
1503,626836.0014282,626836.685822842,626836.1569545032,626836.632839092,626836.2100113604,626837.6185067699,626837.0627726468,False,False,True,True,114.64986152091987,116.8836612285942,4.027422324758488
1504,626837.0014282,626837.6852388051,626837.1572354143,626837.6323187444,626837.2102281044,626838.6190114787,626838.0638977455,False,False,True,True,114.42398033487838,116.49393063455328,3.737998181321075
1505,626838.0014282,626838.6846433659,626838.1575107111,626838.6317852474,626838.210440929,626839.6194912246,626839.0650268749,False,False,True,True,114.18626926119443,116.09518419080793,3.4517020510801166
1506,626839.0014282,626839.6840368516,626839.1577804794,626839.6312388618,626839.2106500008,626840.6199460065,626840.0661593464,False,False,True,True,113.93688539421892,115.6875994822766,3.1687138668315598
1507,626840.0014282,626840.6834196001,626840.1580448311,626840.6306798571,626840.2108555026,626841.6203758605,626841.0672944977,False,False,True,True,113.6759789981136,115.27128579198597,2.8891670307076316
1508,626841.0014282,626841.6827919546,626841.1583038999,626841.6301085165,626841.211057633,626842.6207808533,626842.0684316866,False,False,True,True,113.40373448798607,114.8464207048545,2.6132653811663746
1509,626842.0014282,626842.6821542557,626842.1585578301,626842.6295251123,626842.2112566005,626843.621161076,626843.0695702818,False,False,True,True,113.12030895818722,114.41317497561143,2.341258433555906
1510,626843.0014282,626843.6815068368,626843.1588067655,626843.6289299187,626843.2114526089,626844.6215166408,626844.0707096567,False,False,True,True,112.82588682382465,113.9716920382293,2.0733589909575536
1511,626844.0014282,626844.6808500201,626844.1590508386,626844.6283231978,626844.2116458529,626845.6218476815,626845.0718491897,False,False,True,True,112.5206661603843,113.52213581724824,1.809830229097775
1512,626845.0014282,626845.6801841187,626845.159290168,626845.6277052055,626845.2118365086,626846.6221543557,626846.0729882712,False,False,True,True,112.20483138297374,113.06467706739747,1.5509295607309144
1513,626846.0014282,626846.6795094381,626846.1595248596,626846.627076195,626846.2120247418,626847.6224368475,626847.0741263106,False,False,True,True,111.87858739726808,112.59947971321706,1.296963277152565
1514,626847.0014282,626847.6788262774,626847.1597550111,626847.6264364102,626847.2122106991,626848.6226953666,626848.0752627417,False,False,True,True,111.54215276932075,112.12670084905795,1.0482278512613876
1515,626848.0014282,626848.6781349308,626848.1599807132,626848.6257860862,626848.2123945332,626849.62293015,626849.0763970274,False,False,True,True,111.19572557461771,111.64652489002772,0.805060203482534
1516,626849.0014282,626849.6774356873,626849.1602020541,626849.6251254661,626849.2125763731,626850.6231414615,626850.0775286637,False,False,True,True,110.83953120940154,111.15910893047727,0.5677759099000003
1517,626850.0014282,626850.6767288318,626850.1604191212,626850.6244547883,626850.2127563701,626851.6233295912,626851.0786571805,False,False,True,True,110.47377457934736,110.66460323456835,0.33668598424485985
1518,626851.0014282,626851.6760146471,626851.1606320038,626851.6237742883,626851.2129346459,626852.6234948558,626852.0797821442,False,False,True,True,110.09868108069777,110.1631785570302,0.11210753672562908
1519,626852.0014282,626852.6752934137,626852.1608407949,626852.623084198,626852.2131113538,626852.6234948649,626852.079782611,False,False,True,False,109.71446244931704,,
1520,626853.0014282,626853.6745654114,626853.1610455937,626853.6223847624,626853.213286622,626853.6236376031,626853.0809036216,False,False,True,False,109.32134408144779,,
1521,626854.0014282,626854.6738309206,626854.1612465044,626854.6216762154,626854.2134606083,626854.6237581829,626854.0820203207,False,False,True,False,108.91955137333262,,
1522,626855.0014282,626855.6730902202,626855.1614436386,626855.6209587997,626855.2136334623,626855.6238569915,626855.0831323827,False,False,True,False,108.50928923064663,,
1523,626856.0014282,626856.6723435898,626856.1616371123,626856.6202327601,626856.2138053281,626856.6239344359,626856.0842395159,False,False,True,False,108.09079671001078,,
1524,626857.0014282,626857.671591308,626857.1618270455,626857.6194983422,626857.2139763709,626857.623990943,626857.0853414624,False,False,True,False,107.66428554728934,,
1525,626858.0014282,626858.6708336526,626858.1620135622,626858.6187557874,626858.2141467434,626858.6240269558,626858.0864379953,False,False,True,False,107.22998113872491,,
1526,626859.0014282,626859.6700709015,626859.1621967885,626859.6180053483,626859.2143166045,626859.6240429359,626859.0875289207,False,False,True,False,106.7881088805601,,
1527,626860.0014282,626860.6693033329,626860.1623768548,626860.617247272,626860.2144861148,626860.6240393596,626860.0886140754,False,False,True,False,106.33889416903753,,
1528,626861.0014282,626861.6685312272,626861.1625538946,626861.6164818042,626861.214655434,626861.6240167206,626861.0896933293,False,False,True,False,105.8825624003998,,
1529,626862.0014282,626862.6677548678,626862.1627280486,626862.6157092125,626862.2148247311,626862.623975527,626862.090766584,False,False,True,False,105.41933897088954,,
1530,626863.0014282,626863.6669745445,626863.1628994667,626863.6149297624,626863.2149941858,626863.6239163044,626863.0918337759,False,False,True,False,104.94944244656017,,
1531,626864.0014282,626864.6661905558,626864.163068311,626864.6141437237,626864.2151639737,626864.623839594,626864.0928948764,False,False,True,False,104.47309139346514,,
1532,626865.0014282,626865.6654032106,626865.1632347596,626865.613351388,626865.215334303,626865.6237459539,626865.0939498928,False,False,True,False,103.9905043776579,,
1533,626866.0014282,626866.6646128299,626866.1633990097,626866.6125530577,626866.2155053905,626866.6236359577,626866.0949988696,False,False,True,False,103.50190679538103,,
1534,626867.0014282,626867.6638197489,626867.1635612804,626867.6117490492,626867.2156774673,626867.6235101952,626867.0960418885,False,False,True,False,103.00751038249884,,
1535,626868.0014282,626868.6630243126,626868.1637218127,626868.6109396858,626868.2158508049,626868.62336927,626868.0970790691,False,False,True,False,102.50752687487555,,
1536,626869.0014282,626869.6622268718,626869.1638808649,626869.6101253129,626869.2160256678,626869.6232137943,626869.098110564,False,False,True,False,102.00215434799715,,
1537,626870.0014282,626870.6614277749,626870.1640387038,626870.6093120419,626870.2162023393,626870.6230443835,626870.099136549,False,False,True,False,101.49161136791703,,
1538,626871.0014282,626871.6606273623,626871.1641955911,626871.6084886373,626871.2163753102,626871.6228616491,626871.1001572122,False,False,True,False,100.97610967049948,,
1539,626872.0014282,626872.6598259648,626872.1643517751,626872.6076612014,626872.2165564059,626872.6226661992,626872.1011727455,False,False,True,False,100.45585416141962,,
1540,626873.0014282,626873.659023907,626873.1645074876,626873.6068300506,626873.2167400885,626873.6224586407,626873.1021833441,False,False,True,False,99.93106340673086,,
1541,626874.0014282,626874.6582215098,626874.1646629451,626874.6059954986,626874.2169265752,626874.6222395818,626874.1031892099,False,False,True,False,99.40194914229748,,
1542,626875.0014282,626875.6574190911,626875.1648183535,626875.6051578618,626875.2171160838,626875.6220096343,626875.1041905556,False,False,True,False,98.86874359455126,,
1543,626876.0014282,626876.6566169627,626876.1649739069,626876.604317442,626876.2173088063,626876.621769411,626876.1051876079,False,False,True,False,98.33165166916731,,
1544,626877.0014282,626877.65581543,626877.1651297896,626877.6034745452,626877.2175049306,626877.6215195258,626877.1061806062,False,False,True,False,97.79089876238824,,
1545,626878.0014282,626878.6550147899,626878.1652861743,626878.6026294716,626878.2177046331,626878.621260592,626878.1071698023,False,False,True,False,97.24669661007829,,
1546,626879.0014282,626879.6542153333,626879.1654432246,626879.6017825152,626879.2179080752,626879.620993223,626879.1081554608,False,False,True,False,96.69926377829094,,
1547,626880.0014282,626880.6534173458,626880.165601098,626880.6009339631,626880.2181154047,626880.6207180344,626880.1091378599,False,False,True,False,96.14881200289045,,
1548,626881.0014282,626881.6526211088,626881.1657599465,626881.6000840992,626881.2183267736,626881.6204356421,626881.1101172906,False,False,True,False,95.59555984993024,,
1549,626882.0014282,626882.6518269011,626882.1659199193,626882.5992332209,626882.2185423214,626882.6201466639,626882.1110940566,False,False,True,False,95.03971222508544,,
1550,626883.0014282,626883.6510349992,626883.1660811624,626883.5983815999,626883.21876219,626883.6198517196,626883.1120684736,False,False,True,False,94.48148086422029,,
1551,626884.0014282,626884.6502456774,626884.1662438195,626884.5975295341,626884.2189865028,626884.6195514307,626884.1130408673,False,False,True,False,93.92107067300992,,
1552,626885.0014282,626885.6494592081,626885.1664080305,626885.5966773077,626885.2192153974,626885.6192464195,626885.1140115729,False,False,True,False,93.35870704769691,,
1553,626886.0014282,626886.6486758615,626886.1665739305,626886.5958252004,626886.2194489915,626886.6189373101,626886.1149809323,False,False,True,False,92.79458123357806,,
1554,626887.0014282,626887.6478959059,626887.1667416501,626887.5949735572,626887.2196873606,626887.6186247272,626887.1159492945,False,False,True,False,92.22891862689593,,
1555,626888.0014282,626888.6471196075,626888.1669113135,626888.5941227319,626888.2199305004,626888.6183092978,626888.116917013,False,False,True,False,91.6619173031365,,
1556,626889.0014282,626889.6463472329,626889.1670830415,626889.59327288,626889.2201786585,626889.6179916514,626889.1178844473,False,False,True,False,91.09378899816402,,
1557,626890.0014282,626890.6455790508,626890.1672569511,626890.5924243033,626890.2204319341,626890.617672421,626890.1188519627,False,False,True,False,90.52474544784273,,
1558,626891.0014282,626891.6448153341,626891.1674331606,626891.5915772964,626891.2206904127,626891.6173522456,626891.1198199317,False,False,True,False,89.95500521822612,,
1559,626892.0014282,626892.6440563647,626892.1676117927,626892.5907321633,626892.2209541893,626892.6170317712,626892.1207887353,False,False,True,False,89.3847663848001,,
1560,626893.0014282,626893.6433024348,626893.1677929782,626893.5898892388,626893.221223376,626893.6167116535,626893.121758766,False,False,True,False,88.81424068342893,,
1561,626894.0014282,626894.6425538508,626894.167976862,626894.5890488462,626894.221498077,626894.6163925582,626894.1227304281,False,False,True,False,88.24363301978772,,
1562,626895.0014282,626895.6418109327,626895.1681636043,626895.5882113468,626895.221778421,626895.6160751609,626895.1237041401,False,False,True,False,87.67316195992993,,
1563,626896.0014282,626896.641074013,626896.168353382,626896.5873771035,626896.2220645625,626896.6157601459,626896.1246803321,False,False,True,False,87.10301874915228,,
1564,626897.0014282,626897.64034343,626897.1685463854,626897.5865464908,626897.222356643,626897.6154482008,626897.1256594441,False,False,True,False,86.5334082931299,,
1565,626898.0014282,626898.6396195223,626898.168742809,626898.5857198898,626898.2226548216,626898.6151400111,626898.1266419154,False,False,True,False,85.96454232772705,,
1566,626899.0014282,626899.638902622,626899.1689428419,626899.5848976723,626899.2229592499,626899.614836256,626899.1276281765,False,False,True,False,85.39661892842965,,
1567,626900.0014282,626900.6381930562,626900.1691466591,626900.5840802141,626900.2232700571,626900.6145376107,626900.1286186422,False,False,True,False,84.82984300091283,,
1568,626901.0014282,626901.6374911501,626901.1693544188,626901.5832678828,626901.2235873555,626901.6142447493,626901.1296137106,False,False,True,False,84.26443994141917,,
1569,626902.0014282,626902.6367972286,626902.1695662646,626902.5824610613,626902.2239112282,626902.6139583504,626902.1306137654,False,False,True,False,83.70061465562378,,
1570,626903.0014282,626903.6361116176,626903.1697823256,626903.5816601242,626903.2242417592,626903.6136790963,626903.1316191813,False,False,True,False,83.13859253976929,,
1571,626904.0014282,626904.6354346371,626904.1700027175,626904.5808654601,626904.2245789916,626904.6134076703,626904.132630321,False,False,True,False,82.57860582028745,,
1572,626905.0014282,626905.6347665985,626905.1702275379,626905.5800774432,626905.2249229676,626905.6131447528,626905.1336475355,False,False,True,False,82.02086623304255,,
1573,626906.0014282,626906.6341078007,626906.1704568646,626906.579296443,626906.2252736994,626906.6128910191,626906.1346711586,False,False,True,False,81.46561283465553,,
1574,626907.0014282,626907.6334585317,626907.1706907565,626907.5785228164,626907.2256311625,626907.6126471397,626907.1357015083,False,False,True,False,80.913071021369,,
1575,626908.0014282,626908.6328190691,626908.170929255,626908.5777569184,626908.2259953265,626908.612413781,626908.136738885,False,False,True,False,80.3634661894256,,
1576,626909.0014282,626909.632189682,626909.171172386,626909.5769990996,626909.226366146,626909.6121916061,626909.1377835723,False,False,True,False,79.81703739544623,,
1577,626910.0014282,626910.6315706321,626910.1714201628,626910.5762497053,626910.2267435408,626910.6119812746,626910.1388358383,False,False,True,False,79.27401003567354,,
1578,626911.0014282,626911.6309621749,626911.1716725859,626911.5755090779,626911.2271274261,626911.6117834444,626911.1398959323,False,False,True,False,78.73462316672847,,
1579,626912.0014282,626912.6303645598,626912.1719296442,626912.5747775558,626912.2275177089,626912.6115987699,626912.1409640866,False,False,True,False,78.19910218485361,,
1580,626913.0014282,626913.6297780301,626913.1721913151,626913.574055807,626913.2279139317,626913.6114279027,626913.142040513,False,False,True,False,77.66769980704828,,
1581,626914.0014282,626914.6292028229,626914.172457563,626914.5733439815,626914.2283161544,626914.6112714913,626914.143125402,False,False,True,False,77.14064825974425,,
1582,626915.0014282,626915.6286391683,626915.1727283385,626915.5726423268,626915.2287243068,626915.6111301798,626915.1442189214,False,False,True,False,76.61818659956246,,
1583,626916.0014282,626916.6280872906,626916.1730035788,626916.5719511925,626916.2291382148,626916.6110046087,626916.1453212146,False,False,True,False,76.10055388312388,,
1584,626917.0014282,626917.6275474089,626917.173283207,626917.5712708933,626917.229557682,626917.6108954153,626917.1464323995,False,False,True,False,75.58801648780612,,
1585,626918.0014282,626918.6270197404,626918.1735671358,626918.5705959954,626918.2299882888,626918.6108032351,626918.1475525703,False,False,True,False,75.08079980985181,,
1586,626919.0014282,626919.6265045016,626919.1738552686,626919.5699384052,626919.2304182496,626919.6107287025,626919.1486817971,False,False,True,False,74.57917022663855,,
1587,626920.0014282,626920.6260019131,626920.1741475055,626920.5692926919,626920.2308531123,626920.6106724534,626920.1498201282,False,False,True,False,74.0833736249765,,
1588,626921.0014282,626921.6255122023,626921.1744437467,626921.5686592018,626921.231292646,626921.6106351246,626921.1509675914,False,False,True,False,73.5936695520541,,
1589,626922.0014282,626922.6250356052,626922.174743897,626922.5680383187,626922.2317366274,626922.6106173559,626922.1521241972,False,False,True,False,73.11031072487063,,
1590,626923.0014282,626923.6245723669,626923.1750478703,626923.5674304178,626923.2321848335,626923.6106197869,626923.153289937,False,False,True,False,72.63354303023624,,
1591,626924.0014282,626924.6241227388,626924.1753555876,626924.5668301141,626924.2326428229,626924.6106430539,626924.1544647838,False,False,True,False,72.16363284552853,,
1592,626925.0014282,626925.6236869749,626925.1756669777,626925.566249367,626925.2330988182,626925.610687786,626925.1556486874,False,False,True,False,71.70082605755763,,
1593,626926.0014282,626926.6232653253,626926.1759819682,626926.5656823228,626926.2335588674,626926.6107545972,626926.1568415682,False,False,True,False,71.24538221351202,,
1594,626927.0014282,626927.622858034,626927.1763004805,626927.5651288106,626927.234023275,626927.6108440855,626927.15804331,False,False,True,False,70.79754037001261,,
1595,626928.0014282,626928.6224653381,626928.1766224229,626928.5645901526,626928.2344908747,626928.6109568321,626928.1592537563,False,False,True,False,70.35757373462624,,
1596,626929.0014282,626929.6220874712,626929.1769476878,626929.564066748,626929.2349614046,626929.6110934056,626929.1604727076,False,False,True,False,69.92572819416303,,
1597,626930.0014282,626930.6217246647,626930.1772761536,626930.563558984,626930.2354345755,626930.611254365,626930.1616999255,False,False,True,False,69.50227695618975,,
1598,626931.0014282,626931.6213771463,626931.1776076837,626931.5630672592,626931.2359100913,626931.6114402565,626931.1629351329,False,False,True,False,69.08747956789486,,
1599,626932.0014282,626932.6210451331,626932.1779421251,626932.5625919661,626932.236387625,626932.6116515731,626932.164177973,False,False,True,False,68.68160240665603,,
1600,626933.0014282,626933.6207288257,626933.1782793044,626933.5621334782,626933.2368668186,626933.6118888874,626933.1654281677,False,False,True,False,68.28491184985086,,
1601,626934.0014282,626934.6204284029,626934.178619025,626934.5616921524,626934.2373473046,626934.61215264,626934.1666852741,False,False,True,False,67.89768110504616,,
1602,626935.0014282,626935.6201440217,626935.1789610654,626935.5612683296,626935.2378286698,626935.6124432727,626935.1679488418,False,False,True,False,67.5201628892412,,
1603,626936.0014282,626936.6198758166,626936.1793051814,626936.5608623291,626936.2383104954,626936.612761193,626936.169218374,False,False,True,False,67.15262357981365,,
1604,626937.0014282,626937.6196239032,626937.1796511088,626937.5604744612,626937.238792327,626937.6131067749,626937.170493328,False,False,True,False,66.79532272395194,,
1605,626938.0014282,626938.6193883773,626938.1799985648,626938.5601050025,626938.2392736885,626938.6134803568,626938.1717731189,False,False,True,False,66.44851986884456,,
1606,626939.0014282,626939.6191693172,626939.1803472494,626939.5597542152,626939.2397540912,626939.6138822413,626939.1730571184,False,False,True,False,66.11246773149075,,
1607,626940.0014282,626940.6189667829,626940.1806968483,626940.5594223618,626940.2402330332,626940.6143126935,626940.1743446572,False,False,True,False,65.78741219870068,,
1608,626941.0014282,626941.6187808174,626941.1810470321,626941.5591096653,626941.2407099972,626941.6147719389,626941.1756350258,False,False,True,False,65.4736059874736,,
1609,626942.0014282,626942.6186114447,626942.1813974564,626942.5588163418,626942.2411844508,626942.6152601629,626942.1769274757,False,False,True,False,65.1712881544305,,
1610,626943.0014282,626943.6184586708,626943.1817477623,626943.5585425829,626943.2416558377,626943.61577751,626943.1782212213,False,False,True,False,64.88069092600314,,
1611,626944.0014282,626944.6183224835,626944.1820975754,626944.5582885758,626944.2421236013,626944.6163240885,626944.1795154433,False,False,True,False,64.60205335881247,,
1612,626945.0014282,626945.6182028549,626945.1824465096,626945.5580544672,626945.2425871631,626945.6168999751,626945.1808092918,False,False,True,False,64.3356008491011,,
1613,626946.0014282,626946.618099743,626946.1827941677,626946.5578404143,626946.2430459413,626946.6175052007,626946.1821018737,False,False,True,False,64.08156562330082,,
1614,626947.0014282,626947.6180130974,626947.1831401454,626947.5576465352,626947.243499344,626947.6181397177,626947.1833922346,True,False,False,False,296.0564347064136,,
1615,626948.0014282,626948.6179428599,626948.1834840374,626948.5574729571,626948.2439467951,626948.6188034264,626948.1846793978,True,False,False,False,296.29071019494506,,
1616,626949.0014282,626949.6178889689,626949.1838254409,626949.5573198046,626949.244387704,626949.619496214,626949.185962405,True,False,False,False,296.51203564481017,,
1617,626950.0014282,626950.6178513616,626950.1841639616,626950.557187177,626950.2448215082,626950.6202179419,626950.187240296,True,False,False,False,296.72016516919876,,
1618,626951.0014282,626951.6178294127,626951.1844992153,626951.5570751742,626951.2452476565,626951.6209684298,626951.1885120953,True,False,False,False,296.91496216432756,,
1619,626952.0014282,626952.6178247337,626952.18483083,626952.5569838918,626952.2456656154,626952.6217474495,626952.1897768152,True,False,False,False,297.096208064143,,
1620,626953.0014282,626953.6178355699,626953.1851584448,626953.5569134038,626953.246074871,626953.6225547229,626953.1910334609,True,False,False,False,297.26373894410506,,
1621,626954.0014282,626954.617862399,626954.185481708,626954.5568637851,626954.2464749226,626954.6233899212,626954.192281032,True,False,False,False,297.41744552118706,,
1622,626955.0014282,626955.6179051287,626955.1858002725,626955.5568350705,626955.2468652779,626955.6242526649,626955.1935185236,True,False,False,False,297.55713655009214,,
1623,626956.0014282,626956.6179636589,626956.1861137934,626956.5568273065,626956.2472454626,626956.625142527,626956.1947449278,True,False,False,False,297.68270274779366,,
1624,626957.0014282,626957.6180378825,626957.1864219275,626957.5568404974,626957.2476150134,626957.6260590374,626957.1959592376,True,False,False,False,297.79400751050815,,
1625,626958.0014282,626958.618127686,626958.1867243333,626958.556874668,626958.2479734481,626958.6270016853,626958.1971604519,True,False,False,False,297.89096887596565,,
1626,626959.0014282,626959.6182329478,626959.1870206695,626959.556929797,626959.2483203242,626959.6279699204,626959.198347579,True,False,False,False,297.97345024038276,,
1627,626960.0014282,626960.6183535308,626960.1873105939,626960.5570058617,626960.2486551924,626960.6289631494,626960.1995196398,True,False,False,False,298.04139696224604,,
1628,626961.0014282,626961.6184892775,626961.18759376,626961.5571028019,626961.2489775983,626961.6299807008,626961.2006756242,True,False,False,False,298.09467243777215,,
1629,626962.0014282,626962.6186400051,626962.1878698154,626962.5572205213,626962.2492871014,626962.6310219471,626962.2018146685,True,False,False,False,298.133276666961,,
1630,626963.0014282,626963.6188055039,626963.1881383993,626963.5573588804,626963.2495832698,626963.632086117,626963.2029357895,True,False,False,False,298.15712768754275,,
1631,626964.0014282,626964.6189855379,626964.1883991456,626964.5575177269,626964.2498656667,626964.6331724247,626964.2040380689,True,False,False,False,298.1661981787605,,
1632,626965.0014282,626965.6191798467,626965.188651684,626965.5576968404,626965.2501338599,626965.6342800402,626965.2051206112,True,False,False,False,298.16043349910103,,
1633,626966.0014282,626966.6193881482,626966.1888956414,626966.5578959809,626966.2503874446,626966.6354080939,626966.2061825485,True,False,False,False,298.1398609693209,,
1634,626967.0014282,626967.6196101382,626967.1891306457,626967.5581148793,626967.2506260123,626967.6365556796,626967.2072230426,True,False,False,False,298.1044805894203,,
1635,626968.0014282,626968.6198454935,626968.1893563254,626968.5583532257,626968.2508491692,626968.6377218575,626968.2082412881,True,False,False,False,298.054292359399,,
1636,626969.0014282,626969.6200938704,626969.1895723112,626969.558610685,626969.25105654,626969.6389056584,626969.2092365157,True,False,False,False,297.98935092077056,,
1637,626970.0014282,626970.6203549064,626970.1897782353,626970.5588868862,626970.2512477706,626970.6401060848,626970.2102079927,True,False,False,False,297.9097109150482,,
1638,626971.0014282,626971.6206282189,626971.1899737325,626971.5591814246,626971.2514225015,626971.6413221154,626971.2111550258,True,False,False,False,297.81542698374534,,
1639,626972.0014282,626972.6209134089,626972.1901584405,626972.559493875,626972.251580414,626972.6425527097,626972.2120769615,True,False,False,False,297.70655376837533,,
1640,626973.0014282,626973.6212100636,626973.1903320013,626973.559823774,626973.2517211837,626973.6437968127,626973.2129731888,True,False,False,False,297.5832005519649,,
1641,626974.0014282,626974.6215177604,626974.190494064,626974.5601706505,626974.2518445173,626974.6450533622,626974.2138431417,True,False,False,False,297.44547661754075,,
1642,626975.0014282,626975.6218360728,626975.1906442887,626975.5605340077,626975.251950138,626975.6463212955,626975.2146863025,True,False,False,False,297.29346392737295,,
1643,626976.0014282,626976.6221645738,626976.1907823507,626976.5609133395,626976.252037792,626976.6475995544,626976.2155022044,True,False,False,False,297.1273264060016,,
1644,626977.0014282,626977.6225028401,626977.1909079454,626977.5613081446,626977.2521072725,626977.6488870902,626977.216290435,True,False,False,False,296.9471733364533,,
1645,626978.0014282,626978.6228504532,626978.19102079,626978.561717895,626978.252158382,626978.6501828663,626978.2170506367,True,False,False,False,296.75314132251157,,
1646,626979.0014282,626979.6232070008,626979.1911206266,626979.5621420692,626979.2521909751,626979.6514858596,626979.2177825072,True,False,False,False,296.5454216094732,,
1647,626980.0014282,626980.623572076,626980.1912072233,626980.5625801504,626980.2522049429,626980.6527950643,626980.2184858001,True,False,False,False,296.32412348036473,,
1648,626981.0014282,626981.62394528,626981.1912803724,626981.5630316107,626981.2522001975,626981.6541094922,626981.2191603223,True,False,False,False,296.0894928219965,,
1649,626982.0014282,626982.6243262212,626982.1913398926,626982.5634959112,626982.2521766997,626982.6554281788,626982.2198059349,True,False,False,False,295.84166623815173,,
1650,626983.0014282,626983.6247145191,626983.1913856252,626983.5639725307,626983.2521344302,626983.6567501861,626983.2204225506,True,False,False,False,295.5808349741273,,
1651,626984.0014282,626984.6251098036,626984.1914167497,626984.5644609502,626984.2520734027,626984.6580746083,626984.2210101339,True,False,False,False,295.3072449167333,,
1652,626985.0014282,626985.6255117173,626985.1914352064,626985.5649606549,626985.251993666,626985.6594017372,626985.2215686995,True,False,False,False,295.02105999050974,,
1653,626986.0014282,626986.6259199143,626986.1914388465,626986.5654711314,626986.2518952833,626986.6607284218,626986.2220983114,True,False,False,False,294.7225260822668,,
1654,626987.0014282,626987.626334056,626987.1914282779,626987.5659918842,626987.2517783481,626987.6620550272,626987.2225990808,True,False,False,False,294.41186175805797,,
1655,626988.0014282,626988.6267538087,626988.1914034386,626988.5665223928,626988.2516429645,626988.6633807984,626988.2230711624,True,False,False,False,294.0892582631799,,
1656,626989.0014282,626989.6271788364,626989.1913642781,626989.5670621588,626989.2514892542,626989.6647050153,626989.2235147506,True,False,False,False,293.7549614844428,,
1657,626990.0014282,626990.6276087996,626990.1913107543,626990.5676106531,626990.2513173652,626990.6660269892,626990.2239300769,True,False,False,False,293.40921730865676,,
1658,626991.0014282,626991.6280433529,626991.1912428339,626991.5681673507,626991.2511274422,626991.6673460645,626991.2243174058,True,False,False,False,293.0522443018752,,
1659,626992.0014282,626992.6284821457,626992.1911604903,626992.56873171,626992.2509196455,626992.6686604612,626992.2246770335,True,False,False,False,292.6842883509083,,
1660,626993.0014282,626993.6289248236,626993.1910637051,626993.5693031851,626993.2506941528,626993.669971907,626993.2250092872,True,False,False,False,292.3055953425661,,
1661,626994.0014282,626994.6293710305,626994.1909524687,626994.5698812149,626994.250451153,626994.6712786867,626994.2253145231,True,False,False,False,291.91643848441544,,
1662,626995.0014282,626995.6298204092,626995.1908267806,626995.5704652467,626995.2501908434,626995.6725802813,626995.2255931257,True,False,False,False,291.51703634250975,,
1663,626996.0014282,626996.630272602,626996.1906866487,626996.5710547235,626996.249913433,626996.6738762076,626996.2258455048,True,False,False,False,291.10766212441587,,
1664,626997.0014282,626997.6307272501,626997.1905320897,626997.5716490864,626997.2496191299,626997.6751660183,626997.2260720951,True,False,False,False,290.6885617169439,,
1665,626998.0014282,626998.6311839935,626998.1903631263,626998.5722477657,626998.2493081777,626998.6764493003,626998.2262733525,True,False,False,False,290.26003564841733,,
1666,626999.0014282,626999.6316424706,626999.1901797876,626999.5728502035,626999.2489807908,626999.6777256739,626999.2264497529,True,False,False,False,289.8223024848895,,
1667,627000.0014282,627000.6321023188,627000.1899821085,627000.5734558216,627000.2486372265,627000.6789947939,627000.2266017895,True,False,False,False,289.3756627546841,,
1668,627001.0014282,627001.632563178,627001.1897701283,627001.5740640744,627001.2482777068,627001.6802563495,627001.2267299718,True,False,False,False,288.920362344611,,
1669,627002.0014282,627002.6330246949,627002.1895438933,627002.5746743913,627002.2479024963,627002.6815100668,627002.2268348252,True,False,False,False,288.4566744622372,,
1670,627003.0014282,627003.6334865268,627003.1893034596,627003.5752862355,627003.247511837,627003.6827557117,627003.2269168901,True,False,False,False,287.9848723151294,,
1671,627004.0014282,627004.6339483475,627004.189048894,627004.5758990902,627004.2471059998,627004.68399309,627004.2269767227,True,False,False,False,287.50522911085443,,
1672,627005.0014282,627005.6344098474,627005.1887802782,627005.5765124435,627005.2466852581,627005.6852220462,627005.2270148939,True,False,False,False,287.0179907362224,,
1673,627006.0014282,627006.6348707343,627006.1884977084,627006.5771258196,627006.2462498958,627006.6864424611,627006.2270319869,True,False,False,False,286.5234577195568,,
1674,627007.0014282,627007.6353307334,627007.1882012959,627007.5777387511,627007.2458002158,627007.6876542487,627007.2270285957,True,False,False,False,286.02184862691104,,
1675,627008.0014282,627008.6357895897,627008.1878911688,627008.5783500111,627008.2453373345,627008.6888573561,627008.2270053248,True,False,False,False,285.513436665852,,
1676,627009.0014282,627009.63624707,627009.1875674727,627009.5789593785,627009.2448613528,627009.6900517652,627009.2269627906,True,False,False,False,284.9984950439464,,
1677,627010.0014282,627010.6367029678,627010.1872303728,627010.5795729518,627010.2443661434,627010.6912374946,627010.2269016223,True,False,False,False,284.47729696876104,,
1678,627011.0014282,627011.637157104,627011.1868800551,627011.5801788196,627011.2438636321,627011.6924146023,627011.2268224631,True,False,False,False,283.9500610063494,,
1679,627012.0014282,627012.6376093279,627012.1865167245,627012.5807824387,627012.243348414,627012.6935831851,627012.2267259718,True,False,False,False,283.41708768503497,,
1680,627013.0014282,627013.638059516,627013.1861406041,627013.5813835206,627013.2428208764,627013.6947433788,627013.2266128196,True,False,False,False,282.87862289162786,,
1681,627014.0014282,627014.638507568,627014.1857519329,627014.5819818099,627014.2422814143,627014.6958953557,627014.2264836903,True,False,False,False,282.3348851921815,,
1682,627015.0014282,627015.6389534024,627015.185350961,627015.5825770808,627015.2417304266,627015.6970393197,627015.2263392773,True,False,False,False,281.78614779426266,,
1683,627016.0014282,627016.6393969518,627016.1849379477,627016.5831748905,627016.2411625413,627016.6981755027,627016.2261802799,True,False,False,False,281.2326292639248,,
1684,627017.0014282,627017.6398381584,627017.1845131572,627017.583763476,627017.2405897394,627017.69930416,627017.2260074017,True,False,False,False,280.67463012949145,,
1685,627018.0014282,627018.6402769717,627018.1840768582,627018.5843484245,627018.2400066302,627018.7004255664,627018.2258213479,True,False,False,False,280.1123416362593,,
1686,627019.0014282,627019.6407133455,627019.18362932,627019.5849295643,627019.2394136346,627019.7015400138,627019.2256228244,True,False,False,False,279.5460096710386,,
1687,627020.0014282,627020.6411472387,627020.1831708145,627020.5855067201,627020.2388111453,627020.7026478094,627020.2254125364,True,False,False,False,278.97588012063926,,
1688,627021.0014282,627021.6415786138,627021.1827016154,627021.5860800794,627021.238199202,627021.7037492741,627021.2251911897,True,False,False,False,278.40217155111486,,
1689,627022.0014282,627022.6420074399,627022.1822219973,627022.5866491309,627022.2375785867,627022.704844743,627022.2249594894,True,False,False,False,277.8251571700322,,
1690,627023.0014282,627023.6424336911,627023.1817322383,627023.5872136862,627023.2369497239,627023.7059345637,627023.2247181416,True,False,False,False,277.24505554344466,,
1691,627024.0014282,627024.642857346,627024.1812326172,627024.5877736071,627024.2363130094,627024.7070190946,627024.2244678517,True,False,False,False,276.66208523740573,,
1692,627025.0014282,627025.6432783857,627025.1807234143,627025.5883287711,627025.2356688295,627025.708098704,627025.2242093252,True,False,False,False,276.07649213872554,,
1693,627026.0014282,627026.6436967924,627026.1802049077,627026.5888790552,627026.2350175623,627026.7091737667,627026.2239432656,True,False,False,False,275.48854945497084,,
1694,627027.0014282,627027.6441125479,627027.1796773742,627027.5894243504,627027.234359586,627027.7102446624,627027.2236703748,True,False,False,False,274.89842111068174,,
1695,627028.0014282,627028.6445256316,627028.1791410875,627028.5899645415,627028.2336952684,627028.7113117736,627028.223391352,True,False,False,False,274.3064076341817,,
1696,627029.0014282,627029.6449360228,627029.1785963168,627029.5904995134,627029.2330249705,627029.7123754858,627029.2231068928,True,False,False,False,273.7127002707675,,
1697,627030.0014282,627030.6453437016,627030.178043328,627030.5910291604,627030.2323490407,627030.7134361875,627030.2228176901,True,False,False,False,273.1175449072493,,
1698,627031.0014282,627031.6457486539,627031.177482385,627031.5915533936,627031.2316678292,627031.7144942707,627031.222524435,True,False,False,False,272.5211874304371,,
1699,627032.0014282,627032.6461508735,627032.1769137504,627032.5920721227,627032.2309816757,627032.7155501321,627032.2222278146,True,False,False,False,271.92387372714114,,
1700,627033.0014282,627033.6465503618,627033.1763376871,627033.5925852804,627033.2302909124,627033.7166041678,627033.221928512,True,False,False,False,271.32582236341483,,
1701,627034.0014282,627034.6469471278,627034.1757544565,627034.5930928029,627034.2295958691,627034.7176567703,627034.2216272019,True,False,False,False,270.7272792260683,,
1702,627035.0014282,627035.6473411869,627035.17516432,627035.59359465,627035.2288968756,627035.7187083261,627035.2213245498,True,False,False,False,270.12843556039826,,
1703,627036.0014282,627036.6477325645,627036.1745675411,627036.5940907758,627036.2281942599,627036.7197592165,627036.2210212152,True,False,False,False,269.5295645739715,,
1704,627037.0014282,627037.6481213034,627037.1739643908,627037.5945811749,627037.2274883403,627037.7208098245,627037.2207178562,True,False,False,False,268.93088483284157,,
1705,627038.0014282,627038.6485074691,627038.1733551526,627038.5950658541,627038.2267794665,627038.7218605385,627038.2204151358,True,False,False,False,268.3326422238185,,
1706,627039.0014282,627039.6488911533,627039.172740126,627039.595544861,627039.2260679745,627039.722911757,627039.220113727,True,False,False,False,267.73502799219904,,
1707,627040.0014282,627040.6492724731,627040.1721196254,627040.5960182659,627040.2253542346,627040.7239638881,627040.2198143122,True,False,False,False,267.13831534555004,,
1708,627041.0014282,627041.6496515684,627041.1714939789,627041.5964861645,627041.2246386148,627041.725017349,627041.219517583,True,False,False,False,266.5427228499249,,
1709,627042.0014282,627042.6500285962,627042.1708635248,627042.5969486786,627042.2239214831,627042.7260725608,627042.219224239,True,False,False,False,265.94849639213385,,
1710,627043.0014282,627043.6504037266,627043.170228608,627043.5974059466,627043.22320323,627043.727129946,627043.2189349842,True,False,False,False,265.3558272174735,,
1711,627044.0014282,627044.6507771381,627044.169589577,627044.597858117,627044.2224842255,627044.7281899247,627044.2186505254,True,False,False,False,264.76496121275403,,
1712,627045.0014282,627045.6511490131,627045.1689467824,627045.5983054662,627045.2217647661,627045.7292529107,627045.2183715701,True,False,False,False,264.1761442647856,,
1713,627046.0014282,627046.6515195353,627046.1683005737,627046.5987481086,627046.2210452058,627046.7303193079,627046.2180988253,True,False,False,False,263.58956761886486,,
1714,627047.0014282,627047.6518888883,627047.1676512992,627047.5991861281,627047.220326016,627047.7313895088,627047.2178329953,True,False,False,False,263.00547716180205,,
1715,627048.0014282,627048.6522572553,627048.1669993051,627048.5996196873,627048.2196075661,627048.7324638914,627048.2175747834,True,False,False,False,262.42411878040724,,
1716,627049.0014282,627049.6526248178,627049.1663449367,627049.6000489593,627049.2188902219,627049.7335428195,627049.217324889,True,False,False,False,261.8456837199772,,
1717,627050.0014282,627050.6529917577,627050.1656885378,627050.6004741108,627050.2181743444,627050.734626642,627050.2170840113,True,False,False,False,261.2704451880788,,
1718,627051.0014282,627051.6533582564,627051.1650304527,627051.6008953017,627051.2174602848,627051.735715691,627051.2168528477,True,False,False,False,260.6986217507653,,
1719,627052.0014282,627052.6537244944,627052.1643710253,627052.601312706,627052.2167483993,627052.736810283,627052.2166320949,True,False,False,False,260.13043197409024,,
1720,627053.0014282,627053.6540906492,627053.1637105981,627053.6017265003,627053.2160390422,627053.7379109703,627053.2164225357,True,True,False,False,259.5661490656205,259.5104147219932,0.1010375609891838
1721,627054.0014282,627054.6544568934,627054.1630495125,627054.6021368465,627054.2153325545,627054.7390175201,627054.2162247803,True,True,False,False,259.0059915914094,258.87624531793585,0.23824465553243457
1722,627055.0014282,627055.6548233922,627055.1623881054,627055.6025439124,627055.2146292776,627055.7401304385,627055.2160395032,True,True,False,False,258.45017811751046,258.24502655559996,0.37911410551277414
1723,627056.0014282,627056.6551903009,627056.1617267095,627056.6029478546,627056.2139295489,627056.741249952,627056.2158673899,True,True,False,False,257.8990091722471,257.6168950387689,0.5236456307857248
1724,627057.0014282,627057.6555577645,627057.1610656511,627057.6033488167,627057.2132336898,627057.7423762593,627057.2157091198,True,True,False,False,257.3526760009161,256.99206933349615,0.6718019321151159
1725,627058.0014282,627058.6559259181,627058.16040525,627058.6037469415,627058.212542016,627058.7435095287,627058.215565366,True,True,False,False,256.811479131841,256.3707133643217,0.8236491502781055
1726,627059.0014282,627059.6562948879,627059.1597458182,627059.6041423683,627059.2118548298,627059.7446498992,627059.2154367929,True,True,False,False,256.27563713107514,255.75299105578577,0.9791635396951573
1727,627060.0014282,627060.6566647934,627060.159087661,627060.6045294306,627060.2111724279,627060.7457974765,627060.2153240547,True,True,False,False,255.7454232061854,255.13906633242834,1.138343339458126
1728,627061.0014282,627061.6570357454,627061.158431075,627061.604919839,627061.2105008803,627061.7469523288,627061.2152277888,True,True,False,False,255.22105592322518,254.53000470375997,1.2995192620060307
1729,627062.0014282,627062.6574078444,627062.1577763453,627062.6053079092,627062.2098288874,627062.7481144816,627062.2151486119,True,True,False,False,254.70283581051797,253.92427620740656,1.4660181430731969
1730,627063.0014282,627063.6577811809,627063.1571237466,627063.6056937635,627063.2091624858,627063.7492839135,627063.2150871139,True,True,False,False,254.1910087548739,253.3228643906086,1.6361648787656786
1731,627064.0014282,627064.658155841,627064.1564735468,627064.6060775061,627064.2085019305,627064.7504605607,627064.2150438626,True,True,False,False,253.68582064310309,252.72598781941952,1.809959575805182
1732,627065.0014282,627065.6585319159,627065.1558260173,627065.6064592481,627065.2078474666,627065.7516443233,627065.2150194107,True,True,False,False,253.18751736201563,252.13383773913608,1.987341722984529
1733,627066.0014282,627066.6589095115,627066.1551814405,627066.6068391162,627066.2071993586,627066.7528350751,627066.2150143059,True,True,False,False,252.69639943993502,251.5465780742984,2.168337680565047
1734,627067.0014282,627067.659288753,627067.1545401148,627067.6072172726,627067.2065578678,627067.754032667,627067.2150290951,True,True,False,False,252.21268544291473,250.96442739095988,2.352919487459822
1735,627068.0014282,627068.6596697837,627068.1539023551,627068.6075938791,627068.2059232948,627068.7552369281,627068.2150643242,True,True,False,False,251.7366485785215,250.38752229290392,2.541061103572643
1736,627069.0014282,627069.6600527617,627069.1532684898,627069.607969135,627069.2052959274,627069.7564476628,627069.2151205363,True,True,False,False,251.2685620543222,249.81608134618398,2.7327396904584726
1737,627070.0014282,627070.6604378549,627070.1526388554,627070.6083432428,627070.204676068,627070.7576646479,627070.2151982652,True,True,False,False,250.80869907788357,249.25032311685348,2.927904448585359
1738,627071.0014282,627071.6608252365,627071.1520137955,627071.6087164097,627071.2040640265,627071.7588876302,627071.2152992743,True,True,False,False,250.3572782152591,248.69041152945252,3.126593797767384
1739,627072.0014282,627072.6612150802,627072.1513936564,627072.609088846,627072.2034601144,627072.7601163234,627072.2154219444,True,True,False,False,249.91459999477223,248.13651050852116,3.3287296177159145
1740,627073.0014282,627073.6616075577,627073.1507787867,627073.609460779,627073.2028646301,627073.7613504047,627073.2155676959,True,True,False,False,249.48088298247643,247.58886594086954,3.5343217268278835
1741,627074.0014282,627074.6620028343,627074.1501695332,627074.6098324033,627074.2022778814,627074.7625895138,627074.2157370015,True,True,False,False,249.05642770669516,247.04761443028104,3.7433206062318076
1742,627075.0014282,627075.6624010685,627075.1495662413,627075.6102039369,627075.2017001717,627075.7638332483,627075.2159303098,True,True,False,False,248.64145273348186,246.51297454280913,3.9557339398905036
1743,627076.0014282,627076.6628024101,627076.1489692542,627076.6105755696,627076.2011317891,627076.7650811654,627076.2161480451,True,True,False,False,248.23620394964667,245.98513752375055,4.171539316245757
1744,627077.0014282,627077.6632070004,627077.1483789126,627077.6109475046,627077.2005730298,627077.7663327798,627077.2163906032,True,True,False,False,247.84095456275637,245.46426729764536,4.39071240274865
1745,627078.0014282,627078.663614973,627078.1477955552,627078.6113199254,627078.2000241769,627078.7675875654,627078.2166583526,True,True,False,False,247.45595045962108,244.95060975130372,4.613174225336904
1746,627079.0014282,627079.6640264534,627079.1472195203,627079.611693009,627079.1994855104,627079.7688449558,627079.2169516326,True,True,False,False,247.08141020629427,244.444301488509,4.8390067462805595
1747,627080.0014282,627080.6644415604,627080.1466511455,627080.6120669496,627080.198957318,627080.7701043456,627080.2172707529,True,True,False,False,246.7176070103427,243.94556107531469,5.068124161328168
1748,627081.0014282,627081.6648604022,627081.1460907676,627081.6124419005,627081.1984398625,627081.7713650912,627081.2176159925,True,True,False,False,246.3647867585765,243.45457975701748,5.300495734628464
1749,627082.0014282,627082.6652830769,627082.1455387224,627082.6128180366,627082.1979334294,627082.7726265108,627082.2179875993,True,True,False,False,246.02316801704916,242.97157609967087,5.536147079390836
1750,627083.0014282,627083.6657096685,627083.1449953415,627083.6131955071,627083.1974382767,627083.7738878848,627083.2183857865,True,True,False,False,245.69299667257076,242.4967413485716,5.774987268721957
1751,627084.0014282,627084.6661402443,627084.1444609526,627084.6135744549,627084.1969546636,627084.7751484548,627084.2188107308,True,True,False,False,245.3745186119514,242.0302394282597,6.017037220076162
1752,627085.0014282,627085.6665748532,627085.1439358753,627085.613954999,627085.196482839,627085.7764074239,627085.2192625697,True,True,False,False,245.06792508048787,241.5722889047887,6.262285834396048
1753,627086.0014282,627086.6670135227,627086.1434204194,627086.6143372437,627086.1960230343,627086.7776639555,627086.2197413964,True,True,False,False,244.77346196499028,241.12313566496866,6.510660967808507
1754,627087.0014282,627087.667456259,627087.1429148831,627087.6147212795,627087.1955754682,627087.778917175,627087.2202472573,True,True,False,False,244.49134783151206,240.682916312583,6.762143410406499
1755,627088.0014282,627088.6679030464,627088.1424195496,627088.6151071809,627088.1951403461,627088.7801661678,627088.2207801456,True,True,False,False,244.22180124610668,240.25184941368516,7.016763471154466
1756,627089.0014282,627089.6683538437,627089.1419346845,627089.6154949814,627089.1947178405,627089.7814099784,627089.2213399939,True,True,False,False,243.96501345407088,239.83015353432856,7.274428942498612
1757,627090.0014282,627090.6688085843,627090.1414605312,627090.6158847151,627090.1943081182,627090.7826476078,627090.2219266659,True,True,False,False,243.72114837994476,239.41801991981,7.535123602739659
1758,627091.0014282,627091.6692671736,627091.1409973116,627091.6162763701,627091.1939113018,627091.7838780133,627091.222539952,True,True,False,False,243.4904519105384,239.01561249466954,7.798816716026341
1759,627092.0014282,627092.6697294982,627092.1405452299,627092.6166699348,627092.1935275022,627092.7851001157,627092.223179572,True,True,False,False,243.27303332887857,238.6231498249606,8.06546900877093
1760,627093.0014282,627093.6701954359,627093.1401044857,627093.6170653781,627093.1931568306,627093.7863128111,627093.2238451841,True,True,False,False,243.06911120101864,238.24082315597997,8.3350301083283
1761,627094.0014282,627094.6706648667,627094.1396752831,627094.6174626867,627094.1927993891,627094.7875149851,627094.2245363975,True,True,False,False,242.8787948099854,237.86885105378107,8.607418906202055
1762,627095.0014282,627095.6711376801,627095.1392578392,627095.6178618462,627095.1924552938,627095.788705521,627095.2252527808,True,True,False,False,242.70224808031892,237.50742476366068,8.882605520314577
1763,627096.0014282,627096.6716137747,627096.1388523839,627096.6182628563,627096.1921246786,627096.7898833062,627096.2259938652,True,True,False,False,242.53963493655925,237.15676285167223,9.160504573301239
1764,627097.0014282,627097.6720930547,627097.1384591551,627097.6186657366,627097.1918076719,627097.7910472341,627097.2267591399,True,True,False,False,242.39103734097648,236.81702924235577,9.441052885912221
1765,627098.0014282,627098.6725754254,627098.1380783955,627098.6190704926,627098.1915044108,627098.7921962074,627098.2275480526,True,True,False,False,242.25659189735393,236.4884425017648,9.724183863803113
1766,627099.0014282,627099.6730607911,627099.137710348,627099.6194771411,627099.1912150289,627099.7933291406,627099.228360007,True,True,False,False,242.1364078887184,236.17122119595274,10.009799323004597
1767,627100.0014282,627100.6735490502,627100.137355255,627100.6198856981,627100.1909396576,627100.7944449619,627100.2291943636,True,True,False,False,242.0305399565832,235.8655565702163,10.29779766445277
1768,627101.0014282,627101.6740400933,627101.1370133557,627101.6202961646,627101.1906784234,627101.7955426162,627101.2300504406,True,True,False,False,241.93909738397505,235.57161254909565,10.588149859843657
1769,627102.0014282,627102.6745338,627102.1366848841,627102.6207085332,627102.1904314413,627102.7966210654,627102.2309275127,True,True,False,False,241.86213481240736,235.28963501940086,10.880714182751984
1770,627103.0014282,627103.6750300364,627103.1363700663,627103.6211227954,627103.1901988225,627103.7976792913,627103.2318248122,True,True,False,False,241.79967956263675,235.019787905672,11.175398425623953
1771,627104.0014282,627104.6755286548,627104.1360691206,627104.6215389279,627104.1899806686,627104.7987162974,627104.2327415296,True,True,False,False,241.75175895541994,234.76223513244915,11.47210098939566
1772,627105.0014282,627105.6760294933,627105.1357822567,627105.62195688,627105.1897770629,627105.7997311109,627105.2336768149,True,True,False,False,241.7184276322703,234.51719526578577,11.770740765570713
1773,627106.0014282,627106.6765323763,627106.1355096756,627106.6223766141,627106.189588086,627106.8007227874,627106.2346297812,True,True,False,False,241.69968559318778,234.28483223022192,12.071202494706867
1774,627107.0014282,627107.6770371159,627107.1352515696,627107.622798056,627107.1894138068,627107.8016904132,627107.2355995071,True,True,False,False,241.69547819665905,234.0653372710544,12.373364087172707
1775,627108.0014282,627108.6775435107,627108.1350081237,627108.6232211401,627108.1892542782,627108.80263311,627108.2365850406,True,True,False,False,241.70583276344078,233.85887431282325,12.677097476921297
1776,627109.0014282,627109.6780513478,627109.1347795159,627109.6236457844,627109.1891095565,627109.8035500376,627109.2375854056,True,True,False,False,241.7307219727763,233.66563460082526,12.98229423469956
1777,627110.0014282,627110.6785604008,627110.1345659166,627110.6240729197,627110.1889794929,627110.8044403973,627110.2385996038,True,True,False,False,241.7700638623956,233.48570009733044,13.288891181257679
1778,627111.0014282,627111.679070428,627111.1343674858,627111.6244965883,627111.1888624326,627111.8053034327,627111.2396266202,True,True,False,False,241.82380379078526,233.3189615193121,13.59718884491913
1779,627112.0014282,627112.6795811704,627112.1341843731,627112.6249270948,627112.1887662264,627112.8061384314,627112.2406654239,True,True,False,False,241.89188711643195,233.16705811217102,13.904988758544814
1780,627113.0014282,627113.680092349,627113.1340167115,627113.6253585322,627113.1886813561,627113.8069447235,627113.2417149704,True,True,False,False,241.97423187706562,233.0283506305064,14.21464989871933
1781,627114.0014282,627114.6806036616,627114.1338646158,627114.625790791,627114.1886073347,627114.8077216819,627114.2427742018,True,True,False,False,242.07072878965954,232.90281175356156,14.526227760729679
1782,627115.0014282,627115.6811147816,627115.1337281761,627115.6262179135,627115.1885560756,627115.8084687192,627115.2438420446,True,True,False,False,242.18126857118705,232.79298231170776,14.836666688695928
1783,627116.0014282,627116.6816253553,627116.1336074551,627116.626651238,627116.1885138641,627116.8091852858,627116.2449174083,True,True,False,False,242.30574193862134,232.69629415381706,15.149072711143141
1784,627117.0014282,627117.6821349997,627117.1335024808,627117.6270838765,627117.1884866235,627117.8098708654,627117.2459991816,True,True,False,False,242.4440122881791,232.61403135545342,15.461746818515277
1785,627118.0014282,627118.6826433018,627118.1334132452,627118.6275159938,627118.1884750238,627118.8105249724,627118.2470862281,True,True,False,False,242.59594301607686,232.54649444494032,15.77409136925996
1786,627119.0014282,627119.6831498197,627119.1333397019,627119.6279477755,627119.1884777528,627119.811147149,627119.2481773861,True,True,False,False,242.76134287701788,232.49357413925108,16.086470070950494
1787,627120.0014282,627120.6836540892,627120.1332817732,627120.6283788726,627120.1884946083,627120.8117369688,627120.2492714741,True,True,False,False,242.9400479464621,232.45529775914233,16.39879583867496
1788,627121.0014282,627121.6841556355,627121.1332393596,627121.6288089519,627121.188525365,627121.812294042,627121.2503673024,True,True,False,False,243.13186697911274,232.43182922915415,16.710841568643453
1789,627122.0014282,627122.6846539848,627122.1332123536,627122.6292376566,627122.1885697844,627122.8128180238,627122.2514636877,True,True,False,False,243.33660872967303,232.42319587004326,17.022472364619873
1790,627123.0014282,627123.6851486715,627123.1332006475,627123.6296646376,627123.1886276372,627123.8133086176,627123.2525594654,True,True,False,False,243.55405463208956,232.42950696483635,17.333495273760157
1791,627124.0014282,627124.6856392398,627124.1332049887,627124.6300895648,627124.1886986999,627124.8137655756,627124.2536534951,True,True,False,False,243.78398612030887,232.4507898342901,17.6436848998217
1792,627125.0014282,627125.6861252452,627125.1332215832,627125.6305121091,627125.1887827448,627125.8141886992,627125.2547446638,True,True,False,False,244.0262119490342,232.4871264406746,17.952890978642763
1793,627126.0014282,627126.6866062495,627126.1332562552,627126.6309319364,627126.1888795481,627126.8145778372,627126.2558318847,True,True,False,False,244.28045891069877,232.5385714255031,18.260881283791562
1794,627127.0014282,627127.687081822,627127.1333046544,627127.6313487374,627127.1889888741,627127.8149328858,627127.2569141013,True,True,False,False,244.54653576000578,232.60520675104576,18.56744407940383
1795,627128.0014282,627128.6875515375,627128.1333677771,627128.6317621785,627128.1891104871,627128.8152537874,627128.2579902885,True,True,False,False,244.82416928938846,232.68697777578916,18.872410318297607
1796,627129.0014282,627129.6880149746,627129.1334454848,627129.6321719395,627129.1892441536,627129.8155405284,627129.2590594557,True,True,False,False,245.11314093279336,232.78396646200332,19.175535821210065
1797,627130.0014282,627130.6884717152,627130.1335376282,627130.6325777017,627130.1893896167,627130.8157931366,627130.260120647,True,True,False,False,245.413150161897,232.8961728096883,19.476644710770078
1798,627131.0014282,627131.6889213421,627131.1336440458,627131.6329791317,627131.1895466337,627131.8160116784,627131.2611729417,True,True,False,False,245.72397841064594,233.02359681884406,19.775482562431062
1799,627132.0014282,627132.6893634403,627132.1337645624,627132.633375909,627132.1897149276,627132.8161962559,627132.2622154537,True,True,False,False,246.04532515071668,233.16621116871391,20.071842762970622
1800,627133.0014282,627133.6897975958,627133.1338989902,627133.6337676933,627133.1898942399,627133.8163470041,627133.2632473328,True,True,False,False,246.37697181605583,233.3240158592979,20.36551357652449
1801,627134.0017847,627134.6902233982,627134.1340471283,627134.6341541456,627134.1900842834,627134.8164640893,627134.2642677636,True,True,False,False,246.71859055758318,233.4969835698393,20.65625253137713
1802,627135.0017847,627135.6906404397,627135.1342087633,627135.6345349393,627135.1902847696,627135.8165477079,627135.2652759687,True,True,False,False,247.06993548848865,233.68503233806808,20.943871797326366
1803,627136.0017847,627136.6910483192,627136.1343836717,627136.634909731,627136.1904954106,627136.8165980848,627136.2662712086,True,True,False,False,247.4307607219621,233.8881075224709,21.228151100771466
1804,627137.0017847,627137.6914466412,627137.1345716207,627137.6352781891,627137.1907159105,627137.8166154735,627137.2672527852,True,True,False,False,247.80071108816665,234.10612716077773,21.50884455490231
1805,627138.0017847,627138.691835017,627138.1347723694,627138.6356399667,627138.1909459697,627138.8166001542,627138.2682200433,True,True,False,False,248.1795680210489,234.33903661147517,21.785731886118167
1806,627139.0017847,627139.6922130648,627139.1349856681,627139.6359947419,627139.1911852895,627139.8165524327,627139.2691723714,True,True,False,False,248.5670309922854,234.58669927077983,22.05862184912227
1807,627140.0017847,627140.692580407,627140.1352112573,627140.636342173,627140.1914335683,627140.8164726368,627140.2701092009,True,True,False,False,248.9628267943093,234.84903317642167,22.32727197219909
1808,627141.0017847,627141.6929366696,627141.1354488635,627141.6366819219,627141.1916904805,627141.8163611139,627141.2710300037,True,True,False,False,249.36665489879712,235.12587440386062,22.591492717599156
1809,627142.0017847,627142.6932814778,627142.1356981951,627142.6370136465,627142.1919557123,627142.8162182248,627142.2719342869,True,True,False,False,249.77826941893878,235.41711367006997,22.851068934363614
1810,627143.0017847,627143.6936144547,627143.1359589377,627143.6373369873,627143.1922289211,627143.8160443392,627143.2728215866,True,True,False,False,250.19736982641075,235.72255972975293,23.1057871790809
1811,627144.0017847,627144.693935218,627144.1362307481,627144.6376515798,627144.192509739,627144.8158398289,627144.2736914589,True,True,False,False,250.6236829136463,236.04207597912614,23.35545620645425
1812,627145.0017847,627145.6942433778,627145.1365132513,627145.6379570392,627145.1927977804,627145.8156050621,627145.2745434721,True,True,False,False,251.05693547307854,236.3754711728928,23.599854035335646
1813,627146.0017847,627146.6945385367,627146.1368060368,627146.6382529722,627146.1930926308,627146.8153403988,627146.2753771995,True,True,False,False,251.49682697638403,236.7224994242428,23.838837231752517
1814,627147.0017847,627147.6948202928,627147.1371086619,627147.6385389605,627147.193393852,627147.8150461877,627147.2761922132,True,True,False,False,251.94308421599598,237.08294216712272,24.072144540969106
1815,627148.0017847,627148.695088244,627148.1374206571,627148.6388145938,627148.1937009823,627148.8147227666,627148.2769880847,True,True,False,False,252.39537934283422,237.4565808354791,24.299647896938474
1816,627149.0017847,627149.6953419966,627149.1377415368,627149.6390794541,627149.1940135551,627149.8143704643,627149.2777643886,True,True,False,False,252.85343914933196,237.84311490098847,24.52110482794509
1817,627150.0017847,627150.6955811747,627150.1380708115,627150.6393331302,627150.1943311094,627150.813989602,627150.2785207084,True,True,False,False,253.31696310716572,238.2422984768407,24.736351409448872
1818,627151.0017847,627151.6958054248,627151.1384079952,627151.6395752422,627151.1946531807,627151.8135804965,627151.2792566409,True,True,False,False,253.78567800876866,238.65388567622566,24.945150292376162
1819,627152.0017847,627152.6960144197,627152.1387526109,627152.6398054183,627152.1949793403,627152.8131434559,627152.2799717986,True,True,False,False,254.259228684304,239.07752132930653,25.147340967281465
1820,627153.0017847,627153.696207857,627153.1391041889,627153.6400233058,627153.1953091597,627153.8126787823,627153.2806658072,True,True,False,False,254.73739656771824,239.51301419078655,25.342660471881732
1821,627154.0017847,627154.6963854602,627154.1394622664,627154.6402285813,627154.1956422257,627154.812186769,627154.2813383038,True,True,False,False,255.21982648917458,239.9599271285588,25.53098586277191
1822,627155.0017847,627155.6965469774,627155.1398263867,627155.6404209216,627155.1959781324,627155.8116677033,627155.2819889381,True,True,False,False,255.70627256186287,240.41806889732658,25.71206271540541
1823,627156.0017847,627156.6966921818,627156.1401960996,627156.6406000422,627156.1963164926,627156.8111218668,627156.2826173706,True,True,False,False,256.19643425745966,240.88708432725304,25.885687831654426
1824,627157.0017847,627157.6968208705,627157.1405709626,627157.640765672,627157.1966569376,627157.8105495346,627157.283223273,True,True,False,False,256.69001104764146,241.36661824850128,26.051702409620756
1825,627158.0017847,627158.6969328627,627158.1409505403,627158.6409175486,627158.1969990962,627158.809950975,627158.2838063273,True,True,False,False,257.1867297248415,241.85637013274788,26.20986056249428
1826,627159.0017847,627159.6970280001,627159.1413344045,627159.6410554327,627159.197342622,627159.809326448,627159.2843662223,True,True,False,False,257.6862897607362,242.3559574893993,26.36000861101867
1827,627160.0017847,627160.6971061444,627160.1417221348,627160.6411791029,627160.1976871771,627160.8086762044,627160.2849026532,True,True,False,False,258.1884452685156,242.86505246937534,26.501912621214856
1828,627161.0017847,627161.6971671777,627161.1421133189,627161.6412883557,627161.1980324365,627161.8080004838,627161.2854153172,True,True,False,False,258.69284107834267,243.38327258208255,26.635430866657558
1829,627162.0017847,627162.6972110025,627162.1425075529,627162.6413829986,627162.1983780853,627162.807299515,627162.2859039134,True,True,False,False,259.1992586241641,243.91028997844074,26.760312337894778
1830,627163.0017847,627163.6972375414,627163.1429044434,627163.6414628612,627163.1987238175,627163.8065735148,627163.2863681414,True,True,False,False,259.7073973776564,244.44566752634302,26.876423846237703
1831,627164.0017847,627164.6972467375,627164.1433036083,627164.6415277761,627164.1990693572,627164.8058226898,627164.286807701,True,True,False,False,260.2169841312527,244.9891046974659,26.983524627518086
1832,627165.0017847,627165.697238554,627165.1437046791,627165.6415776181,627165.1994144411,627165.8050472366,627165.287222293,True,True,False,False,260.72771835662957,245.5401097181892,27.081498568520043
1833,627166.0017847,627166.6972129748,627166.1441073033,627166.6416122552,627166.1997588061,627166.8042473423,627166.2876116212,True,True,False,False,261.2393268462202,246.09838206018935,27.170086122055107
1834,627167.0017847,627167.6971700031,627167.1445111437,627167.6416315915,627167.2001022247,627167.8034231842,627167.2879753914,True,True,False,False,261.75153639245775,246.66348459135952,27.249159222076344
1835,627168.0017847,627168.6971096585,627168.1449158764,627168.6416355352,627168.2004444872,627168.8025749275,627168.2883133099,True,True,False,False,262.2641011085322,247.23503482110618,27.3185027176249
1836,627169.0017847,627169.6970319741,627169.1453211885,627169.6416240141,627169.2007853844,627169.8017027222,627169.2886250787,True,True,False,False,262.77672046612,247.81262293807916,27.3779731747282
1837,627170.0017847,627170.6969369927,627170.1457267711,627170.641596954,627170.2011247168,627170.8008066977,627170.2889103887,True,True,False,False,263.289148578411,248.3958391309282,27.42740154620429
1838,627171.0017847,627171.696824762,627171.146132313,627171.6415542896,627171.2014622905,627171.7998869584,627171.2891689099,True,True,False,False,263.8010849170818,248.9843009090598,27.466588049019947
1839,627172.0017847,627172.6966953313,627172.146537496,627172.6414959505,627172.2017978989,627172.7989435771,627172.2894002812,True,True,False,False,264.3122835953223,249.57754381961044,27.495396079391767
1840,627173.0017847,627173.6965487488,627173.1469419906,627173.6414218759,627173.2021313265,627173.7979765902,627173.2896041002,True,True,False,False,264.8224714055655,250.17518537198657,27.51365317504321
1841,627174.0017847,627174.6963850618,627174.1473454544,627174.6413319837,627174.2024623579,627174.796985995,627174.2897799152,True,True,False,False,265.33137514024486,250.77681575483797,27.521151015204595
1842,627175.0017847,627175.6962043182,627175.147747535,627175.6412261388,627175.2027907555,627175.7959717461,627175.2899272186,True,True,False,False,265.83866695028,251.3819705153011,27.51776494892356
1843,627176.0017847,627176.6960065679,627176.1481478754,627176.6411030662,627176.2031170567,627176.7949337556,627176.2900454437,True,True,False,False,266.344100948861,251.99037644580915,27.50304930635677
1844,627177.0017847,627177.6957918697,627177.1485461218,627177.640963895,627177.2034408834,627177.7938718915,627177.290133964,True,True,False,False,266.8473492869075,252.60156909349857,27.476858945984354
1845,627178.0017847,627178.6955602926,627178.1489419304,627178.6408143535,627178.2037556779,627178.7927859772,627178.2901920946,True,True,False,False,267.3481114360962,253.21390921296856,27.440959471706766
1846,627179.0017847,627179.69531192,627179.1493349739,627179.6406457548,627179.2040728093,627179.7916757907,627179.2902193232,True,True,False,False,267.84608686810344,253.82922729491665,27.391517439852336
1847,627180.0017847,627180.6950468502,627180.1497249443,627180.6404550862,627180.2043863069,627180.7905410626,627180.290214149,True,True,False,False,268.3409750546059,254.44596605621214,27.330086718457242
1848,627181.0017847,627181.6947651966,627181.1501115526,627181.6402568213,627181.2046960638,627181.7893814761,627181.2901764025,True,True,False,False,268.8324208257667,255.06374300626143,27.256395807501974
1849,627182.0017847,627182.694467087,627182.1504945292,627182.6400364804,627182.2049961645,627182.7881966676,627182.2901049228,True,True,False,False,269.32009633250556,255.6810281826905,27.172036141063145
1850,627183.0017847,627183.6941526649,627183.1508736231,627183.6398016948,627183.2052970845,627183.7869862278,627183.2899987178,True,True,False,False,269.80372836725587,256.2994335101435,27.07334673774563
1851,627184.0017847,627184.6938220887,627184.1512486027,627184.6395511451,627184.2055926176,627184.7857497039,627184.2898567317,True,True,False,False,270.28290711866725,256.9174290262462,26.961960012761065
1852,627185.0017847,627185.6934755312,627185.1516192553,627185.6392845858,627185.205883776,627185.7844865995,627185.2896778448,True,True,False,False,270.757359379173,257.5348781272154,26.837180994361393
1853,627186.0017847,627186.6931131796,627186.1519853878,627186.6390020986,627186.2061704871,627186.7831963757,627186.2894608718,True,True,False,False,271.2267299789363,258.15131636018737,26.698712569317724
1854,627187.0017847,627187.6927352345,627187.1523468266,627187.6387037628,627187.2064526867,627187.7818784497,627187.2892045598,True,True,False,False,271.6906364273636,258.76644319683874,26.54618249232029
1855,627188.0017847,627188.6923419086,627188.1527034163,627188.6383896875,627188.2067303223,627188.7805321948,627188.2889075857,True,True,False,False,272.14872355461796,259.37984882581924,26.37923730107955
1856,627189.0017847,627189.6919334263,627189.1530550213,627189.6380599933,627189.2070033718,627189.7791569398,627189.288568554,True,True,False,False,272.6006361908627,259.99117807729203,26.197446693677783
1857,627190.0017847,627190.691510025,627190.153401525,627190.637714805,627190.20727183,627190.7777519703,627190.2881859962,True,True,False,False,273.0459918455042,260.600103102177,26.000458915372736
1858,627191.0017847,627191.6910719532,627191.153742831,627191.6373542814,627191.2075356996,627191.7763176933,627191.2877583697,True,True,False,False,273.484408027949,261.20624140988065,25.787783900091465
1859,627192.0017847,627192.690619472,627192.1540788645,627192.63697857,627192.2077950028,627192.7748510321,627192.2872840599,True,True,False,False,273.91547492684685,261.80926515132273,25.55900671384189
1860,627193.0017847,627193.6901528544,627193.1544095722,627193.6365878545,627193.2080497963,627193.7733522721,627193.2867613831,True,True,False,False,274.33881005160424,262.40884647742314,25.313637290551057
1861,627194.0017847,627194.689672386,627194.1547349251,627194.6361823257,627194.2083001392,627194.7718205459,627194.2861885887,True,True,False,False,274.754003590871,263.00463021834497,25.051207762260827
1862,627195.0017847,627195.6891783632,627195.1550549176,627195.6357621892,627195.208546127,627195.7702549535,627195.2855638626,True,True,False,False,275.16061841254015,263.5963704872782,24.771164883648428
1863,627196.0017847,627196.6886710902,627196.1553695644,627196.6353276544,627196.2087878566,627196.7686545609,627196.2848853269,True,True,False,False,275.55824470526164,264.1837394351426,24.472982730147766
1864,627197.0017847,627197.688150876,627197.1556788962,627197.6348789437,627197.209025458,627197.7670183962,627197.284151033,True,True,False,False,275.9464180161718,264.7664092128581,24.15614903757109
1865,627198.0017847,627198.6876180286,627198.1559829523,627198.6344162854,627198.2092590478,627198.7653454442,627198.2833589569,True,True,False,False,276.32472853392045,265.34413393361444,23.82010031531188
1866,627199.0017847,627199.6870728522,627199.1562817716,627199.6339399032,627199.2094887522,627199.7636346435,627199.2825069865,True,True,False,False,276.69268448488737,265.91664038984493,23.46415525200042
1867,627200.0017847,627200.686515643,627200.1565753869,627200.6334500003,627200.2097146858,627200.7618848814,627200.2815929109,True,True,False,False,277.049821416209,266.4836553739827,23.087803290996256
1868,627201.0017847,627201.6859466897,627201.1568638217,627201.6329468006,627201.209936949,627201.7600949919,627201.2806144129,True,True,False,False,277.3956475542651,267.04490567846096,22.690375073760723
1869,627202.0017847,627202.6853662727,627202.1571470893,627202.6324304973,627202.210155641,627202.7582637544,627202.2795690601,True,True,False,False,277.72964380467874,267.60017273722633,22.27116709080931
1870,627203.0017847,627203.6847746666,627203.1574251957,627203.6319012914,627203.210370843,627203.7563898938,627203.2784543014,True,True,False,False,278.0512637523163,268.14921066346864,21.82950827605607
1871,627204.0017847,627204.6841721404,627204.1576981426,627204.63135938,627204.2105826293,627204.7544720818,627204.2772674665,True,True,False,False,278.35998830280084,268.6917735703778,21.364660969070634
1872,627205.0017847,627205.6835589604,627205.157965932,627205.6308049541,627205.2107910723,627205.7525089376,627205.2760057654,True,True,False,False,278.6551617579721,269.22767021265696,20.8758516509295
1873,627206.0017847,627206.6829353904,627206.1582285701,627206.6302382171,627206.2109962563,627206.7504990345,627206.2746662959,True,True,False,False,278.9362377026965,269.75668202425277,20.362306802709167
1874,627207.0017847,627207.6823016941,627207.1584860701,627207.6296593584,627207.2111982518,627207.7484409048,627207.2732460496,True,True,False,False,279.20256043881363,270.27859043911184,19.823188018689013
1875,627208.0017847,627208.6816581343,627208.1587384539,627208.629068576,627208.2113971581,627208.7463330503,627208.2717419243,True,True,False,False,279.45347426816323,270.79323153269394,19.257626157297157
1876,627209.0017847,627209.6810049755,627209.1589857519,627209.6284660794,627209.2115930622,627209.7441739549,627209.270150739,True,True,False,False,279.68829617182826,271.3004687012158,18.664729878846906
1877,627210.0017847,627210.6803424836,627210.1592280057,627210.627852072,627210.2117860692,627210.7419621006,627210.2684692515,True,True,False,False,279.90634313089174,271.8001653408939,18.04358735308407
1878,627211.0017847,627211.6796709276,627211.1594652657,627211.6272267684,627211.2119762837,627211.739695983,627211.2666941804,True,True,False,False,280.1069321264367,272.29215752718824,17.3932747969234
1879,627212.0017847,627212.6789905792,627212.1596975932,627212.6265903824,627212.2121638268,627212.737374133,627212.2648222293,True,True,False,False,280.28927085651935,272.7763906185855,16.71286501218507
1880,627213.0017847,627213.6783017151,627213.1599250594,627213.6259431352,627213.2123488266,627213.7349951351,627213.2628501132,True,True,False,False,280.4526763022227,273.25272801130217,16.001400064837984
1881,627214.0017847,627214.6776046155,627214.1601477468,627214.6252852643,627214.2125314074,627214.7325576495,627214.2607745894,True,True,False,False,280.59654740689984,273.7211697053383,15.257763218952846
1882,627215.0017847,627215.6768995654,627215.1603657473,627215.6246170052,627215.2127117243,627215.7300604351,627215.2585924892,True,True,False,False,280.7197640195269,274.1816337384239,14.480610634810455
1883,627216.0017847,627216.676186854,627216.1605791638,627216.6239385972,627216.2128899139,627216.7275023754,627216.2563007567,True,True,False,False,280.82172508345684,274.6341201105589,13.670381152064985
1884,627217.0017847,627217.6754667757,627217.16078811,627217.623250291,627217.2130661474,627217.7248825056,627217.2538964916,True,True,False,False,280.9016929382594,275.07857418022996,12.825630185706979
1885,627218.0017847,627218.6747396302,627218.1609927118,627218.6225523456,627218.2132405889,627218.7222000456,627218.2513769993,True,True,False,False,280.9589026027474,275.5151052304638,11.945605561154087
1886,627219.0017847,627219.674005724,627219.1611931077,627219.6218450262,627219.2134134157,627219.7194544345,627219.248739847,True,True,False,False,280.9925890957339,275.9437132612605,11.02977452365105
1887,627220.0017847,627220.6732653719,627220.1613894517,627220.6211286108,627220.2135848306,627220.7166453667,627220.2459829282,True,True,False,False,281.00206939830184,276.3644802348899,10.077680304297122
1888,627221.0017847,627221.6725188973,627221.1615819142,627221.6204033851,627221.2137550298,627221.7137728317,627221.2431045303,True,True,False,False,280.98666049153434,276.7775154343789,9.089134219116483
1889,627222.0017847,627222.6717666332,627222.1617706844,627222.6196696428,627222.213924249,627222.7108371486,627222.2401034068,True,True,False,False,280.94576131878426,277.1829554635109,8.064283117176288
1890,627223.0017847,627223.6710089205,627223.1619559701,627223.6189277024,627223.2140927193,627223.707839001,627223.236978848,True,True,False,False,280.87879814416146,277.5809642468259,7.003733604652197
1891,627224.0017847,627224.6702461077,627224.1621379959,627224.6181778806,627224.2142607078,627224.7047794615,627224.2337307471,True,True,False,False,280.78536115631573,277.97176035037734,5.908884589663595
1892,627225.0017847,627225.6694785431,627225.1623169987,627225.6174204837,627225.2144284836,627225.7016600121,627225.2303596598,True,True,False,False,280.6650132231401,278.3555623402187,4.78234990022848
1893,627226.0017847,627226.6687065717,627226.1624932173,627226.6166558412,627226.2145963022,627226.6984825565,627226.2268668513,True,True,False,False,280.5175904200945,278.73261610316007,3.6290494069833787
1894,627227.0017847,627227.6679305315,627227.1626668852,627227.6158842654,627227.2147644312,627227.6952494276,627227.223254337,True,True,False,False,280.3429015018823,279.10327680903833,2.458044849966192
1895,627228.0017847,627228.6671507515,627228.1628382239,627228.6151060518,627228.2149331184,627228.6919633932,627228.2195249146,True,True,False,False,280.1410011100167,279.4678723069336,1.2869492593339742
1896,627229.0017847,627229.6663675543,627229.1630074403,627229.614321503,627229.2151025884,627229.6886276538,627229.2156821925,True,True,False,False,279.91208048979456,279.82675776668276,0.14887048298448058
1897,627230.0017847,627230.6655812557,627230.1631747289,627230.6135309194,627230.2152730654,627230.6852458448,627230.211730565,True,False,False,False,279.656467490296,,
1898,627231.0017847,627231.6647921656,627231.1633402724,627231.6127345836,627231.2154447434,627231.6818219884,627231.2076753234,True,False,False,False,279.3746538851413,,
1899,627232.0017847,627232.6640005875,627232.1635042441,627232.6119327873,627232.2156178252,627232.6783605244,627232.2035226107,True,False,False,False,279.0674046555174,,
1900,627233.0017847,627233.6632068169,627233.1636668087,627233.6111258079,627233.2157924837,627233.6748662505,627233.199279381,True,False,False,False,278.7355940656382,,
1901,627234.0017847,627234.6624111426,627234.1638281245,627234.6103139187,627234.2159688926,627234.6713443033,627234.1949534011,True,False,False,False,278.3803695872842,,
1902,627235.0017847,627235.6616138464,627235.1639883441,627235.6094973886,627235.2161472278,627235.6678001231,627235.1905532184,True,False,False,False,278.003042616776,,
1903,627236.0017847,627236.6608152052,627236.1641476164,627236.6086822657,627236.2163218507,627236.664239415,627236.1860881129,True,False,False,False,277.60514311648774,,
1904,627237.0017847,627237.6600154911,627237.1643060884,627237.607857248,627237.2165044965,627237.6606681014,627237.1815680349,True,False,False,False,277.18844693560357,,
1905,627238.0017847,627238.6592149746,627238.1644639065,627238.6070283818,627238.2166895418,627238.6570922714,627238.1770035229,True,False,False,False,276.7548392063345,,
1906,627239.0017847,627239.6584139257,627239.1646212176,627239.6061959246,627239.2168771337,627239.6535181191,627239.1724056054,True,False,False,False,276.3064509477015,,
1907,627240.0017847,627240.6576126146,627240.1647781697,627240.6053601507,627240.2170674255,627240.6499518808,627240.1677856862,True,False,False,False,275.84554978250907,,
1908,627241.0017847,627241.6568113123,627241.1649349122,627241.6045213188,627241.2172605669,627241.6463997641,627241.1631554158,False,False,True,False,84.8570681349445,,
1909,627242.0017847,627242.6560102925,627242.1650915954,627242.6036797094,627242.2174567237,627242.6428678802,627242.1585265556,False,False,True,False,85.33906092429396,,
1910,627243.0017847,627243.6552098296,627243.1652483712,627243.6028355852,627243.217656036,627243.6393621771,627243.153910839,False,False,True,False,85.82491277052448,,
1911,627244.0017847,627244.6544102014,627244.1654053926,627244.6019892376,627244.217858661,627244.635888376,627244.1493198334,False,False,True,False,86.31202137156227,,
1912,627245.0017847,627245.653611688,627245.1655628148,627245.6011409484,627245.2180647482,627245.6324519163,627245.144764812,False,False,True,False,86.79781857627943,,
1913,627246.0017847,627246.6528145745,627246.165720796,627246.6002910028,627246.2182744526,627246.6290579087,627246.1402566337,False,False,True,False,87.27977721468304,,
1914,627247.0017847,627247.6520191522,627247.1658794999,627247.5994397039,627247.2184879351,627247.6257110967,627247.1358056415,False,False,True,False,87.75546573942857,,
1915,627248.0017847,627248.6512257205,627248.166039099,627248.5985873513,627248.2187053586,627248.6224158255,627248.1314215702,False,False,True,False,88.22255505600907,,
1916,627249.0017847,627249.650434589,627249.1661997759,627249.597734274,627249.2189268904,627249.6191760188,627249.1271134724,False,False,True,False,88.67885267370094,,
1917,627250.0017847,627250.6496460785,627250.1663617278,627250.5968808007,627250.2191527266,627250.6159951598,627250.1228896563,False,False,True,False,89.12230953575319,,
1918,627251.0017847,627251.6488605209,627251.1665251662,627251.5960272761,627251.2193830577,627251.6128762788,627251.1187576351,False,False,True,False,89.55104734014405,,
1919,627252.0017847,627252.6480782565,627252.1666903167,627252.595174063,627252.2196181027,627252.6098219419,627252.1147240878,False,False,True,False,89.96338586033772,,
1920,627253.0017847,627253.6472996287,627253.1668574144,627253.5943216813,627253.219857917,627253.6068342456,627253.1107948292,False,False,True,False,90.35781562452763,,
1921,627254.0017847,627254.6465249783,627254.1670266949,627254.5934703128,627254.2201028692,627254.6039148152,627254.1069747894,False,False,True,False,90.7330252363931,,
1922,627255.0017847,627255.6457546402,627255.1671983844,627255.592620322,627255.2203531766,627255.6010648122,627255.1032680073,False,False,True,False,91.08792186566697,,
1923,627256.0017847,627256.6449889448,627256.1673726954,627256.5917720522,627256.2206090337,627256.5982849523,627256.0996776426,False,False,True,False,91.42158343681126,,
1924,627257.0017847,627257.64422822,627257.1675498243,627257.5909258645,627257.2208706163,627257.5955755322,627257.0962048844,False,False,True,False,91.7332996101523,,
1925,627258.0017847,627258.6434727921,627258.1677299538,627258.5900821073,627258.221138073,627258.5929364599,627258.0928536053,False,False,True,False,92.02252397055649,,
1926,627259.0017847,627259.6427229852,627259.1679132527,627259.589241133,627259.2214115415,627259.5903672902,627259.0896233295,False,False,True,False,92.28888085761947,,
1927,627260.0017847,627260.6419791151,627260.1680998758,627260.5884033026,627260.2216911521,627261.5854353383,627261.0835263124,False,False,True,True,92.53214487509865,92.61089012603973,0.13949516789456537
1928,627261.0017847,627261.6412414878,627261.1682899615,627261.5875689527,627261.2219769962,627262.5830702381,627262.0806572381,False,False,True,True,92.75221357015647,93.06570559268171,0.5871016633522869
1929,627262.0017847,627262.6405103968,627262.1684836305,627262.5867384216,627262.2222691523,627263.5807705014,627263.0779062754,False,False,True,True,92.94909377298208,93.48821426454953,1.0308345610965384
1930,627263.0017847,627263.6397861254,627263.1686809876,627263.585912033,627263.2225676952,627264.5785345114,627264.0752715738,False,False,True,True,93.12291525716974,93.87887376431758,1.4671789550669816
1931,627264.0017847,627264.6390689474,627264.1688821225,627264.5850900986,627264.2228726585,627265.5763605353,627265.0727509754,False,False,True,True,93.27385560763786,94.23818952598444,1.8935730440771856
1932,627265.0017847,627265.6383591297,627265.1690871136,627265.5842729496,627265.2231840765,627266.5742467551,627266.0703420711,False,False,True,True,93.40220169233156,94.56672845525122,2.3082891104322547
1933,627266.0017847,627266.6376569346,627266.16929603,627266.5834608882,627266.2235019667,627267.572191294,627267.0680422548,False,False,True,True,93.50827453014186,94.86515308046742,2.710361429416572
1934,627267.0017847,627267.6369626217,627267.1695089324,627267.58265423,627267.2238263377,627268.5701922392,627268.0658487645,False,False,True,True,93.59244978147309,95.13412592998252,3.09919342669482
1935,627268.0017847,627268.6362764493,627268.1697258751,627268.5818532984,627268.224157182,627269.5682476582,627269.0637587216,False,False,True,True,93.6551509180538,95.37439832460522,3.474666427730169
1936,627269.0017847,627269.6355986751,627269.1699469066,627269.5810583998,627269.2244944962,627270.5663556159,627270.0617691618,False,False,True,True,93.69682873236923,95.58670109457674,3.8368190657801122
1937,627270.0017847,627270.6349295555,627270.1701720676,627270.5802698594,627270.2248382514,627271.5645141881,627271.0598770652,False,False,True,True,93.71796816785042,95.77182654184077,4.185927536619212
1938,627271.0017847,627271.634269347,627271.1704013925,627271.5794880027,627271.2251884198,627272.5627214753,627272.0580793824,False,False,True,True,93.71906099811763,95.93056013815186,4.52230197352447
1939,627272.0017847,627272.6336183057,627272.1706349081,627272.578713155,627272.2255449469,627273.5609756128,627273.0563730607,False,False,True,True,93.70062631754776,96.06372833639959,4.846510135970641
1940,627273.0017847,627273.6329766873,627273.1708726343,627273.5779456502,627273.2259077934,627274.5592747857,627274.0547550668,False,False,True,True,93.66319688089608,96.17213026871687,5.158989582951432
1941,627274.0017847,627274.6323447495,627274.1711145844,627274.5771858227,627274.2262768861,627275.5576172364,627275.05322129,False,False,True,True,93.6072986127287,96.25656506723656,5.460273496108926
1942,627275.0017847,627275.6317227532,627275.1713607688,627275.576434011,627275.2266521552,627276.5560012755,627276.0517711577,False,False,True,True,93.53346426780087,96.31785918484826,5.750973604260662
1943,627276.0017847,627276.6311109648,627276.1716111968,627276.5756905694,627276.2270335238,627277.5544252875,627277.0504005675,False,False,True,True,93.44222660086783,96.35680492349567,6.0316410182952955
1944,627277.0017847,627277.6305096594,627277.1718658814,627277.5749558633,627277.2274209164,627278.5528877336,627278.0491067534,False,False,True,True,93.3341115364957,96.37417409455502,6.302819165138665
1945,627278.0017847,627278.6299191213,627278.1721248413,627278.5742304854,627278.2278140371,627279.5513871519,627279.0478870408,False,False,True,True,93.20963133887221,96.37077266034835,6.56513599530759
1946,627279.0017847,627279.6293396452,627279.1723881038,627279.5735148499,627279.2282128144,627280.5499221531,627280.046738846,False,False,True,True,93.06929827218514,96.34735877187354,6.819140058369786
1947,627280.0017847,627280.6287715328,627280.1726557051,627280.5728091641,627280.2286173577,627281.5484914142,627281.0456596708,False,False,True,True,92.91346067608212,96.3046632593718,7.065362401533222
1948,627281.0017847,627281.6282150894,627281.1729276867,627281.572113853,627281.229027604,627282.547093668,627282.0446470906,False,False,True,True,92.74294500345276,96.2433896323276,7.304252109735826
1949,627282.0017847,627282.6276706164,627282.1732040877,627282.5714293247,627282.2294434787,627283.5457276984,627283.0436987425,False,False,True,True,92.55807227318802,96.16424823041467,7.536306933013363
1950,627283.0017847,627283.6271384095,627283.173484937,627283.5707501933,627283.2298706901,627284.5443923366,627284.0428123174,False,False,True,True,92.35933425890816,96.06710244984959,7.760200534006381
1951,627284.0017847,627284.6266187609,627284.173770248,627284.5700884511,627284.2302975632,627285.5430864615,627285.0419855579,False,False,True,True,92.14722956442259,95.95439066816603,7.980118964902451
1952,627285.0017847,627285.626111961,627285.1740600166,627285.5694387206,627285.2307297465,627286.5418090012,627286.0412162635,False,False,True,True,91.92224313316237,95.82592164006726,8.194609102955654
1953,627286.0017847,627286.6256183002,627286.1743542245,627286.5688014241,627286.2311671047,627287.5405589296,627287.0405022949,False,False,True,True,91.6848530783694,95.68240570522696,8.404175528390924
1954,627287.0017847,627287.6251380651,627287.1746528372,627287.5681769798,627287.2316094681,627288.5393352648,627288.0398415776,False,False,True,True,91.43555117366394,95.52451905237294,8.609241712936802
1955,627288.0017847,627288.62467153,627288.1749558013,627288.5675658046,627288.2320566287,627289.5381370673,627289.0392321041,False,False,True,True,91.17480187190954,95.35291737966554,8.81018331699764
1956,627289.0017847,627289.6242189493,627289.1752630398,627289.5669625122,627289.2325141687,627290.5369634433,627290.0386719378,False,False,True,True,90.90307645615891,95.16737529086214,9.005546364053867
1957,627290.0017847,627290.6237805567,627290.1755744482,627290.566379054,627290.2329702568,627291.5358135481,627291.0381592191,False,False,True,True,90.62081888870813,94.97027652198308,9.199475071384393
1958,627291.0017847,627291.6233565637,627291.1758898951,627291.5658099065,627291.2334305152,627292.534686592,627292.0376921713,False,False,True,True,90.32847996204242,94.76132737489405,9.390354953024154
1959,627292.0017847,627292.6229471636,627292.1762092253,627292.5652541567,627292.2338958711,627293.5335818427,627293.0372691064,False,False,True,True,90.0264831478903,94.54093766094526,9.578173202368458
1960,627293.0017847,627293.6225525343,627293.1765322622,627293.564713406,627293.2343647245,627294.5324975005,627294.0368884259,False,False,True,True,89.71525191798034,94.30983821037788,9.763582102483038
1961,627294.0017847,627294.6221728392,627294.1768588119,627294.5641879862,627294.2348367188,627295.5314352498,627295.0365486217,False,False,True,True,89.39519608366271,94.06860958927136,9.946922309052752
1962,627295.0017847,627295.6218082318,627295.1771886651,627295.5636782122,627295.2353114894,627296.5303933627,627296.0362482728,False,False,True,True,89.06670496572012,93.81774357124597,10.128415803225623
1963,627296.0017847,627296.6214588548,627296.1775215992,627296.5631843968,627296.2357886333,627297.5293713398,627297.0359860417,False,False,True,True,88.73016788493524,93.5577592506786,10.308332377473867
1964,627297.0017847,627297.6211248422,627297.1778573794,627297.5627068459,627297.236267754,627298.5283687355,627298.0357606702,False,False,True,True,88.38597416209079,93.289127910622,10.486858154452369
1965,627298.0017847,627298.6208063194,627298.1781957587,627298.5622458584,627298.2367484295,627299.527385154,627299.0355709745,False,False,True,True,88.0344789670236,93.01235498507474,10.664259511538756
1966,627299.0017847,627299.6205034016,627299.178536478,627299.5618017298,627299.2372302238,627300.5264202501,627300.0354158429,False,False,True,True,87.67605112994883,92.72784345519786,10.840623533644948
1967,627300.0017847,627300.620216195,627300.1788792652,627300.5613747372,627300.2377126744,627301.5254737253,627301.0352942324,False,False,True,True,87.31105265089252,92.43606460404409,11.01618330097637
1968,627301.0017847,627301.6199447957,627301.1792238369,627301.5609651653,627301.2381953269,627302.5245453306,627302.0352051691,False,False,True,True,86.93983186950233,92.13744190334195,11.19109249278935
1969,627302.0017847,627302.6196892916,627302.1795698982,627302.5605732885,627302.2386777023,627303.523634865,627303.0351477482,False,False,True,True,86.5627234650476,91.832357843685,11.36542282607017
1970,627303.0017847,627303.6194497636,627303.1799171458,627303.5601993753,627303.2391593029,627304.5227421776,627304.0351211347,False,False,True,True,86.1800689469868,91.52122223642341,11.53932968762245
1971,627304.0017847,627304.619226288,627304.1802652709,627304.559843685,627304.2396396307,627305.5218671672,627305.0351245638,False,False,True,True,85.79218933421095,91.20441074196154,11.71288564820612
1972,627305.0017847,627305.6190189391,627305.1806139639,627305.5595064779,627305.2401181948,627306.5210097809,627306.0351569562,False,False,True,True,85.39941247580019,90.88227169994705,11.886181207827683
1973,627306.0017847,627306.618827791,627306.1809629181,627306.5591880261,627306.2405944993,627307.5201700116,627307.0352188316,False,False,True,True,85.00204573026718,90.55516711040597,12.059257347622161
1974,627307.0017847,627307.6186529177,627307.181311832,627307.5588885805,627307.2410680499,627308.5193478917,627308.0353084684,False,False,True,True,84.60040328631375,90.22343165260763,12.232207128916992
1975,627308.0017847,627308.6184943935,627308.1816604126,627308.5586084084,627308.2415383713,627309.5185434874,627309.0354257287,False,False,True,True,84.19477884207421,89.88737268506466,12.405013476239253
1976,627309.0017847,627309.6183522874,627309.1820083729,627309.5583477597,627309.2420049899,627310.5177568912,627310.0355701286,False,False,True,True,83.78547292587203,89.54733171723556,12.577746399027937
1977,627310.0017847,627310.6182266606,627310.1823554279,627310.5581068754,627310.2424674426,627311.5169882155,627311.0357412095,False,False,True,True,83.37277923584152,89.20358195668717,12.750369185016254
1978,627311.0017847,627311.6181175637,627311.1827012904,627311.5578859975,627311.2429252529,627312.5162375912,627312.0359385293,False,False,True,True,82.95700513049533,88.85645125249961,12.9229057398663
1979,627312.0017847,627312.6180250389,627312.1830456667,627312.557685333,627312.2433779546,627313.515505169,627313.0361616572,False,False,True,True,82.5384374777786,88.50622647261804,13.095344110747027
1980,627313.0017847,627313.6179491228,627313.1833882555,627313.5575051097,627313.2438250589,627314.514791117,627314.0364101753,False,False,True,True,82.11737680601483,88.15322863593344,13.267695396715837
1981,627314.0017847,627314.6178898474,627314.1837287508,627314.5573455326,627314.2442660913,627315.5140956172,627315.0366836765,False,False,True,True,81.69413730390582,87.79773778020179,13.439905810033014
1982,627315.0017847,627315.617847234,627315.18406684,627315.5572067911,627315.244700556,627316.5134188584,627316.0369817636,False,False,True,True,81.26901949977506,87.44008175450324,13.611981327114083
1983,627316.0017847,627316.6178212834,627316.1844022009,627316.5570890746,627316.245127966,627317.512761031,627317.0373040424,False,False,True,True,80.84232392194602,87.08052693621542,13.783862183803809
1984,627317.0017847,627317.6178119672,627317.1847344944,627317.5569925146,627317.2455478014,627318.5121223268,627318.0376501225,False,False,True,True,80.41435792893137,86.71936702347266,13.955489469720597
1985,627318.0017847,627318.6178192226,627318.1850633624,627318.5569172068,627318.2459595429,627319.5115029414,627319.0380196159,False,False,True,True,79.98541521886538,86.35690254459843,14.126840986749645
1986,627319.0017847,627319.6178429532,627319.1853884263,627319.5568632185,627319.2463626581,627320.51090308,627320.0384121425,False,False,True,True,79.55580315026076,85.99339304678118,14.297826234884452
1987,627320.0017847,627320.6178830324,627320.1857092909,627320.5568305646,627320.2467566092,627321.5103229601,627321.0388273331,False,False,True,True,79.12580859106261,85.62911856777689,14.46838971883801
1988,627321.0017847,627321.617939306,627321.186025548,627321.5568192409,627321.2471408333,627322.5097628147,627322.0392648312,False,False,True,True,78.69572523940525,85.2643181642065,14.638521193326566
1989,627322.0017847,627322.6180115966,627322.1863367793,627322.5568291879,627322.247514788,627323.5092228928,627323.0397242953,False,False,True,True,78.26585362361214,84.89927187382601,14.808060148904621
1990,627323.0017847,627323.618099706,627323.1866425611,627323.5568603441,627323.2478779186,627324.5087034607,627324.0402053962,False,False,True,True,77.8364737814393,84.53419826268882,14.976782896876863
1991,627324.0017847,627324.6182034172,627324.1869424661,627324.5569126006,627324.2482296885,627325.5082048005,627325.0407078171,False,False,True,True,77.407879411021,84.1693637081726,15.144619427804292
1992,627325.0017847,627325.6183224965,627325.187236066,627325.5569858315,627325.2485695614,627326.5077272102,627326.0412312492,False,False,True,True,76.9803573803024,83.80498677633075,15.31137508129557
1993,627326.0017847,627326.6184566941,627326.1875229327,627326.5570798798,627326.2488970123,627327.5072710006,627327.0417753917,False,False,True,True,76.55419455722861,83.44132018416259,15.476945696965847
1994,627327.0017847,627327.6186057441,627327.1878026393,627327.557194566,627327.2492115238,627328.5068364972,627328.0423399471,False,False,True,True,76.12968463993398,83.07858249772156,15.641022208755187
1995,627328.0017847,627328.6187693663,627328.1880747599,627328.5573296777,627328.2495125982,627329.506424038,627329.0429246221,False,False,True,True,75.70710766617447,82.71699228306107,15.80353972986647
1996,627329.0017847,627329.6189472657,627329.1883388716,627329.5574849966,627329.2497997539,627330.5060339749,627330.0435291263,False,False,True,True,75.28675733408437,82.35678859680212,15.964351411232544
1997,627330.0017847,627330.6191391351,627330.188594555,627330.5576602621,627330.2500725013,627331.5056666743,627331.0441531735,False,False,True,True,74.86891368141967,81.99819683518727,16.12328308302957
1998,627331.0017847,627331.6193446573,627331.1888413974,627331.5578551977,627331.250330395,627332.5053225176,627332.0447964822,False,False,True,True,74.45387040631468,81.64141507370249,16.28010251882577
1999,627332.0017847,627332.6195635071,627332.1890789955,627332.5580695139,627332.2505729938,627333.5050019016,627333.0454587766,False,False,True,True,74.04190754652535,81.28667553877953,16.4346372563446
2000,627333.0017847,627333.6197953543,627333.1893069588,627333.5583028957,627333.2507998946,627334.5047052384,627334.0461397872,False,False,True,True,73.63331880018602,80.93420362666103,16.586685805005548
2001,627334.0017847,627334.6200398679,627334.1895249139,627334.5585550193,627334.2510107065,627335.5044329518,627335.0468392491,False,False,True,True,73.2283705446743,80.58419741283289,16.73601081573495
2002,627335.0017847,627335.6202967162,627335.1897325071,627335.5588255511,627335.2512050841,627336.5041854756,627336.0475568979,False,False,True,True,72.82736330831369,80.23688229353775,16.88244153380356
2003,627336.0017847,627336.6205655688,627336.1899294076,627336.5591141363,627336.2513827095,627337.5039632483,627337.0482924643,False,False,True,True,72.43057029867097,79.89244268388317,17.025682553529776
2004,627337.0017847,627337.620846096,627337.1901153061,627337.5594204257,627337.2515433044,627338.5037667085,627338.0490456682,False,False,True,True,72.03826472331295,79.5511244706793,17.165598978677487
2005,627338.0017847,627338.621137968,627338.190289916,627338.5597440419,627338.2516866253,627339.5035962923,627339.0498162091,False,False,True,True,71.65074028037394,79.21311889922288,17.301936384700113
2006,627339.0017847,627339.6214408565,627339.1904529696,627339.5600845969,627339.2518124565,627340.5034524319,627340.0506037625,False,False,True,True,71.26827017742073,78.87866502613487,17.434510356490062
2007,627340.0017847,627340.6217544358,627340.1906042176,627340.5604417155,627340.251920599,627341.5033355562,627341.0514079765,False,False,True,True,70.89114128239848,78.54796775709036,17.56307500723721
2008,627341.0017847,627341.6220783861,627341.1907434282,627341.5608150017,627341.2520109065,627342.5032460876,627342.0522284708,False,False,True,True,70.51964729344148,78.22127297889948,17.687461289759604
2009,627342.0017847,627342.6224123943,627342.190870388,627342.5612040551,627342.2520832386,627343.5031844366,627343.0530648367,False,False,True,True,70.15408190868406,77.89881291799401,17.807471128571315
2010,627343.0017847,627343.622756148,627343.1909848999,627343.5616084795,627343.2521374831,627344.503150993,627344.0539166313,False,False,True,True,69.79473199607135,77.58081980080573,17.922885957618895
2011,627344.0017847,627344.6231093279,627344.1910867782,627344.5620278582,627344.2521735559,627345.503146118,627345.0547833741,False,False,True,True,69.44179563108928,77.26756000471225,18.033562342929784
2012,627345.0017847,627345.6234715972,627345.1911758436,627345.5624617429,627345.252191386,627346.5031701396,627346.0556645421,False,False,True,True,69.0958738703848,76.95924526557788,18.139276595808656
2013,627346.0017847,627346.6238425991,627346.1912519182,627346.5629096559,627346.2521909135,627347.5032233545,627347.0565595713,False,False,True,True,68.75693939320126,76.6561692815369,18.239946753985475
2014,627347.0017847,627347.6242219545,627347.1913148244,627347.5633710929,627347.2521720798,627348.5033060303,627348.0574678583,False,False,True,True,68.42538835051052,76.35853695826442,18.335313270271776
2015,627348.0017847,627348.6246092671,627348.1913643866,627348.56384552,627348.2521348594,627349.5034184086,627349.058388765,False,False,True,True,68.10151444044685,76.06660784294891,18.425258323904384
2016,627349.0017847,627349.625004126,627349.1914004332,627349.564332374,627349.2520792224,627350.503560707,627350.0593216212,False,False,True,True,67.7855840403879,75.78063465258965,18.509643603552597
2017,627350.0017847,627350.6254061102,627350.1914238811,627350.5648310779,627350.2520051562,627351.5037331185,627351.0602657283,False,False,True,True,67.47789084846801,75.50084278342925,18.588279571466956
2018,627351.0017847,627351.6258147918,627351.1914313275,627351.5653410399,627351.2519126748,627352.5039358134,627352.0612203584,False,False,True,True,67.17870124206476,75.22747129208867,18.661017671033004
2019,627352.0017847,627352.6262297379,627352.1914258709,627352.5658616596,627352.2518017945,627353.5041689367,627353.0621847573,False,False,True,True,66.88830208912333,74.96077972575634,18.727784477717172
2020,627353.0017847,627353.6266505143,627353.1914062935,627353.5663923197,627353.251672559,627354.5044326077,627354.0631581442,False,False,True,True,66.60695976702134,74.70097982029657,18.788356302824138
2021,627354.0017847,627354.6270766859,627354.1913724714,627354.5669324049,627354.25152502,627355.5047269177,627355.0641397121,False,False,True,True,66.33493382294724,74.4483311228978,18.842681919935128
2022,627355.0017847,627355.6275078177,627355.191324292,627355.5674812864,627355.2513592648,627356.5050519302,627356.0651286284,False,False,True,True,66.07250429465701,74.20305902980263,18.89061789507757
2023,627356.0017847,627356.6279434771,627356.191261655,627356.5680383536,627356.2511753686,627357.5054076812,627357.0661240364,False,False,True,True,65.81991706896076,73.96539576744287,18.932068605603085
2024,627357.0017847,627357.6283832346,627357.1911844718,627357.5686029714,627357.2509734475,627358.5057941773,627358.0671250592,False,False,True,True,65.57743852323614,73.73556673206112,18.966914523201197
2025,627358.0017847,627358.6288266669,627358.1910926669,627358.5691745201,627358.2507536171,627359.5062113982,627359.0681308017,False,False,True,True,65.3453077141041,73.5137904897108,18.995073685601866
2026,627359.0017847,627359.6292733578,627359.190986179,627359.5697523896,627359.250516019,627360.5066592942,627360.0691403539,False,False,True,True,65.1237773585639,73.30031292720206,19.016506819217366
2027,627360.0017847,627360.6297229016,627360.1908649604,627360.5703359687,627360.250260798,627361.5071377875,627361.0701527954,False,False,True,True,64.91308651323651,73.09533895020996,19.031116593852023
2028,627361.0017847,627361.6301749044,627361.1907289808,627361.5709246645,627361.2499881396,627362.5076467707,627362.0711671971,False,False,True,True,64.71346740455373,72.89907346440965,19.038843245350602
2029,627362.0017847,627362.6306289867,627362.1905782286,627362.571517889,627362.2496982216,627363.5081861049,627363.0721826239,False,False,True,True,64.5251317683798,72.7117213754762,19.03963383974703
2030,627363.0017847,627363.6310847865,627363.1904127118,627363.5721150789,627363.2493912624,627364.508755618,627364.073198136,False,False,True,True,64.3483118311465,72.5334944192739,19.033476424210264
2031,627364.0017847,627364.6315419599,627364.1902324604,627364.5727156933,627364.2490674945,627365.5093551038,627365.0742127881,False,False,True,True,64.18319883815062,72.36457018072113,19.020326602510696
2032,627365.0017847,627365.632000183,627365.1900375267,627365.573319197,627365.2487271728,627366.5099843198,627366.0752256305,False,False,True,True,64.02999086487806,72.20514673530387,19.000186082195622
2033,627366.0017847,627366.6324591546,627366.1898279854,627366.5739250903,627366.2483705613,627367.510642987,627367.0762357076,False,False,True,True,63.88888598681476,72.05538800756217,18.973053155717746
2034,627367.0017847,627367.6329185977,627367.1896039341,627367.5745328962,627367.2479979759,627368.5113307908,627368.0772420589,False,False,True,True,63.76006178887915,71.9154852427928,18.938938068360823
2035,627368.0017847,627368.6333782612,627368.1893654929,627368.5751421711,627368.2476097201,627369.5120473809,627369.0782437206,False,False,True,True,63.64368902580048,71.78560236553584,18.897886923901755
2036,627369.0017847,627369.6338379218,627369.1891128041,627369.5757524953,627369.2472061255,627370.5127923689,627370.0792397275,False,False,True,True,63.53993845230798,71.66589647014219,18.849916797813464
2037,627370.0017847,627370.6342973805,627370.1888460293,627370.5763634895,627370.2467875531,627371.5135653238,627371.0802291143,False,False,True,True,63.44895350237424,71.55653148115195,18.79511135991328
2038,627371.0017847,627371.6347564587,627371.1885653478,627371.5769747812,627371.2463543554,627372.5143657657,627372.0812109152,False,False,True,True,63.370898100539335,71.45767132310517,18.733530374356445
2039,627372.0017847,627372.6352149888,627372.18827095,627372.5775860277,627372.2459069141,627373.5151931606,627373.0821841629,False,False,True,True,63.305895190208325,71.36943893940696,18.665242143034657
2040,627373.0017847,627373.6356728082,627373.1879630329,627373.578196449,627373.2454460565,627374.5160469178,627374.0831478888,False,False,True,True,63.25407454497544,71.29192995270566,18.59022617538041
2041,627374.0017847,627374.6361297516,627374.1876417955,627374.578805165,627374.2449726547,627375.516926392,627375.0841011261,False,False,True,True,63.21554544786739,71.22521949508214,18.50844490535326
2042,627375.0017847,627375.6365856521,627375.1873074372,627375.5794186993,627375.244480232,627376.5178308878,627376.0850429132,False,False,True,True,63.19039669134341,71.1701545099935,18.42206350292011
2043,627376.0017847,627376.6370403406,627376.1869601572,627376.5800251465,627376.243980745,627377.5187596651,627377.0859723007,False,False,True,True,63.178717067862685,71.1255533747133,18.32764809047573
2044,627377.0017847,627377.6374936486,627377.1866001566,627377.5806299483,627377.2434687684,627378.5197119431,627378.0868883554,False,False,True,True,63.18056804912776,71.09214691948277,18.22712819646065
2045,627378.0017847,627378.6379454096,627378.1862276371,627378.581232774,627378.2429446664,627379.5206869056,627379.0877901649,False,False,True,True,63.19600427665199,71.0700239367611,18.120640424658276
2046,627379.0017847,627379.638395462,627379.1858428039,627379.5818333032,627379.242408818,627380.5216837034,627380.0886768408,False,False,True,True,63.225073561759565,71.05921174730497,18.008263322244055
2047,627380.0017847,627380.6388436491,627380.1854458642,627380.5824312082,627380.2418615832,627381.5227014583,627381.0895475228,False,False,True,True,63.26779639501799,71.05978548319526,17.890167643947244
2048,627381.0017847,627381.6392898199,627381.185037028,627381.5830319814,627381.2412975454,627382.523739265,627382.0904013808,False,False,True,True,63.32419326699479,71.07242133315978,17.768289748397535
2049,627382.0017847,627382.63973383,627382.1846165084,627382.583623753,627382.2407286329,627383.5247961949,627383.0912376163,False,False,True,True,63.394257347500776,71.0958557122021,17.6391752674222
2050,627383.0017847,627383.6401755414,627383.1841845207,627383.5842120255,627383.2401494295,627384.5258712994,627384.092055466,False,False,True,True,63.4779818063468,71.13073065810418,17.504734946441545
2051,627384.0017847,627384.6406148223,627384.183741282,627384.5847965222,627384.2395602826,627385.5269636158,627385.0928542037,False,False,True,True,63.575346152965324,71.17708032181189,17.365165153394212
2052,627385.0017847,627385.6410515488,627385.1832870112,627385.5853769887,627385.2389615586,627386.5280733346,627386.0936331437,False,False,True,True,63.68630257603218,71.2348842127577,17.220605907158188
2053,627386.0017847,627386.6414856059,627386.1828219299,627386.5859534381,627386.2383533397,627387.5291971823,627387.0943916447,False,False,True,True,63.810810094412346,71.30414233094163,17.071250160577517
2054,627387.0017847,627387.6419168885,627387.1823462616,627387.5865254714,627387.237736148,627388.5303353088,627388.0951291113,False,False,True,True,63.94880723640328,71.38483418579617,16.917258423097703
2055,627388.0017847,627388.642345302,627388.181860232,627388.5870927254,627388.2371104865,627389.5314867361,627389.0958449971,False,False,True,True,64.10021203973496,71.47687781505125,16.758661430570005
2056,627389.0017847,627389.6427707633,627389.1813640711,627389.5876550016,627389.2364766914,627390.5326504908,627390.0965388059,False,False,True,True,64.26495620251566,71.58024589795023,16.595669211311407
2057,627390.0017847,627390.6431932016,627390.1808580123,627390.5882121183,627390.23583511,627391.5338256063,627391.0972100922,False,False,True,True,64.44292361152952,71.69486330241222,16.428397878537794
2058,627391.0017847,627391.6436125594,627391.180342295,627391.5887639142,627391.2351860796,627392.5350111278,627392.0978584632,False,False,True,True,64.63401864412813,71.82066855673467,16.257014771883835
2059,627392.0017847,627392.6440287973,627392.1798171664,627392.5893102597,627392.2345299559,627393.5362061155,627393.0984835769,False,False,True,True,64.83811835690645,71.95759335902592,16.081680400795022
2060,627393.0017847,627393.644441895,627393.1792828848,627393.5898510334,627393.2338670803,627394.5374096499,627394.0990851442,False,False,True,True,65.05509297627025,72.10552159607006,15.902488680372445
2061,627394.0017847,627394.6448518566,627394.1787397214,627394.590386148,627394.2331978185,627395.5386208361,627395.0996629279,False,False,True,True,65.28479223805778,72.26437813578622,15.719651346480374
2062,627395.0017847,627395.6452587133,627395.1781879636,627395.5909155535,627395.2325225462,627396.5398388049,627396.1002167417,False,False,True,True,65.52708636867482,72.43408101590435,15.53334086139535
2063,627396.0017847,627396.6456625229,627396.1776279141,627396.5914392294,627396.2318416492,627397.5410627159,627397.1007464484,False,False,True,True,65.7818046133921,72.6144868024519,15.343478677941922
2064,627397.0017847,627397.6460633706,627397.1770598914,627397.5919571797,627397.2311555108,627398.5422917553,627398.1012519582,False,False,True,True,66.04878987785872,72.80551353315882,15.150408013125878
2065,627398.0017847,627398.6464613634,627398.176484227,627398.5924694436,627398.2304645436,627399.5435251333,627399.1017332247,False,False,True,True,66.32787140734544,73.0070246042417,14.954233027332064
2066,627399.0017847,627399.6468566256,627399.1759012612,627399.5929760856,627399.2297691528,627400.5447620812,627400.1021902415,False,False,True,True,66.61887844712301,73.21893122324136,14.755185946992261
2067,627400.0017847,627400.6472492907,627400.1753113393,627400.59347717,627400.22906974,627401.5460018485,627401.102623038,False,False,True,True,66.92161292170549,73.44108312599602,14.553365809849431
2068,627401.0017847,627401.6476394967,627401.1747148074,627401.5939727812,627401.2283667168,627402.5472437022,627402.1030316772,False,False,True,True,67.23589724617445,73.67335053891146,14.349110710267492
2069,627402.0017847,627402.64802738,627402.1741120089,627402.594463005,627402.2276604703,627403.5484869285,627403.1034162536,False,False,True,True,67.56151968466564,73.91559002801515,14.142488096364499
2070,627403.0017847,627403.6484130744,627403.1735032836,627403.5949479183,627403.2269514054,627404.5497308348,627404.1037768929,False,False,True,True,67.89827533150395,74.16766498952363,13.933599567204352
2071,627404.0017847,627404.6487967102,627404.1728889674,627404.5954276031,627404.2262398975,627405.5509747544,627405.1041137523,False,False,True,True,68.24594562063594,74.42941149889685,13.72259624072244
2072,627405.0017847,627405.6491784155,627405.1722693932,627405.5959021483,627405.2255263305,627406.5522180488,627406.1044270194,False,False,True,True,68.60430515581899,74.70066563159475,13.509598499002886
2073,627406.0017847,627406.6495583171,627406.1716448914,627406.5963716343,627406.2248110711,627407.5534601109,627407.1047169126,False,False,True,True,68.97313537099969,74.98127712345556,13.294781365643168
2074,627407.0017847,627407.649936541,627407.1710157895,627407.596836148,627407.2240944946,627408.5547003653,627408.10498368,False,False,True,True,69.35219720955705,75.27104789899334,13.078254123670009
2075,627408.0017847,627408.6503132121,627408.1703824138,627408.597295778,627408.2233769628,627409.5559382695,627409.105227597,False,False,True,True,69.74124478468097,75.56982769404638,12.860180697623488
2076,627409.0017847,627409.650688455,627409.1697450874,627409.5977506198,627409.2226588255,627410.5571733143,627410.1054489657,False,False,True,True,70.14005270012885,75.8774047727504,12.640629389395306
2077,627410.0017847,627410.6510623912,627410.1691041307,627410.598200828,627410.2219404028,627411.5584050235,627411.1056481127,False,False,True,True,70.54836140871221,76.19360838037613,12.4197854678667
2078,627411.0017847,627411.6514351408,627411.1684598604,627411.5986465531,627411.2212219177,627412.5596329556,627412.1058253879,False,False,True,True,70.96593185381012,76.51827459238352,12.197801758520345
2079,627412.0017847,627412.6518068195,627412.1678125891,627412.599087767,627412.2205038695,627413.5608567046,627413.1059811637,False,False,True,True,71.3925044882341,76.85115752196243,11.974696190602817
2080,627413.0017847,627413.6521775401,627413.1671626251,627413.599524554,627413.2197865841,627414.5620759008,627414.1061158332,False,False,True,True,71.82782659498486,77.19207958419445,11.750607929218454
2081,627414.0017847,627414.6525474119,627414.1665102718,627414.5999570128,627414.2190703902,627415.5632902135,627415.106229811,False,False,True,True,72.27165911744144,77.54081538283695,11.525607837579894
2082,627415.0017847,627415.6529165425,627415.165855827,627415.6003852278,627415.2183555923,627416.56449935,627416.1063235325,False,False,True,True,72.72372884803708,77.8971736725932,11.299823981734075
2083,627416.0017847,627416.6532850366,627416.1651995836,627416.6008092872,627416.2176425031,627417.5657030549,627417.1063974521,False,False,True,True,73.18378989996164,78.26094954778809,11.073345154140208
2084,627417.0017847,627417.6536529956,627417.1645418282,627417.601229293,627417.2169314236,627418.566901108,627418.1064520425,False,False,True,True,73.65158272602663,78.63191761217898,10.846223434990712
2085,627418.0017847,627418.6540205192,627418.1638828418,627418.6016453338,627418.2162226348,627419.5680933252,627419.1064877941,False,False,True,True,74.12686143942197,79.00985929971247,10.61853395636646
2086,627419.0017847,627419.654387706,627419.1632229015,627419.6020574955,627419.2155164286,627420.5692795592,627420.1065052156,False,False,True,True,74.60935283258084,79.39457653490261,10.390381732425938
2087,627420.0017847,627420.6547546594,627420.1625622851,627420.6024658859,627420.2148130803,627421.5704597041,627421.1065048364,False,False,True,True,75.09881101869313,79.78582343093927,10.161800060341353
2088,627421.0017847,627421.6551214946,627421.1619012773,627421.6028706256,627421.214112875,627422.571633698,627422.1064872071,False,False,True,True,75.59497645057037,80.18337459157988,9.93284443539971
2089,627422.0017847,627422.6554883434,627422.1612401742,627422.6032718364,627422.2134161158,627423.5728015238,627423.1064529011,False,False,True,True,76.0975895810241,80.58702511114929,9.703596819871048
2090,627423.0017847,627423.6558553588,627423.1605792872,627423.6036696793,627423.2127230959,627424.5739632074,627424.1064025124,False,False,True,True,76.60639769305503,80.99654959340491,9.474126369420715
2091,627424.0017847,627424.6562227139,627424.1599189432,627424.6040643414,627424.2120341508,627425.5751188144,627425.1063366523,False,False,True,True,77.12115489985304,81.4117089817258,9.244431376501417
2092,627425.0017847,627425.6565905998,627425.1592594823,627425.6044560203,627425.2113496036,627426.5762684431,627426.1062559457,False,False,True,True,77.64160848441884,81.83230520062601,9.01463136942363
2093,627426.0017847,627426.6569592212,627426.1586012556,627426.6048391397,627426.210675578,627427.5774122216,627427.1061610284,False,False,True,True,78.16751255994231,82.25728640097337,8.782873659374989
2094,627427.0017847,627427.6573287912,627427.1579446213,627427.6052255175,627427.210000848,627428.5785503001,627428.1060525426,False,False,True,True,78.69862123961333,82.68807326211525,8.552971199459652
2095,627428.0017847,627428.6576995247,627428.1572899399,627428.6056095882,627428.2093315447,627429.579682848,627429.1059311347,False,False,True,True,79.23468863662178,83.12363442548696,8.323096060300996
2096,627429.0017847,627429.6580716339,627429.1566375729,627429.6059915847,627429.2086680045,627430.5808100514,627430.105797454,False,False,True,True,79.77547569434671,83.56373766465673,8.093287515486747
2097,627430.0017847,627430.6584453259,627430.1559878795,627430.6063717447,627430.2080105706,627431.5819321102,627431.1056521512,False,False,True,True,80.32072969578883,84.00815758338194,7.863583984830987
2098,627431.0017847,627431.6588207991,627431.1553412154,627431.6067502841,627431.207359568,627432.5830492391,627432.1054958787,False,False,True,True,80.87020475413802,84.45668927598751,7.634087067397619
2099,627432.0017847,627432.6591982432,627432.1546979332,627432.6071274246,627432.206715334,627433.5841616667,627433.1053292907,False,False,True,True,81.42366864296248,84.90909368585248,7.404768588656319
2100,627433.0017847,627433.6595778395,627433.1540583826,627433.6075033752,627433.2060781817,627434.5852696362,627434.105153044,False,False,True,True,81.98086181507378,85.36514541673424,7.175728440123696
2101,627434.0017847,627434.6599597614,627434.153422911,627434.6078783431,627434.20544843,627435.5863734051,627435.1049677976,False,False,True,True,82.54154521385097,85.82459858182266,6.946938874156248
2102,627435.0017847,627435.6603441751,627435.1527918635,627435.6082525256,627435.2048263889,627436.5874732444,627436.1047742129,False,False,True,True,83.10546612229473,86.28724144525347,6.718496367176002
2103,627436.0017847,627436.660731239,627436.1521655838,627436.6086261163,627436.2042123709,627437.5885694369,627437.1045729532,False,False,True,True,83.67239231397329,86.75283495040573,6.490403480503895
2104,627437.0017847,627437.6611211037,627437.1515444135,627437.6089993136,627437.2036066813,627438.589662276,627438.1043646818,False,False,True,True,84.2420642416982,87.22112638028014,6.262692657538486
2105,627438.0017847,627438.661513909,627438.1509286906,627438.6093722961,627438.203009612,627439.5907520636,627439.1041500624,False,False,True,True,84.81424967903769,87.69189716882327,6.035397195451979
2106,627439.0017847,627439.6619097837,627439.1503187486,627439.6097452316,627439.2024214551,627440.5918379531,627440.1039297578,False,False,True,True,85.38869590899243,88.16488093865748,5.808520082452135
2107,627440.0017847,627440.6623088431,627440.1497149155,627440.6101182869,627440.2018424966,627441.5929225753,627441.1037044295,False,False,True,True,85.96516387494151,88.63987278410768,5.582129193543831
2108,627441.0017847,627441.6627111877,627441.1491175122,627441.610491615,627441.2012730034,627442.5940050913,627442.1034747371,False,False,True,True,86.54340085988562,89.11658583722871,5.3561972079703875
2109,627442.0017847,627442.6631169019,627442.1485268509,627442.6108653499,627442.2007132451,627443.5950858281,627443.1032413377,False,False,True,True,87.12318146758216,89.59480153196716,5.130765106866824
2110,627443.0017847,627443.6635260542,627443.1479432338,627443.6112396194,627443.2001634564,627444.5961651166,627444.1030048863,False,False,True,True,87.70424615084265,90.07428081170205,4.905873871368161
2111,627444.0017847,627444.663938696,627444.147366951,627444.6116145294,627444.1996238839,627445.5972432904,627445.1027660335,False,False,True,True,88.28636268323532,90.5547504688666,4.681505572227827
2112,627445.0017847,627445.6643548592,627445.1467982794,627445.6119901709,627445.1990947352,627446.5983206821,627446.1025254254,False,False,True,True,88.8692988383284,91.0359851072182,4.457708874543659
2113,627446.0017847,627446.6647745569,627446.1462374805,627446.6123666271,627446.1985762203,627447.5993976241,627447.1022837043,False,False,True,True,89.45280189912259,91.51770468900085,4.234474386805547
2114,627447.0017847,627447.665197786,627447.1456848029,627447.6127439643,627447.1980685132,627448.6004744526,627448.1020415132,False,False,True,True,90.03664646937528,91.99969064816113,4.011837540619811
2115,627448.0017847,627448.6656245333,627448.1451404898,627448.6131222256,627448.1975717939,627449.6015515137,627449.1017995018,False,False,True,True,90.62058666227635,92.48164928656475,3.7897629043801326
2116,627449.0017847,627449.6660547866,627449.1446047863,627449.6135014767,627449.1970862388,627450.6026291687,627450.1015583323,False,False,True,True,91.20439025139403,92.96336203815824,3.5683518637070026
2117,627450.0017847,627450.6664885432,627450.1440779492,627450.6138817921,627450.19661203,627451.603707795,627451.1013186809,False,False,True,True,91.78780451972901,93.44454886518564,3.3475815801553845
2118,627451.0017847,627451.6669258114,627451.1435602503,627451.6142632486,627451.1961493725,627452.6047877839,627452.101081236,False,False,True,True,92.37060407103868,93.92495705064765,3.127495809624649
2119,627452.0017847,627452.6673666132,627452.1430519749,627452.6146459484,627452.1956984623,627453.6058706921,627453.1008466941,False,False,True,True,92.9525498487021,94.40434070773416,2.9081754471677774
2120,627453.0017847,627453.6678109779,627453.1425534198,627453.6150300052,627453.1952595337,627454.6069546116,627454.1006157568,False,False,True,True,93.53341645647667,94.88246077982423,2.6896776956190696
2121,627454.0017847,627454.6682589396,627454.142064889,627454.6154155354,627454.194832794,627455.6080410955,627455.1003891272,False,False,True,True,94.11295800755225,95.35904405935104,2.472040547905783
2122,627455.0017847,627455.668710531,627455.141586689,627455.6158026593,627455.1944184689,627456.6091305385,627456.1001675085,False,False,True,True,94.69095593587541,95.83387881045033,2.2554076514439
2123,627456.0017847,627456.6691657805,627456.1411191281,627456.6161914896,627456.1940167821,627457.6102233254,627457.0999516023,False,False,True,True,95.26717801501437,96.30668499536613,2.039816572273856
2124,627457.0017847,627457.669624707,627457.1406625118,627457.6165821378,627457.1936279489,627458.6113198297,627458.0997421085,False,False,True,True,95.84139201853735,96.77722355747747,1.8254165073403326
2125,627458.0017847,627458.6700873165,627458.140217142,627458.61697471,627458.193252182,627459.6124204113,627459.0995397237,False,False,True,True,96.41335888982339,97.2452622703526,1.6123757567733474
2126,627459.0017847,627459.6705536011,627459.1397833142,627459.6173692931,627459.1928896718,627460.6135254162,627460.099345143,False,False,True,True,96.98285323262988,97.7105484169922,1.400825588271012
2127,627460.0017847,627460.6710235372,627460.1393613182,627460.617765955,627460.1925406214,627461.6146351756,627461.099159058,False,False,True,True,97.54962916014671,98.17283611058618,1.1909511639928567
2128,627461.0017847,627461.6714970854,627461.1389514368,627461.618164773,627461.1922052032,627462.615750005,627462.0989821597,False,False,True,True,98.11345444594208,98.63185214356771,0.9829323100131234
2129,627462.0017847,627462.6719741912,627462.1385539467,627462.6185657864,627462.1918836008,627463.6168702061,627463.0988151375,False,False,True,True,98.67409003339507,99.0873711196942,0.7770014662070043
2130,627463.0017847,627463.6724547863,627463.1381691182,627463.6189690442,627463.1915759706,627464.617996064,627464.0986586802,False,False,True,True,99.23129686588472,99.53911300120967,0.5733836019302865
2131,627464.0017847,627464.6729387885,627464.1377972162,627464.6193745664,627464.1912824702,627465.6191278468,627465.098513474,False,False,True,True,99.78482222641172,99.98686605224987,0.37237737787659947
2132,627465.0017847,627465.6734261008,627465.1374384996,627465.619782376,627465.1910032481,627466.6202658035,627466.0983802034,False,False,True,True,100.3344338885443,100.43033657468045,0.17418122971763053
2133,627466.0017847,627466.6739166107,627466.1370932194,627466.6201924672,627466.190738443,627466.6202649949,627466.0983802106,False,False,True,False,100.87987913528318,,
2134,627467.0017847,627467.6744101881,627467.1367616176,627467.6206048413,627467.1904881803,627467.6214093426,627467.0982595542,False,False,True,False,101.42090524962906,,
2135,627468.0017847,627468.6749066832,627468.1364439249,627468.6210194606,627468.1902525716,627468.6225602955,627468.0981521884,False,False,True,False,101.95727317496099,,
2136,627469.0017847,627469.675405923,627469.1361403572,627469.6214362797,627469.1900317041,627469.6237180326,627469.0980587811,False,False,True,False,102.48873019427968,,
2137,627470.0017847,627470.6759077106,627470.1358511136,627470.6218552203,627470.1898256685,627470.6248827048,627470.0979799917,False,False,True,False,103.01502359058584,,
2138,627471.0017847,627471.6764118217,627471.135576372,627471.6222761908,627471.1896344984,627471.6260544336,627471.097916468,False,False,True,False,103.53590747706936,,
2139,627472.0017847,627472.6769180046,627472.1353162867,627472.6226990693,627472.1894582356,627472.6272333097,627472.0978688453,False,False,True,False,104.05111547635259,,
2140,627473.0017847,627473.6774259775,627473.1350709833,627473.6231237049,627473.189296872,627473.6284193888,627473.0978377429,False,False,True,False,104.56040853181459,,
2141,627474.0017847,627474.6779354273,627474.1348405583,627474.6235499064,627474.1891503677,627474.6296126889,627474.0978237612,False,False,True,False,105.0635270962669,,
2142,627475.0017847,627475.6784460128,627475.1346250777,627475.6239779978,627475.1890186695,627475.6308131914,627475.0978270154,False,False,True,False,105.56021845271023,,
2143,627476.0017847,627476.6789573736,627476.1344245877,627476.6244087447,627476.1888999187,627476.6320208446,627476.0978494745,False,False,True,False,106.05022988414528,,
2144,627477.0017847,627477.6794691412,627477.1342391234,627477.6248344273,627477.1888014094,627477.6332355731,627477.0978903032,False,False,True,False,106.5333018433836,,
2145,627478.0017847,627478.6799809507,627478.1340687219,627478.6252664067,627478.1887118048,627478.634457285,627478.0979505354,False,False,True,False,107.00916795304757,,
2146,627479.0017847,627479.6804924456,627479.1339134267,627479.6256987253,627479.1886367617,627479.6356858732,627479.0980307423,False,False,True,False,107.47758232632704,,
2147,627480.0017847,627480.6810032786,627480.1337732864,627480.6261254064,627480.1885761463,627480.6369212118,627480.0981314974,False,False,True,False,107.9382785858444,,
2148,627481.0017847,627481.6815131074,627481.1336483513,627481.6265578141,627481.1885356698,627481.6381631522,627481.0982533672,False,False,True,False,108.39100401460036,,
2149,627482.0017847,627482.6820215934,627482.1335386676,627482.6269894106,627482.1885036762,627482.639411517,627482.0983969076,False,False,True,False,108.83549906540644,,
2150,627483.0017847,627483.6825283985,627483.1334442762,627483.6274197703,627483.1884870632,627483.6406660974,627483.0985626592,False,False,True,False,109.27152468164171,,
2151,627484.0017847,627484.6830331828,627484.1333652099,627484.627849521,627484.1884845458,627484.6419266516,627484.0987511463,False,False,True,False,109.69882131611772,,
2152,627485.0017847,627485.683535602,627485.133301493,627485.6282784337,627485.1884959262,627485.643192901,627485.0989628751,False,False,True,False,110.11713625183515,,
2153,627486.0017847,627486.6840353047,627486.133253138,627486.6287062934,627486.1885210861,627486.6444645296,627486.0991983314,False,False,True,False,110.52623043217305,,
2154,627487.0017847,627487.6845319308,627487.1332201438,627487.6291328557,627487.1885599041,627487.6457411819,627487.0994579785,False,False,True,False,110.92584430994299,,
2155,627488.0017847,627488.6850251106,627488.1332024948,627488.6295578791,627488.1886122489,627488.6470224622,627488.0997422559,False,False,True,False,111.315738828524,,
2156,627489.0017847,627489.6855144664,627489.1332001598,627489.6299810944,627489.188677955,627489.648307936,627489.1000515779,False,False,True,False,111.69566127091679,,
2157,627490.0017847,627490.6859996112,627490.1332126928,627490.6304022418,627490.1887568724,627490.6495971291,627490.1003863327,False,False,True,False,112.06537941068957,,
2158,627491.0017847,627491.6864801531,627491.1332412311,627491.6308210363,627491.1888488142,627491.6508895296,627491.1007468819,False,False,True,False,112.42463370065391,,
2159,627492.0017847,627492.6869556955,627492.1332845013,627492.6312371866,627492.1889535991,627492.6521845891,627492.1011335584,False,False,True,False,112.773191914378,,
2160,627493.0017847,627493.6874258383,627493.1333428149,627493.6316504059,627493.1890710306,627493.6534817233,627493.1015466664,False,False,True,False,113.1108149952409,,
2161,627494.0017847,627494.6878901778,627494.1334160697,627494.6320603965,627494.1892009007,627494.6547803117,627494.1019864788,False,False,True,False,113.43727754700001,,
2162,627495.0017847,627495.6883483073,627495.133504149,627495.6324668436,627495.1893429914,627495.656079699,627495.1024532355,False,False,True,False,113.75233368284518,,
2163,627496.0017847,627496.6887998141,627496.1336069191,627496.6328694306,627496.1894970677,627496.6573791942,627496.1029471399,False,False,True,False,114.05577166691216,,
2164,627497.0017847,627497.6892442782,627497.1337242257,627497.6332678231,627497.1896628897,627497.65867807,627497.1034683557,False,False,True,False,114.34735927276918,,
2165,627498.0017847,627498.6896812699,627498.1338558912,627498.6336616895,627498.1898401836,627498.6599755627,627498.1040170034,False,False,True,False,114.62689842493029,,
2166,627499.0021412,627499.6901103472,627499.134001709,627499.634050656,627499.1900286666,627499.6612708739,627499.1045931559,False,False,True,False,114.89415006677456,,
2167,627500.0021412,627500.6905310545,627500.1341614409,627500.6344343417,627500.1902280223,627500.6625631656,627500.1051968345,False,False,True,False,115.14895710395105,,
2168,627501.0021412,627501.690942921,627501.1343348119,627501.6348123472,627501.1904378993,627501.6638515673,627501.1058280056,False,False,True,False,115.391087310028,,
2169,627502.0021412,627502.6913454602,627502.1345215093,627502.6351842405,627502.1906579175,627502.6651351706,627502.1064865757,False,False,True,False,115.62039042084366,,
2170,627503.0021412,627503.6917381724,627503.1347211823,627503.6355495818,627503.190887679,627503.666413035,627503.1071723923,False,False,True,False,115.83667519110129,,
2171,627504.0021412,627504.6921205521,627504.134933451,627504.6359079144,627504.1911267426,627504.6676841949,627504.1078852497,False,False,True,False,116.03977769626078,,
2172,627505.0021412,627505.6924921011,627505.135157919,627505.6362587693,627505.191374673,627505.6689476715,627505.1086248967,False,False,True,False,116.22952035140375,,
2173,627506.0021412,627506.6928523381,627506.135394187,627506.6366017122,627506.191631033,627506.6702024844,627506.1093910486,False,False,True,False,116.4057802131251,,
2174,627507.0021412,627507.693200805,627507.1356418596,627507.636936301,627507.1918953895,627507.6714476559,627507.1101833901,False,False,True,False,116.56839335688476,,
2175,627508.0021412,627508.693537069,627508.1359005475,627508.6372621305,627508.192167336,627508.672682215,627508.1110015735,False,False,True,False,116.71723683927767,,
2176,627509.0021412,627509.6938607208,627509.1361698634,627509.6375788047,627509.1924464601,627509.673905195,627509.1118452128,False,False,True,False,116.85217405652044,,
2177,627510.0021412,627510.6941713742,627510.1364494201,627510.6378859408,627510.1927323614,627510.6751156349,627510.1127138794,False,False,True,False,116.97309572558635,,
2178,627511.0021412,627511.6944686656,627511.1367388291,627511.638183174,627511.1930246565,627511.6763125826,627511.1136071018,False,False,True,False,117.0799335445837,,
2179,627512.0021412,627512.6947522534,627512.1370377031,627512.6384701618,627512.1933229582,627512.6774950963,627512.1145243666,False,False,True,False,117.1725645701074,,
2180,627513.0021412,627513.6950218165,627513.1373456554,627513.6387465586,627513.1936268891,627513.6786622475,627513.1154651204,False,False,True,False,117.25093416064414,,
2181,627514.0021412,627514.6952770525,627514.1376622994,627514.6390120524,627514.1939360705,627514.6798131217,627514.1164287706,False,False,True,False,117.31498767468051,,
2182,627515.0021412,627515.6955176748,627515.1379872472,627515.6392663164,627515.1942501542,627515.6809468211,627515.1174146854,False,False,True,False,117.36465681032485,,
2183,627516.0021412,627516.6957434127,627516.1383201077,627516.6395090626,627516.1945687606,627516.6820624666,627516.1184221955,False,False,True,False,117.39992790719879,,
2184,627517.0021412,627517.6959540099,627517.138660488,627517.6397399867,627517.19489154,627517.6831592009,627517.1194505955,False,False,True,False,117.42074632378899,,
2185,627518.0021412,627518.6961492258,627518.1390079928,627518.6399587997,627518.1952181383,627518.6842361905,627518.1204991457,False,False,True,False,117.42712572047378,,
2186,627519.0021412,627519.6963288351,627519.139362226,627519.6401652368,627519.1955482106,627519.68529263,627519.1215670756,False,False,True,False,117.41903877649648,,
2187,627520.0021412,627520.6964926305,627520.1397227924,627520.6403590238,627520.1958814013,627520.686327745,627520.1226535868,False,False,True,False,117.39651281261378,,
2188,627521.0021412,627521.6966404221,627521.1400892995,627521.6405399179,627521.1962173859,627521.6873407951,627521.123757856,False,False,True,False,117.35956148920401,,
2189,627522.0021412,627522.6967720387,627522.1404613587,627522.6407076735,627522.1965558401,627522.688331045,627522.1248790377,False,False,True,False,117.3082257874022,,
2190,627523.0021412,627523.6968873264,627523.1408385851,627523.6408620761,627523.1968964387,627523.6892978896,627523.1260162224,False,False,True,False,117.24254668834335,,
2191,627524.0021412,627524.696986147,627524.1412205973,627524.6410028957,627524.1972388817,627524.6902406719,627524.1271686174,False,False,True,False,117.16257883354085,,
2192,627525.0021412,627525.6970683755,627525.1416070128,627525.6411299406,627525.1975828595,627525.6911588036,627525.1283352806,False,False,True,False,117.06840418526471,,
2193,627526.0021412,627526.6971338969,627526.1419974461,627526.6412430081,627526.1979280679,627526.6920517355,627526.1295152968,False,False,True,False,116.96007738502831,,
2194,627527.0021412,627527.6971826022,627527.1423915033,627527.6413418945,627527.1982742033,627527.6929189551,627527.1307077343,False,False,True,False,116.8377213762367,,
2195,627528.0021412,627528.6972143864,627528.1427887788,627528.641426402,627528.1986209536,627528.6937599881,627528.131911644,False,False,True,False,116.7014454419166,,
2196,627529.0021412,627529.6972291442,627529.1431888498,627529.6414963242,627529.1989679809,627529.6945743938,627529.13312606,False,False,True,False,116.5513452047164,,
2197,627530.0021412,627530.6972267698,627530.1435912764,627530.6415514577,627530.1993149602,627530.6953617681,627530.1343500006,False,False,True,False,116.38757092879784,,
2198,627531.0021412,627531.6972071575,627531.1439956019,627531.6415915897,627531.1996615265,627531.6961217416,627531.1355824722,False,False,True,False,116.21025921794431,,
2199,627532.0021412,627532.6971702068,627532.1444013601,627532.6416164993,627532.2000073327,627532.6968539848,627532.1368224772,False,False,True,False,116.0195739966959,,
2200,627533.0021412,627533.6971158287,627533.1448080838,627533.6416260017,627533.2003520154,627533.6975582137,627533.1380690257,False,False,False,False,361.0,,
2201,627534.0021412,627534.697043953,627534.145215319,627534.6416198958,627534.2006952362,627534.6982341947,627534.1393211465,False,False,False,False,361.0,,
2202,627535.0021412,627535.6969545321,627535.1456226304,627535.6415980252,627535.2010366742,627535.6988817451,627535.1405778956,False,False,False,False,361.0,,
2203,627536.0021412,627536.696847541,627536.1460296039,627536.6415602474,627536.201376039,627536.6995007328,627536.1418383566,False,False,False,False,361.0,,
2204,627537.0021412,627537.6967229771,627537.1464358452,627537.6415064444,627537.201713047,627537.7000910703,627537.1431016391,False,False,False,False,361.0,,
2205,627538.0021412,627538.6965808601,627538.1468409782,627538.6414365103,627538.2020474377,627538.7006527155,627538.1443668755,False,False,False,False,361.0,,
2206,627539.0021412,627539.696421233,627539.1472446457,627539.6413503737,627539.2023789868,627539.701185673,627539.1456332225,False,False,False,False,361.0,,
2207,627540.0021412,627540.6962441623,627540.1476465114,627540.6412479698,627540.202707468,627540.7016899963,627540.1468998657,False,False,False,False,361.0,,
2208,627541.0021412,627541.6960497361,627541.1480462628,627541.6411282159,627541.2030331478,627541.7021657852,627541.1481660265,True,False,False,False,246.10056772072375,,
2209,627542.0021412,627542.6958380633,627542.1484436074,627542.6409918234,627542.203356319,627542.7026131835,627542.1494309632,True,False,False,False,246.40899174288484,,
2210,627543.0021412,627543.6956092692,627543.1488382744,627543.6408448486,627543.2036702068,627543.7030323746,627543.1506939726,True,False,False,False,246.72880852058154,,
2211,627544.0021412,627544.6953634957,627544.149230011,627544.6406757378,627544.2039862447,627544.7034235785,627544.1519543882,True,False,False,False,247.05977216700367,,
2212,627545.0021412,627545.6951008991,627545.1496185826,627545.6404902912,627545.2042985231,627545.7037870502,627545.153211581,True,False,False,False,247.40166411609783,,
2213,627546.0021412,627546.6948216478,627546.1500037708,627546.6402943005,627546.2046070126,627546.7041230777,627546.1544649594,True,False,False,False,247.75426580181056,,
2214,627547.0021412,627547.6945259243,627547.1503853749,627547.6400762429,627547.2049058627,627547.7044319815,627547.1557139701,True,False,False,False,248.11730401657508,,
2215,627548.0021412,627548.6942139224,627548.1507632111,627548.6398432653,627548.2052061411,627548.7047141122,627548.1569580997,True,False,False,False,248.4905875150946,,
2216,627549.0021412,627549.6938858496,627549.1511371147,627549.6395951334,627549.205500704,627549.7049698506,627549.1581968749,True,False,False,False,248.87381576904568,,
2217,627550.0021412,627550.6935419259,627550.1515069404,627550.639331159,627550.2057911145,627550.705199606,627550.1594298654,True,False,False,False,249.26682485388824,,
2218,627551.0021412,627551.6931823823,627551.1518725606,627551.6390514615,627551.206077351,627551.7054038141,627551.1606566817,True,False,False,False,249.66931424129874,,
2219,627552.0021412,627552.692807459,627552.1522338649,627552.6387561683,627552.20635942,627552.7055829351,627552.1618769756,True,False,False,False,250.08109268598045,,
2220,627553.0021412,627553.6924174035,627553.1525907561,627553.6384454202,627553.2066373305,627553.7057374504,627553.1630904365,True,False,False,False,250.50185965960992,,
2221,627554.0021412,627554.6920124658,627554.152943145,627554.6381193675,627554.2069110983,627554.7058678244,627554.1642967525,True,False,False,False,250.93142391689037,,
2222,627555.0021412,627555.6915928959,627555.1532909467,627555.6377781548,627555.2071807412,627555.7059746443,627555.165495754,True,False,False,False,251.3694849294983,,
2223,627556.0021412,627556.6911589405,627556.1536340732,627556.6374219202,627556.20744628,627556.7060583979,627556.1666871852,True,False,False,False,251.815851452137,,
2224,627557.0021412,627557.6907108396,627557.1539724309,627557.6370508133,627557.2077077203,627557.7061196202,627557.1678708526,True,False,False,False,252.2702502772396,,
2225,627558.0021412,627558.690248826,627558.1543059179,627558.6366649584,627558.2079650633,627558.7061588534,627558.1690465845,True,False,False,False,252.732435517996,,
2226,627559.0021412,627559.689773126,627559.1546344247,627559.636264487,627559.2082182935,627559.7061766465,627559.1702142314,True,False,False,False,253.20213396683945,,
2227,627560.0021412,627560.6892839621,627560.1549578388,627560.6358495223,627560.208467402,627560.7061730833,627560.1713736686,True,False,False,False,253.67909973695978,,
2228,627561.0021412,627561.6887815553,627561.1552760496,627561.6354202017,627561.2087123664,627561.7061501504,627561.1725247996,True,False,False,False,254.16311426230357,,
2229,627562.0021412,627562.688266129,627562.1555889556,627562.634976646,627562.2089531822,627562.7061070036,627562.1736675613,True,False,False,False,254.65387701454733,,
2230,627563.0021412,627563.6877379105,627563.155896469,627563.6345190034,627563.2091898514,627563.7060447016,627563.1748019245,True,False,False,False,255.1511694276376,,
2231,627564.0021412,627564.6871971311,627564.156198517,627564.6340474136,627564.2094223871,627564.7059638363,627564.1759278919,True,False,False,False,255.65474561476432,,
2232,627565.0021412,627565.6866440263,627565.1564950394,627565.6335620248,627565.2096508216,627565.705865005,627565.1770454957,True,False,False,False,256.16433236836065,,
2233,627566.0021412,627566.6860788378,627566.156785991,627566.6330630083,627566.2098751809,627566.7057488111,627566.1781547943,True,False,False,False,256.6797111223731,,
2234,627567.0021412,627567.685501816,627567.1570713408,627567.6325505328,627567.2100955254,627567.7056158648,627567.1792558716,True,False,False,False,257.2006633107483,,
2235,627568.0021412,627568.6849132215,627568.1573510757,627568.6320247808,627568.2103119112,627568.7054667855,627568.1803488391,True,False,False,False,257.72688840516275,,
2236,627569.0021412,627569.6843133257,627569.1576252014,627569.6314859504,627569.2105244278,627569.7053022012,627569.1814338362,True,False,False,False,258.25819516031976,,
2237,627570.0021412,627570.6837024104,627570.1578937431,627570.6309342536,627570.2107331661,627570.7051227489,627570.1825110302,True,False,False,False,258.7943376894091,,
2238,627571.0021412,627571.6830807652,627571.1581567437,627571.6303699086,627571.2109382408,627571.7049290722,627571.1835806146,True,False,False,False,259.3350701056206,,
2239,627572.0021412,627572.682448688,627572.158414263,627572.6297931485,627572.2111397829,627572.7047218217,627572.184642808,True,False,False,False,259.880173842901,,
2240,627573.0021412,627573.6818064826,627573.1586663763,627573.6292042184,627573.2113379276,627573.7045016531,627573.1856978519,True,False,False,False,260.4294030144401,,
2241,627574.0021412,627574.6811544586,627574.1589131723,627574.6286033595,627574.2115328268,627574.7042692271,627574.1867460103,True,False,False,False,260.9825390541844,,
2242,627575.0021412,627575.680492931,627575.1591547551,627575.627990834,627575.2117246493,627575.7040252083,627575.1877875675,True,False,False,False,261.5393633960805,,
2243,627576.0021412,627576.6798222205,627576.1593912414,627576.6273669042,627576.2119135713,627576.7037702659,627576.1888228282,True,False,False,False,262.09960283256163,,
2244,627577.0021412,627577.6791426537,627577.1596227635,627577.6267318412,627577.2120997772,627577.7035050741,627577.1898521173,True,False,False,False,262.6630934390877,,
2245,627578.0021412,627578.6784545628,627578.1598494682,627578.6260859246,627578.2122834665,627578.7032303112,627578.1908757794,True,False,False,False,263.2295620080919,,
2246,627579.0021412,627579.6777582844,627579.1600715169,627579.6254294442,627579.2124648531,627579.702946659,627579.1918941778,True,False,False,False,263.79884461503406,,
2247,627580.0021412,627580.6770541589,627580.1602890824,627580.6247626853,627580.2126441618,627580.702654802,627580.1929076924,True,False,False,False,264.3706680523475,,
2248,627581.0021412,627581.6763425262,627581.1605023462,627581.6240859547,627581.2128216182,627581.7023554249,627581.1939167159,True,False,False,False,264.94486839549216,,
2249,627582.0021412,627582.6756237242,627582.1607114924,627582.6233995316,627582.212997456,627582.7020492111,627582.1949216498,True,False,False,False,265.5211997576578,,
2250,627583.0021412,627583.6748980854,627583.1609167026,627583.622703716,627583.2131718931,627583.7017368418,627583.1959229007,True,False,False,False,266.09944357279113,,
2251,627584.0021412,627584.6741659353,627584.1611181516,627584.6219987918,627584.2133451523,627584.701418994,627584.1969208755,True,False,False,False,266.67940859559525,,
2252,627585.0021412,627585.6734275909,627585.1613160041,627585.6212850333,627585.2135174368,627585.7010963415,627585.1979159792,True,False,False,False,267.2608489392601,,
2253,627586.0021412,627586.6726833608,627586.161510413,627586.6205627146,627586.2136889312,627586.7007695546,627586.1989086142,True,False,False,False,267.8436006792456,,
2254,627587.0021412,627587.6719335448,627587.1617015204,627587.6198320976,627587.2138598231,627587.7004393013,627587.1998991796,True,False,False,False,268.42739060798493,,
2255,627588.0021412,627588.6711784359,627588.1618894597,627588.6190934473,627588.2140302772,627588.7001062471,627588.2008880731,True,False,False,False,269.01200015942464,,
2256,627589.0021412,627589.67041832,627589.1620743584,627589.6183470093,627589.214200449,627589.6997710553,627589.2018756913,True,False,False,False,269.597238088268,,
2257,627590.0021412,627590.6696534762,627590.1622563414,627590.6175930426,627590.2143705029,627590.6994343852,627590.2028624304,True,False,False,False,270.18288582846156,,
2258,627591.0021412,627591.6688841782,627591.1624355321,627591.6168317812,627591.2145405819,627591.6990968909,627591.2038486858,True,False,False,False,270.76869749319525,,
2259,627592.0021412,627592.6681106936,627592.1626120533,627592.6160634793,627592.2147108451,627592.6987592205,627592.2048348498,True,False,False,False,271.35445451641556,,
2260,627593.0021412,627593.6673332867,627593.1627860281,627593.6152883698,627593.2148814355,627593.6984220163,627593.2058213085,True,False,False,False,271.9399656528257,,
2261,627594.0021412,627594.6665522202,627594.1629575815,627594.6145066892,627594.2150525079,627594.6980859162,627594.2068084441,True,False,False,False,272.52498501561564,,
2262,627595.0021412,627595.6657677593,627595.1631268417,627595.6137186852,627595.215224203,627595.6977515577,627595.2077966321,True,False,False,False,273.10934868024526,,
2263,627596.0021412,627596.6649801738,627596.1632939437,627596.6129246092,627596.215396688,627596.6974195789,627596.208786245,True,False,False,False,273.69275611839106,,
2264,627597.0021412,627597.6641897399,627597.1634590309,627597.6121247156,627597.21557012,627597.6970906227,627597.2097776537,True,False,False,False,274.2750707262697,,
2265,627598.0021412,627598.6633967406,627598.1636222568,627598.6113192675,627598.2157446698,627598.696765335,627598.2107712266,True,False,False,False,274.8559919755576,,
2266,627599.0021412,627599.6626014651,627599.1637837838,627599.6105085469,627599.2159205197,627599.6964443661,627599.2117673305,True,False,False,False,275.4353832624714,,
2267,627600.0021412,627600.6618042088,627600.1639437836,627600.6096928342,627600.2160978537,627600.6961283698,627600.2127663284,True,False,False,False,276.0129713794444,,
2268,627601.0021412,627601.6610052714,627601.1641024358,627601.6088781945,627601.216271079,627601.6958180033,627601.2137685795,True,False,False,False,276.5885650811797,,
2269,627602.0021412,627602.6602049582,627602.1642599276,627602.6080533635,627602.2164519619,627602.6955139267,627602.2147744372,True,False,False,False,277.16191848086726,,
2270,627603.0021412,627603.6594035798,627603.1644164545,627603.6072244133,627603.216634927,627603.6952168036,627603.2157842496,True,False,False,False,277.7328130124536,,
2271,627604.0021412,627604.6586014528,627604.1645722203,627604.6063916673,627604.2168201801,627604.694927301,627604.2167983581,True,False,False,False,278.3010301098853,,
2272,627605.0021412,627605.6577989005,627605.1647274394,627605.6055554367,627605.2170079512,627605.694646108,627605.2178164942,True,True,False,False,278.86635120710895,278.7472327079839,0.21720347072163015
2273,627606.0021412,627606.6569962522,627606.1648823353,627606.6047160405,627606.2171984653,627606.6943738644,627606.2188410242,True,True,False,False,279.428557738071,279.1869602867493,0.44621145600017287
2274,627607.0021412,627607.6561938433,627607.1650371428,627607.6038738212,627607.2173919649,627607.6941112678,627607.2198700153,True,True,False,False,279.98743113671816,279.6232181294164,0.6793419273502811
2275,627608.0021412,627608.6553920128,627608.1651921037,627608.60302911,627608.2175886842,627608.6938589986,627608.2209046076,True,True,False,False,280.5427255162402,280.05578766993165,0.9161724402398321
2276,627609.0021412,627609.6545911003,627609.1653474641,627609.60218225,627609.2177888803,627609.6936177365,627609.2219451047,True,True,False,False,281.0942223105837,280.48450498375496,1.1562625541890659
2277,627610.0021412,627610.6537914425,627610.1655034681,627610.601333572,627610.217992791,627610.6933881573,627610.2229917923,True,True,False,False,281.6417302744519,280.909151504833,1.3992202803726472
2278,627611.0021412,627611.6529933731,627611.1656603531,627611.6004834184,627611.2182006576,627611.6931709335,627611.2240449362,True,True,False,False,282.18500352103473,281.32953598786895,1.644649681262127
2279,627612.0021412,627612.6521972206,627612.165818345,627612.5996321224,627612.2184126887,627612.6929667336,627612.2251047769,True,True,False,False,282.723796163522,281.74543986680936,1.89224073030221
2280,627613.0021412,627613.6514033091,627613.1659776571,627613.5987800175,627613.2186291028,627613.6927762239,627613.2261715294,True,True,False,False,283.2578896358603,282.1566718963575,2.1416519180343956
2281,627614.0021412,627614.650611958,627614.166138489,627614.5979274258,627614.2188500876,627614.6926000682,627614.227245382,True,True,False,False,283.7870653719962,282.56306815197325,2.392596910122072
2282,627615.0021412,627615.6498234808,627615.1663010269,627615.5970746817,627615.2190758119,627615.692438927,627615.2283264967,True,True,False,False,284.31105016436294,282.96432810533315,2.644843693576871
2283,627616.0021412,627616.649038183,627616.1664654438,627616.5962220987,627616.2193064413,627616.6922934544,627616.2294150065,True,True,False,False,284.82962544690696,283.3603151526538,2.898150863900314
2284,627617.0021412,627617.6482563617,627617.1666318993,627617.5953699946,627617.2195421155,627617.6921642937,627617.2305110143,True,True,False,False,285.3425726535749,283.7508107278818,3.1522957996141416
2285,627618.0021412,627618.6474783027,627618.1668005399,627618.5945188216,627618.2197828434,627618.6920520761,627618.2316145902,True,True,False,False,285.8495912560433,284.13556894420697,3.4071608933985824
2286,627619.0021412,627619.6467042817,627619.1669714998,627619.5936687525,627619.2200288012,627619.6919574153,627619.2327257693,True,True,False,False,286.3504900090154,284.51439855633254,3.6625194683505566
2287,627620.0021412,627620.645934565,627620.1671449002,627620.5928200543,627620.220280153,627620.6918809081,627620.2338445501,True,True,False,False,286.8449683841676,284.88708099820514,3.918213576345508
2288,627621.0021412,627621.6451694123,627621.1673208536,627621.5919730032,627621.220536977,627621.6918231342,627621.2349708928,True,True,False,False,287.3328351362033,285.2534250245279,4.17412368907296
2289,627622.0021412,627622.6444090798,627622.1674994635,627622.5911278806,627622.220799358,627622.6917846573,627622.2361047203,True,True,False,False,287.8138170575556,285.61321206924754,4.430073929161787
2290,627623.0021412,627623.643653824,627623.1676808298,627623.5902849799,627623.2210673617,627623.6917660276,627623.237245919,True,True,False,False,288.2876409406577,285.96625088706713,4.685930254149526
2291,627624.0021412,627624.642903904,627624.1678650496,627624.5894445868,627624.221341062,627624.6917677834,627624.23839434,True,True,False,False,288.7541155402129,286.31232291193334,4.941603871576967
2292,627625.0021412,627625.6421595833,627625.16805222,627625.5886070012,627625.221620518,627625.6917904522,627625.239549801,True,True,False,False,289.2129403278977,286.65126421930603,5.196962873415765
2293,627626.0021412,627626.6414211311,627626.1682424387,627626.5877725192,627626.2219057967,627626.6918345501,627626.240712086,True,True,False,False,289.6638967376586,286.98285624313183,5.4518433351258375
2294,627627.0021412,627627.640688821,627627.1684358048,627627.586941462,627627.2221969572,627627.6919005807,627627.2418809449,True,True,False,False,290.1067115619289,287.30688041735726,5.706142803869637
2295,627628.0021412,627628.6399629316,627628.1686324175,627628.5861141509,627628.2224940537,627628.6919890344,627628.2430560943,True,True,False,False,290.54116623465507,287.6231728174422,5.959760107470081
2296,627629.0021412,627629.639243746,627629.1688323768,627629.5852909005,627629.2227971408,627629.6921003854,627629.2442372157,True,True,False,False,290.96696022751365,287.93148755657654,6.212592366202797
2297,627630.0021412,627630.6385315505,627630.1690357826,627630.5844720622,627630.2231062839,627630.6922350917,627630.2454239549,True,True,False,False,291.3838749744512,288.23171535173367,6.464445346563262
2298,627631.0021412,627631.6378266385,627631.1692427362,627631.5836579645,627631.2234215256,627631.6923935935,627631.2466159237,True,True,False,False,291.7916645886576,288.5236103161033,6.715274225435048
2299,627632.0021412,627632.6371293084,627632.1694533415,627632.58284896,627632.2237429197,627632.6925763132,627632.2478126998,True,True,False,False,292.19005586256617,288.8070085251455,6.964912516957137
2300,627633.0021412,627633.6364398662,627633.1696677073,627633.5820454158,627633.2240705242,627633.6927836544,627633.2490138288,True,True,False,False,292.5788302301233,289.0817460543201,7.213250938102807
2301,627634.0021412,627634.6357586253,627634.1698859476,627634.5812476999,627634.2244043894,627634.6930160027,627634.2502188261,True,True,False,False,292.95771448376223,289.34760433757367,7.460151177541367
2302,627635.0021412,627635.6350859071,627635.1701081824,627635.5804561956,627635.2247445836,627635.6932737215,627635.2514271783,True,True,False,False,293.32649005742957,289.60441945036615,7.705500964038333
2303,627636.0021412,627636.6344220364,627636.1703345363,627636.5796712867,627636.2250911632,627636.6935571507,627636.2526383428,True,True,False,False,293.68491106431514,289.85205478891413,7.949159424942076
2304,627637.0021412,627637.6337673396,627637.1705651351,627637.5788933634,627637.2254441906,627637.6938666017,627637.2538517478,True,True,False,False,294.03275893836553,290.0902917871642,8.191010447036703
2305,627638.0021412,627638.633122141,627638.1708000991,627638.578122828,627638.2258037145,627638.6942023537,627638.255066788,True,True,False,False,294.369760472014,290.3190484828462,8.430907181255062
2306,627639.0021412,627639.6324867622,627639.171039538,627639.5773600697,627639.2261697763,627639.6945646529,627639.2562828225,True,True,False,False,294.69572441996365,290.5381063099069,8.668695948340824
2307,627640.0021412,627640.6318615214,627640.1712835468,627640.5766054889,627640.2265423865,627640.6949537131,627640.257499174,True,True,False,False,295.0104322161612,290.7473286645627,8.90427941809832
2308,627641.0021412,627641.6312467356,627641.171532206,627641.5758594812,627641.2269215502,627641.6953697181,627641.2587151318,True,True,False,False,295.3136379737964,290.9465789430303,9.13749281221382
2309,627642.0021412,627642.6306427196,627642.17178558,627642.5751224515,627642.2273072454,627642.6958128195,627642.2599299529,True,True,False,False,295.60515044757256,291.1356932207696,9.368260998606456
2310,627643.0021412,627643.630049781,627643.1720437163,627643.5743949111,627643.2276993004,627643.6962831323,627643.2611428639,True,True,False,False,295.8847237506795,291.3145075732406,9.596410661226038
2311,627644.0021412,627644.6294682154,627644.172306644,627644.5736774678,627644.2280974516,627644.6967807282,627644.2623530591,True,True,False,False,296.1521939585772,291.48285807590304,9.821914479315886
2312,627645.0021412,627645.6288983035,627645.1725743685,627645.5729702357,627645.2285018612,627645.6973056279,627645.2635596993,True,True,False,False,296.4073151844555,291.6406354457303,10.044587183994764
2313,627646.0021412,627646.628340306,627646.1728468717,627646.572273593,627646.2289124035,627646.6978577967,627646.264761911,True,True,False,False,296.6498961830177,291.78770307893905,10.264295586573857
2314,627647.0021412,627647.6277944671,627647.1731241113,627647.5715878881,627647.2293289275,627647.6984371415,627647.2659587867,True,True,False,False,296.87974570896694,291.9239243717458,10.480899668175178
2315,627648.0021412,627648.6272610144,627648.1734060217,627648.5709076806,627648.2297570284,627648.699043511,627648.2671493881,True,True,False,False,297.0967271585199,292.0498730600408,10.6925271031925
2316,627649.0021412,627649.6267401632,627649.1736925186,627649.5702448831,627649.230184925,627649.6996766957,627649.2683327487,True,True,False,False,297.3006219656231,292.16404650220676,10.902558835264978
2317,627650.0021412,627650.6262321202,627650.1739835006,627650.5695940478,627650.2306181865,627650.7003364321,627650.2695078796,True,True,False,False,297.4912935264932,292.2670184341339,11.109107170860748
2318,627651.0021412,627651.6257370862,627651.1742788537,627651.5689554977,627651.2310565705,627651.7010224038,627651.270673774,True,True,False,False,297.66860523734675,292.3587068935521,11.312064534500385
2319,627652.0021412,627652.6252552597,627652.1745784534,627652.568329565,627652.2314998059,627652.7017342453,627652.2718294128,True,True,False,False,297.832365852887,292.4390025974348,11.511315666741643
2320,627653.0021412,627653.6247868373,627653.1748821668,627653.5677165918,627653.2319476308,627653.7024715436,627653.2729737691,True,True,False,False,297.98249341084386,292.5078235835118,11.706712864743722
2321,627654.0021412,627654.6243320147,627654.175189853,627654.5671111201,627654.2324055464,627654.7032338392,627654.2741058129,True,True,False,False,298.118851307434,292.56582554994355,11.896386364221328
2322,627655.0021412,627655.623890986,627655.1755013634,627655.5665250719,627655.2328616868,627655.7040206278,627655.2752245143,True,True,False,False,298.24130293887396,292.61147853435597,12.083677835225895
2323,627656.0021412,627656.6234639427,627656.175816542,627656.5659529944,627656.2333215323,627656.7048313587,627656.2763288475,True,True,False,False,298.3497936636505,292.6454655556659,12.266771301211842
2324,627657.0021412,627657.6230510734,627657.1761352243,627657.5653940244,627657.2337859997,627657.7056654373,627657.2774177929,True,True,False,False,298.44418687798003,292.6678685761436,12.445116078177337
2325,627658.0021412,627658.6226525637,627658.1764572377,627658.5648493759,627658.2342538444,627658.7065222242,627658.2784903413,True,True,False,False,298.52442794034937,292.67855099200546,12.618911095381957
2326,627659.0021412,627659.6222685976,627659.1767824036,627659.56431963,627659.2347245023,627659.7074010395,627659.2795454969,True,True,False,False,298.590462209245,292.6774035202249,12.78805219244086
2327,627660.0021412,627660.621899358,627660.1771105384,627660.5638051404,627660.2351976314,627660.708301164,627660.2805822827,True,True,False,False,298.642207722397,292.66445348155855,12.952465944820469
2328,627661.0021412,627661.6215450282,627661.1774414573,627661.5633062555,627661.2356728725,627661.7092218434,627661.2815997454,True,True,False,False,298.6796644798054,292.63964623449306,13.111987574207056
2329,627662.0021412,627662.6212057935,627662.1777749758,627662.5628233264,627662.2361498848,627662.710162292,627662.2825969597,True,True,False,False,298.7027778399567,292.6029817790284,13.266545363614336
2330,627663.0021412,627663.6208818406,627663.1781109117,627663.5623567101,627663.236628304,627663.7111216956,627663.283573034,True,True,False,False,298.71152048209433,292.5544874359214,13.416007831900785
2331,627664.0021412,627664.6205733558,627664.1784490852,627664.5619067617,627664.2371077859,627664.7120992136,627664.2845271148,True,True,False,False,298.70589240621825,292.4941632051718,13.560248620566762
2332,627665.0021412,627665.6202805219,627665.1787893169,627665.5614738473,627665.2375879735,627665.7130939804,627665.2854583885,True,True,False,False,298.68592093308513,292.4220090867798,13.69917466828482
2333,627666.0021412,627666.6200035147,627666.1791314234,627666.5610583221,627666.2380685017,627666.7141051062,627666.286366082,True,True,False,False,298.65163338345167,292.3381070430153,13.832694621274815
2334,627667.0021412,627667.6197425013,627667.1794752113,627667.5606605206,627667.2385490048,627667.7151316805,627667.2872494627,True,True,False,False,298.6030843988312,292.2424570738785,13.960691512547207
2335,627668.0021412,627668.6194976433,627668.1798204756,627668.5602807937,627668.2390290899,627668.7161727794,627668.2881078396,True,True,False,False,298.5402739792238,292.1351411416393,14.083084233605605
